,Unnamed: 0,par1,par1_type,par2,par2_type,alkalinity,dic,opt_k_bisulfate,opt_k_carbonic,opt_k_fluoride,opt_total_borate,opt_gas_constant,opt_pH_scale,buffers_mode,salinity,temperature,pressure,total_ammonia,total_borate,total_calcium,total_fluoride,total_phosphate,total_silicate,total_sulfate,total_sulfide,peng_correction,gas_constant,total_alpha,total_beta,pH,pCO2,fCO2,bicarbonate,carbonate,aqueous_CO2,xCO2,alkalinity_borate,hydroxide,alkalinity_phosphate,alkalinity_silicate,alkalinity_ammonia,alkalinity_sulfide,hydrogen_free,revelle_factor,saturation_calcite,saturation_aragonite,pH_total,pH_sws,pH_free,pH_nbs,gamma_dic,beta_dic,omega_dic,gamma_alk,beta_alk,omega_alk,isocapnic_quotient,isocapnic_quotient_approx,psi,substrate_inhibitor_ratio,alkalinity_alpha,alkalinity_beta,HCO3,CO3,CO2,BOH4,BOH3,OH,Hfree,H3PO4,H2PO4,HPO4,PO4,H3SiO4,H4SiO4,NH3,NH4,HS,H2S,HSO4,SO4,HF,F,alpha,alphaH,beta,betaH,k_CO2,k_carbonic_1,k_carbonic_2,k_water,k_borate,k_bisulfate,k_fluoride,k_phosphoric_1,k_phosphoric_2,k_phosphoric_3,k_silicate,k_ammonia,k_sulfide,k_calcite,k_aragonite,fugacity_factor,vp_factor,fH,k_alpha,k_beta,datetime,longitude,latitude,datenum,dayofyear,month,year,distance_to_shore
0,0,2289.51592583618,1,2107.33717878273,2,2289.51592583618,2107.33717878273,1,4,1,1,3,1,auto,34.7470660240964,12.5437440448,0.0,0.0,412.6958670347678,10210.24635499562,67.83207036581497,0.0568999999999999,0.3368,28031.385543814733,0.0,0.0,83.14462618,0.0,0.0,8.007801777213489,439.6814233199336,438.0432402947576,1955.1194128802963,134.4879433224379,17.72982257999562,445.9525997590616,63.47609102324839,1.885614689611976,0.0607189948416648,0.008214658921301,0.0,0.0,0.0083701170953886,12.656760678466672,3.2087474491858625,2.0495402457146907,8.007801777213489,7.999433344997382,8.077268466316728,8.118289120070381,0.0001664989354162,0.0001907987442543,-0.0002234035367274,-0.0001907987442543,-0.000201370048668,0.0002131814803021,1.1459457309885597,1.1477337313614198,0.7452833462494626,0.2335832809265529,0.0,0.0,1955.1194128802963,134.4879433224379,17.72982257999565,63.47609102324839,349.2197760115194,1.885614689611976,0.0083701170953886,2.3471968104538756e-10,0.0005939462470113,0.0518931119601533,0.0044129415581155,0.008214658921301,0.3285853410786989,0.0,0.0,0.0,0.0,0.0014518442237896,28031.384091970507,0.0001910942967433,67.83187927151822,0.0,0.0,0.0,0.0,0.0404750512028565,1.0830964217526352e-06,6.756290069135898e-10,1.8520434686034067e-14,1.7852932689458423e-09,0.1616054693410416,0.002971102654442,0.0248539751012674,8.581452359893325e-07,8.352503826080683e-10,2.455497939381525e-10,2.0703596569842143e-10,1.9424880528192876e-07,4.279411374202049e-07,6.699819805782585e-07,0.996274159110916,0.9859375717452568,0.7605788157509361,1e-07,1e-07,2014-05-18 14:33:00,2.78233333333333,54.6388333333333,16208.60625,138,5,2014,194.7329135621805
1,1,2287.59099199907,1,2109.02865439306,2,2287.59099199907,2109.02865439306,1,4,1,1,3,1,auto,34.7458160240964,12.367624496,0.0,0.0,412.68102060619634,10209.879048934876,67.82963015725466,0.0703999999999999,1.0218999999999998,28030.37713545285,0.0,0.0,83.14462618,0.0,0.0,8.002421043676303,445.4362435883988,443.7728706055004,1958.8017063650132,132.16464503459656,18.062302993449887,451.71537069529313,62.54077363934888,1.829921018991339,0.075000703299548,0.024437632038817,0.0,0.0,0.008483671512196,12.776717733158153,3.1532583908323266,2.013408897804454,8.002421043676303,7.994072155616798,8.071416155714468,8.112546218161418,0.0001650681104834,0.0001887733956783,-0.0002204290107429,-0.0001887733956783,-0.0001989863847324,0.0002103676635253,1.1436091145981615,1.144751149133284,0.7488493004034464,0.2308908004687656,0.0,0.0,1958.8017063650132,132.16464503459656,18.06230299344997,62.54077363934888,350.1402469668474,1.829921018991339,0.008483671512196,2.9924457978959004e-10,0.0007479943529696,0.0643033070967787,0.0053486982510069,0.024437632038817,0.9974623679611828,0.0,0.0,0.0,0.0,0.0014607369166789,28030.37567471593,0.000193020385557,67.82943713686909,0.0,0.0,0.0,0.0,0.0407016836536329,1.0784407921539555e-06,6.709710410560345e-10,1.819748214473189e-14,1.776233971032687e-09,0.1627948858363833,0.0029812533109678,0.0248571299456529,8.548973016359294e-07,8.271680381528197e-10,2.4363605454664945e-10,2.0400898284726448e-10,1.9283555043335003e-07,4.279335446380789e-07,6.701992038577436e-07,0.9962657439603512,0.9860993724937248,0.7612476017894454,1e-07,1e-07,2014-05-19 13:33:00,2.80783333333333,54.713,16209.564583333333,139,5,2014,198.77480244692765
2,2,2290.97703569311,1,2126.80960001205,2,2290.97703569311,2126.80960001205,1,4,1,1,3,1,auto,34.7403320240964,12.459536192,0.0,0.0,412.6158863547679,10208.267603785178,67.81892447425892,0.0976,1.5681,28025.953046287577,0.0,0.0,83.14462618,0.0,0.0,7.966816446196227,489.86988716255024,488.0427404464948,1983.290304236221,123.71228578258491,19.80700999324424,496.8178388375183,58.433763572049145,1.701278859512702,0.1033707945134065,0.0347504514689481,0.0,0.0,0.0092033343379782,13.291197228779088,2.9517398901906717,1.8850530930154648,7.966816446196227,7.958457842049732,8.03605480067239,8.077140659497381,0.000160016405099,0.0001814888195413,-0.0002096170922391,-0.0001814888195413,-0.000190355455204,0.0002001329497865,1.13418883163265,1.1332833729720038,0.7633747963476469,0.2154969309386089,0.0,0.0,1983.290304236221,123.71228578258491,19.807009993244183,58.433763572049145,354.1821227827187,1.701278859512702,0.0092033343379782,4.902140848105181e-10,0.0011287783775956,0.08957164726076,0.0068995738714303,0.0347504514689481,1.533349548531052,0.0,0.0,0.0,0.0,0.001590693907306,28025.95145559367,0.0002097575792997,67.81871471667964,0.0,0.0,0.0,0.0,0.0405845807175073,1.080813901183785e-06,6.733022973706582e-10,1.836365221628417e-14,1.780823082754977e-09,0.1621507445279615,0.0029756174150803,0.0248545812327154,8.565356298334305e-07,8.314483226456688e-10,2.44626124675209e-10,2.0559037378386343e-10,1.935701296932151e-07,4.278453272056426e-07,6.699483021586249e-07,0.996270138736964,0.98601509218907,0.7608817763209581,1e-07,1e-07,2014-05-20 14:24:00,2.68733333333333,54.783,16210.6,140,5,2014,194.14477785895295
3,3,2321.12540028739,1,2111.33792871224,2,2321.12540028739,2111.33792871224,1,4,1,1,3,1,auto,34.8034820240964,12.9470966144,0.0,0.0,413.3659279261963,10226.823905973995,67.9422038107252,0.0832,0.1858999999999999,28076.897836730142,0.0,0.0,83.14462618,0.0,0.0,8.057291111512454,391.0433494438154,389.5938834328717,1943.3799012412812,152.39328484920213,15.564742621755784,396.7722740803951,70.67128948444253,2.2016640138091748,0.0897549307012325,0.0051565698854897,0.0,0.0,0.0074495677183928,11.886004641685131,3.634890395656328,2.323774269665208,8.057291111512454,8.048873771241311,8.127868927649494,8.168522632035026,0.0001776322652026,0.0002065189704522,-0.0002466253953417,-0.0002065189704522,-0.000219902753922,0.0002351414625637,1.1626208235122053,1.1697560994212024,0.7202513145757394,0.2608714994889059,0.0,0.0,1943.3799012412812,152.39328484920213,15.56474262175584,70.67128948444253,342.69463844175385,2.2016640138091748,0.0074495677183928,2.6806495010205013e-10,0.0007602063823288,0.0751246557299148,0.0073151376196912,0.0051565698854897,0.1807434301145102,0.0,0.0,0.0,0.0,0.0013145637856116,28076.896522166364,0.0001715196304894,67.94203229109472,0.0,0.0,0.0,0.0,0.0399511986292191,1.0942704001107308e-06,6.872535819023584e-10,1.9295673080165945e-14,1.8073597000677061e-09,0.159110378859913,0.0029509087037649,0.0248542330848049,8.660837135000201e-07,8.533926431501454e-10,2.500387254727099e-10,2.140653525813061e-10,1.975276398048615e-07,4.2876101311558723e-07,6.706758521903516e-07,0.9962933367540832,0.9855611770004402,0.7591911541788987,1e-07,1e-07,2014-05-21 15:04:00,2.943,55.1686666666667,16211.627777777778,141,5,2014,227.59895616247516
4,4,2319.07965479265,1,2096.77861768114,2,2319.07965479265,2096.77861768114,1,4,1,1,3,1,auto,34.8679660240964,12.014393184,0.0,0.0,414.1318136061964,10245.77219719084,68.06808733776705,0.0596,0.3714999999999999,28128.918800576525,0.0,0.0,83.14462618,0.0,0.0,8.097267138725925,350.4491458996264,349.1345375050491,1922.7841020313235,159.6335732450845,14.36094240473188,355.273807651044,74.75958028804907,2.20161541028529,0.064530665306721,0.0108279317684861,0.0,0.0,0.0068332588024568,11.54171797567411,3.8055142328618015,2.428718098408769,8.097267138725925,8.088947665734278,8.165372130521211,8.2064592027641,0.0001816695419261,0.0002126836682308,-0.0002564670139689,-0.0002126836682308,-0.0002274191847799,0.0002443485631673,1.1707172593485695,1.1803904622437504,0.7083544160892221,0.2813861083879915,0.0,0.0,1922.7841020313235,159.6335732450845,14.360942404731771,74.75958028804907,339.3722333181474,2.20161541028529,0.0068332588024568,1.6220631935860707e-10,0.0005049066860887,0.0536595208344824,0.0054355723172224,0.0108279317684861,0.3606720682315138,0.0,0.0,0.0,0.0,0.0011601653549074,28128.917640411168,0.0001546000950771,68.06793273767197,0.0,0.0,0.0,0.0,0.0411329755782878,1.0702381883737075e-06,6.63630860580837e-10,1.7598445911148508e-14,1.7608542478664862e-09,0.1656765333121423,0.0030085738324584,0.0248814802155398,8.495100669021067e-07,8.097134423489085e-10,2.399749232454418e-10,1.9792604976110643e-10,1.9006263711719358e-07,4.297892811355333e-07,6.734290107873347e-07,0.9962487898459488,0.986419877718212,0.7629366234863533,1e-07,1e-07,2014-05-22 15:03:00,2.94233333333333,55.4336666666667,16212.627083333333,142,5,2014,243.6052192864905
5,5,2307.88147269298,1,2088.15341448261,2,2307.8814726929795,2088.15341448261,1,4,1,1,3,1,auto,34.8430990240964,12.1321780896,0.0,0.0,413.8364646947678,10238.46515734081,68.0195428047519,0.0763,0.4937,28108.85792798848,0.0,0.0,83.14462618,0.0,0.0,8.09189745517165,353.87473824303777,352.5492843291376,1915.955972141219,157.74833094595846,14.449111395432304,358.7851237261943,74.14069575702104,2.199533182943833,0.082570353639772,0.0142889697517248,0.0,0.0,0.0069134467519426,11.576989585361844,3.7612084285205554,2.400884236142267,8.09189745517165,8.083566902096262,8.16030537778639,8.201374665951965,0.0001803710195198,0.0002109723769721,-0.0002540788448051,-0.0002109723769721,-0.0002254503251713,0.0002420617789906,1.1696578393453068,1.1787954232195743,0.709901761629248,0.2771346971903471,0.0,0.0,1915.955972141219,157.74833094595846,14.449111395432276,74.14069575702104,339.6957689377467,2.199533182943833,0.0069134467519426,2.1250507255983015e-10,0.0006531974473521,0.0687232508280084,0.0069235515121343,0.0142889697517248,0.4794110302482751,0.0,0.0,0.0,0.0,0.0011794228385319,28108.85674856564,0.0001567339226976,68.0193860708292,0.0,0.0,0.0,0.0,0.0409846567209096,1.0731166432385387e-06,6.663183793521682e-10,1.780053531833541e-14,1.7663186905563823e-09,0.1647662551889202,0.0030002975463562,0.0248758381477625,8.514551188771891e-07,8.153194029411408e-10,2.412100727640433e-10,1.9991798003818187e-10,1.909903467312613e-07,4.294100741059308e-07,6.727108145014113e-07,0.9962544545550752,0.9863138542864897,0.7624164114077009,1e-07,1e-07,2014-05-23 15:42:00,2.841,55.4495,16213.654166666667,143,5,2014,239.5041297797027
6,6,2313.64125330008,1,2106.40107664895,2,2313.64125330008,2106.40107664895,1,4,1,1,3,1,auto,34.6319990240964,13.238912144,0.0,0.0,411.32919983762497,10176.434509802257,67.60744038308864,0.0891,0.5273,27938.557923832857,0.0,0.0,83.14462618,0.0,0.0,8.05043324266918,397.5669058658857,396.09874273372,1939.8639389766631,150.84125340739106,15.69588426489593,403.505837417723,69.76826674708386,2.2249178988716154,0.0961282768974582,0.0145728432304602,0.0,0.0,0.0075557197257729,11.939170703428656,3.6020983764601424,2.30351200832622,8.05043324266918,8.041997480642186,8.121724160306554,8.162546112101415,0.0001764277544037,0.0002049100893076,-0.000244359217294,-0.0002049100893076,-0.0002180569918456,0.0002330065453433,1.161439083097678,1.168244894705968,0.7220016349594449,0.2567411192291428,0.0,0.0,1939.8639389766631,150.84125340739106,15.69588426489593,69.76826674708386,341.56093309054114,2.2249178988716154,0.0075557197257729,2.953061908986369e-10,0.0008232543762535,0.0804252134641161,0.0078515318643241,0.0145728432304602,0.5127271567695397,0.0,0.0,0.0,0.0,0.0013479030994768,27938.55657592976,0.000174634623554,67.6072657484651,0.0,0.0,0.0,0.0,0.0396261905720001,1.1004042002099457e-06,6.92333936237312e-10,1.980982993338636e-14,1.8186808754847014e-09,0.1566105924916375,0.0029250874827984,0.0248215131779943,8.698110720206083e-07,8.69218443071318e-10,2.530607143586587e-10,2.1954091344438867e-10,1.9984077601409005e-07,4.26147755071949e-07,6.663851245959791e-07,0.9963071294151908,0.9852816712892084,0.7576198913002035,1e-07,1e-07,2014-06-04 14:51:00,2.69733333333333,54.4458333333333,16225.61875,155,6,2014,184.380369215538
7,7,2357.25044736687,1,2123.55006700511,2,2357.25044736687,2123.5500670051097,1,4,1,1,3,1,auto,34.427,19.8,0.0,0.0,408.89439714285714,10116.196602604385,67.20724808432628,0.09505,1.0903,27773.17973977073,0.0,0.0,83.14462618,0.0,0.0,8.00109342455464,465.3122045899993,463.7301258377841,1936.6960552108485,171.69511032162976,15.158901472631928,475.9500589582466,73.31529972104609,3.71917478979751,0.1046096443867678,0.0352738307539805,0.0,0.0,0.0081029462213098,11.232282049415575,4.123166964310117,2.67579725208368,8.00109342455464,7.991976118362626,8.091357043465573,8.127316997377923,0.0001890577584913,0.0002228326256882,-0.0002712999248029,-0.0002228326256882,-0.0002392585979198,0.0002582989487021,1.178648406002637,1.1937529655111188,0.6968588680172749,0.2390113425802517,0.0,0.0,1936.6960552108485,171.69511032162976,15.158901472631957,73.31529972104609,335.57909742181107,3.71917478979751,0.0081029462213098,3.448271242159821e-10,0.0008476614064026,0.0837950317659453,0.0104073064828248,0.0352738307539805,1.0550261692460194,0.0,0.0,0.0,0.0,0.0018719082892874,27773.17786786244,0.0002116187111758,67.2070364656151,0.0,0.0,0.0,0.0,0.0326890590626292,1.2743840087092974e-06,8.843069425857325e-10,3.7098227896946144e-14,2.179246153847785e-09,0.1202220044358219,0.0025733783139901,0.0245204008509644,9.86057941101128e-07,1.238872605435478e-09,3.335001012384473e-10,3.7614705525177677e-10,2.573864889274048e-07,4.21254221998277e-07,6.491155076741733e-07,0.9965999629139124,0.9776492214508148,0.7322495626864887,1e-07,1e-07,2014-08-07 18:08:00,2.80356666666667,51.6073833333333,16289.755555555555,219,8,2014,38.12037005438845
8,8,2365.52158230317,1,2124.45341712241,2,2365.52158230317,2124.45341712241,1,4,1,1,3,1,auto,34.338,20.0435204896,0.0,0.0,407.8373314285715,10090.044411079369,67.03350523483302,0.09815,1.1167,27701.38106440431,0.0,0.0,83.14462618,0.0,0.0,8.01165723436971,454.0979185842481,452.558629107,1932.9447549863964,176.8075174462409,14.701144689772743,464.6414777435599,74.93363796908885,3.892352113484823,0.1084189251068948,0.0373255110090584,0.0,0.0,0.0078957922622328,11.07571603813354,4.249826895794415,2.7593005624928018,8.01165723436971,8.002522084388183,8.10260428644693,8.138512508549546,0.0001918118349917,0.0002269376966584,-0.0002778125897367,-0.0002269376966584,-0.0002442541727697,0.0002644316220603,1.1831266650891816,1.2003846222028978,0.6904360784136703,0.244806941569634,0.0,0.0,1932.9447549863964,176.8075174462409,14.701144689772825,74.93363796908885,332.9036934594826,3.892352113484823,0.0078957922622328,3.37127082936659e-10,0.0008481160825075,0.0861848417167089,0.0111170418636564,0.0373255110090584,1.0793744889909418,0.0,0.0,0.0,0.0,0.0018393602624552,27701.37922504405,0.0002069418736929,67.03329829295932,0.0,0.0,0.0,0.0,0.032484508623295,1.2800032000742695e-06,8.90479754790872e-10,3.789264197995034e-14,2.1912956159480793e-09,0.1189132657711766,0.0025576312252721,0.0244908817574454,9.89278009530998e-07,1.2557440191110891e-09,3.366482634154825e-10,3.83755458128951e-10,2.59628627750482e-07,4.197807927213893e-07,6.465391003412715e-07,0.9966102256490248,0.97730818348264,0.7311552046808131,1e-07,1e-07,2014-08-07 18:13:00,2.80053333333333,51.60555,16289.759027777778,219,8,2014,38.07985168779479
9,9,2328.90502483662,1,2091.43145211335,2,2328.90502483662,2091.43145211335,1,4,1,1,3,1,auto,35.152,18.86,0.0,0.0,417.5053257142858,10329.234117836271,68.6225690492996,0.02955,1.0487,28358.056589665688,0.0,0.0,83.14462618,0.0,0.0,8.017559539485996,436.948736715943,435.4456144499443,1904.655768289588,172.21871311835696,14.556970705405584,446.3541934111944,76.17531743591026,3.579810808404737,0.0324746876795651,0.0340339765939677,0.0,0.0,0.0078442106242445,11.04448003792308,4.110155776835295,2.6641301284823404,8.017559539485996,8.008481583960302,8.105450753642819,8.14082597768161,0.000189364410541,0.0002239133520137,-0.000273882320491,-0.0002239133520137,-0.0002407929725206,0.0002604250100988,1.1824468566928654,1.1978902560805578,0.6914079382761553,0.242810380741531,0.0,0.0,1904.655768289588,172.21871311835696,14.556970705405556,76.17531743591026,341.33000827837554,3.579810808404737,0.0078442106242445,9.976015845984184e-11,0.0002565042916815,0.0261123034377912,0.003181192170767,0.0340339765939677,1.0146660234060323,0.0,0.0,0.0,0.0,0.0017595307378222,28358.05483013495,0.0002028569074019,68.6223661923922,0.0,0.0,0.0,0.0,0.0334300546895943,1.2565678643268343e-06,8.683689855325826e-10,3.4379577519871064e-14,2.143286665107721e-09,0.1264237959586726,0.0026535369233476,0.0246932336676756,9.7766711734581e-07,1.1699981677665667e-09,3.221291586659516e-10,3.4743654559533006e-10,2.489810664210263e-07,4.328029164485058e-07,6.677179122197601e-07,0.9965599574053102,0.9789282663093818,0.7373193070892159,1e-07,1e-07,2014-08-08 18:33:00,3.4376,52.7086333333333,16290.772916666667,220,8,2014,81.2344295112858
10,10,2331.09633986379,1,2091.92443508784,2,2331.09633986379,2091.92443508784,1,4,1,1,3,1,auto,35.15,18.9681461824,0.0,0.0,417.4815714285714,10328.646428139078,68.61866471560312,0.0308499999999999,0.8687999999999999,28356.443136286667,0.0,0.0,83.14462618,0.0,0.0,8.018951243457229,435.7224781005745,434.2255935506876,1904.0441945735329,173.40815496290452,14.472085551402085,445.16650764657976,76.55533182933767,3.627942740272125,0.0339318141702194,0.0284044528482958,0.0,0.0,0.0078131372713032,11.008129053568874,4.138975029862245,2.6835310965181645,8.018951243457229,8.009862224504822,8.107174545376099,8.142454952609603,0.0001900345122143,0.0002249032254132,-0.0002754432678335,-0.0002249032254132,-0.0002419904748595,0.0002618876535451,1.1834862141225486,1.1994329481726953,0.6899225154750324,0.2436977783005123,0.0,0.0,1904.0441945735329,173.40815496290452,14.472085551402165,76.55533182933767,340.9262395992338,3.627942740272125,0.0078131372713032,1.0320853208780123e-10,0.0002661591960015,0.0272358671281518,0.003347973572638,0.0284044528482958,0.8403955471517041,0.0,0.0,0.0,0.0,0.0017598779970893,28356.44137640867,0.0002024569118209,68.6184622586913,0.0,0.0,0.0,0.0,0.0333284950641959,1.2594898150354256e-06,8.718489511928643e-10,3.473035164173315e-14,2.1496302827913675e-09,0.1258909818555463,0.0026480966253553,0.0246873589292873,9.795993478992406e-07,1.176764534204453e-09,3.2355747817926345e-10,3.5049670994724217e-10,2.499788192355904e-07,4.3273310600943693e-07,6.674308796688348e-07,0.9965645918557788,0.9787853996565642,0.7368978202793333,1e-07,1e-07,2014-08-08 18:33:00,3.4376,52.7086333333333,16290.772916666667,220,8,2014,81.2344295112858
11,11,2322.95633651221,1,2090.1495514247,2,2322.95633651221,2090.1495514246994,1,4,1,1,3,1,auto,34.73,18.3,0.0,0.0,412.4931714285714,10205.231591728883,67.79875463934272,0.04195,0.3349,28017.617926692343,0.0,0.0,83.14462618,0.0,0.0,8.022922043167796,430.88676273145455,429.3940958017647,1906.3116385652545,169.2193443629959,14.618568496449448,439.8375125439993,74.74492424912287,3.4139844515145183,0.0460498141057317,0.0107349124815624,0.0,0.0,0.0077836560447284,11.17028867046344,4.049114389599339,2.619181680173633,8.022922043167796,8.01393593857201,8.108816363538377,8.145543396569135,0.00018711687881,0.0002207164811172,-0.0002690236564209,-0.0002207164811172,-0.0002370420781081,0.0002559756692691,1.1795647860355076,1.1939824688839844,0.6955406126711852,0.2449121116877101,0.0,0.0,1906.3116385652545,169.2193443629959,14.618568496449528,74.74492424912287,337.7482471794485,3.4139844515145183,0.0077836560447284,1.407194844487259e-10,0.0003656983867063,0.0371187886986971,0.004465512773877,0.0107349124815624,0.3241650875184375,0.0,0.0,0.0,0.0,0.0017022310700482,28017.61622446127,0.0001983191461969,67.79855632019652,0.0,0.0,0.0,0.0,0.0340446425308983,1.2369923368733614e-06,8.42042603785775e-10,3.2384671471744755e-14,2.099261587531336e-09,0.128113915743668,0.0026609666935617,0.0246516938699909,9.628279917862125e-07,1.1411835361400682e-09,3.1413058659971964e-10,3.3268846450269437e-10,2.436609572380211e-07,4.264939028298913e-07,6.593366974491101e-07,0.9965358255142774,0.97964987169745,0.7385714947651248,1e-07,1e-07,2014-08-09 03:57:00,2.79903333333333,52.77795,16291.164583333333,221,8,2014,73.10336106148047
12,12,2329.6194149251,1,2085.21044423327,2,2329.6194149251,2085.21044423327,1,4,1,1,3,1,auto,34.723,18.3392185952,0.0,0.0,412.4100314285715,10203.174677788713,67.78508947140504,0.05875,0.3661,28011.97083986577,0.0,0.0,83.14462618,0.0,0.0,8.043982270965918,408.0856121838483,406.672625092381,1894.611663096722,176.768723140475,13.83005799607327,416.5840760547616,77.8058792334602,3.596524646320627,0.0648101941029496,0.0123173438054321,0.0,0.0,0.00741326453089,10.908603784750754,4.23010646636486,2.736489082969779,8.043982270965918,8.034992627785963,8.129990502474227,8.166696869574517,0.0001911528262808,0.0002268885867489,-0.0002790581226143,-0.0002268885867489,-0.0002446176958485,0.0002653523709688,1.186948637712544,1.204662632069469,0.6849928770754117,0.2555704919475268,0.0,0.0,1894.611663096722,176.768723140475,13.830057996073188,77.8058792334602,334.6041521951113,3.596524646320627,0.00741326453089,1.7785550918763143e-10,0.0004851116439699,0.0517195820755439,0.0065453061026305,0.0123173438054321,0.3537826561945678,0.0,0.0,0.0,0.0,0.0016235990130541,28011.969216266763,0.0001890067156991,67.78490046468934,0.0,0.0,0.0,0.0,0.0340078410562593,1.2379808711810287e-06,8.43146317320562e-10,3.250130279968348e-14,2.1013520491560572e-09,0.1279011234681078,0.0026586748332509,0.024648591408892,9.634541170950634e-07,1.1436488143382471e-09,3.1462864107008863e-10,3.3376078524673916e-10,2.4401548486243657e-07,4.263727577811683e-07,6.590934972101463e-07,0.9965375228891168,0.979599643002686,0.738406920292924,1e-07,1e-07,2014-08-09 03:55:00,2.79436666666667,52.7780333333333,16291.163194444445,221,8,2014,72.79869172459144
13,13,2306.72872042024,1,2168.64327314348,2,2306.72872042024,2168.64327314348,1,4,1,1,3,1,auto,34.864,8.07,0.0,0.0,414.0847085714285,10244.606801440706,68.06034499700677,,,28125.719303086724,0.0,0.0,83.14462618,0.0,0.0,,,,,,,,,,,,,,,,,,,,,,,,,,,,,,,,,,,,,,,,,,,,,,,,,,,,,,,,,,,0.0468535631346331,9.677987748818522e-07,5.671923807759641e-10,1.1766709720128314e-14,1.5680456116297907e-09,0.1963860196025573,0.0032531023008994,0.0249010347031502,7.767644035428067e-07,6.484465741431741e-10,2.0035640480502038e-10,1.4165726679823804e-10,1.602805307355655e-07,4.295254206154777e-07,6.775562053524395e-07,0.9960523307774466,0.9895731356916504,0.7780280687156479,1e-07,1e-07,2014-08-13 11:28:00,2.70511666666667,55.7326,16295.477777777778,225,8,2014,250.59250773069164
14,14,2300.83717178312,1,2048.21549478371,2,2300.83717178312,2048.21549478371,1,4,1,1,3,1,auto,34.858,16.5319503232,0.0,0.0,414.0134457142857,10242.843732349133,68.04863199591732,0.02525,1.1447,28120.878942949657,0.0,0.0,83.14462618,0.0,0.0,8.089541409207232,355.357456950068,354.09882954957914,1855.404125854908,180.13049440639742,12.680874522404302,361.9438349408701,81.74351146597864,3.369311339227797,0.0278876395506266,0.039650308045277,0.0,0.0,0.0067569046858162,10.65891434410614,4.300940626391484,2.7709779531044245,8.089541409207232,8.080731599590115,8.170252207272451,8.208217276009215,0.0001921598606256,0.0002293906991751,-0.0002845153489749,-0.0002293906991751,-0.0002481442851526,0.0002702372350406,1.1937493003396509,1.2135870443334489,0.6753936521101638,0.2745937988069714,0.0,0.0,1855.404125854908,180.13049440639742,12.680874522404356,81.74351146597864,332.2699342483071,3.369311339227797,0.0067569046858162,6.376977848282175e-11,0.0001939827274666,0.0222243948031307,0.0028316224056328,0.039650308045277,1.105049691954723,0.0,0.0,0.0,0.0,0.0013799879789971,28120.87756296168,0.0001667447195418,68.04846525119778,0.0,0.0,0.0,0.0,0.035811681553805,1.1905507243139192e-06,7.899640247743106e-10,2.741572494980768e-14,2.001800692211547e-09,0.1376896699582242,0.0027574905819017,0.0247517975271888,9.322351475322028e-07,1.0367259931158743e-09,2.9195999575879327e-10,2.8783230890372976e-10,2.2787752333299405e-07,4.289872067319203e-07,6.658474144727298e-07,0.9964581370789536,0.9818027623211816,0.745614462929598,1e-07,1e-07,2014-08-13 11:35:00,2.7091,55.7339,16295.482638888889,225,8,2014,250.8811939072397
15,15,2316.6713353269,1,2120.52377975344,2,2316.6713353269,2120.52377975344,1,4,1,1,3,1,auto,34.581,16.44,0.0,0.0,410.7234771428572,10161.448709288125,67.5078817789551,0.23005,2.9928,27897.415649955317,0.0,0.0,83.14462618,0.0,0.0,7.977496809301948,485.4032132512693,483.6819896877931,1957.7384708682728,145.3901070785399,17.395201806626442,494.34781940173656,65.26626158690428,2.5687505155061867,0.2480697200220901,0.08031532619132,0.0,0.0,0.0087544842696606,12.212900812088394,3.4779256000217464,2.23925098472838,7.977496809301948,7.968718898654386,8.057769433297013,8.096375506381714,0.0001736298208247,0.0002005296151912,-0.000237292406988,-0.0002005296151912,-0.0002126335912681,0.0002262926236267,1.154926119480408,1.1603082666826197,0.7317125020081663,0.2236269334166238,0.0,0.0,1957.7384708682728,145.3901070785399,17.395201806626606,65.26626158690428,345.4572155559529,2.5687505155061867,0.0087544842696606,1.0032297425240363e-09,0.0023538724541899,0.2073225320598407,0.0203735944827395,0.08031532619132,2.91248467380868,0.0,0.0,0.0,0.0,0.0017773298638187,27897.41387262545,0.0002150329433314,67.50766674601176,0.0,0.0,0.0,0.0,0.035964129691608,1.1853002999351348e-06,7.821379739152091e-10,2.7053603275457228e-14,1.989746089119589e-09,0.1374125737061357,0.0027483919322005,0.024710738126254,9.276128759337152e-07,1.0349618562835207e-09,2.9042765588356946e-10,2.8607165812086524e-10,2.2695196665200341e-07,4.247860034462076e-07,6.597626286611618e-07,0.9964540334375884,0.9819062494069616,0.7453210588379647,1e-07,1e-07,2014-08-14 15:39:00,2.66783333333333,53.8365166666667,16296.652083333332,226,8,2014,135.02066377686222
16,16,2313.04645772952,1,2114.70313078343,2,2313.04645772952,2114.70313078343,1,4,1,1,3,1,auto,34.574,16.8981291872,0.0,0.0,410.6403371428571,10159.391795347952,67.49421661101742,0.16685,2.63,27891.76856312874,0.0,0.0,83.14462618,0.0,0.0,7.976011439737231,486.8186390680458,485.102319312725,1950.6129280301943,146.87677393161565,17.213428821620003,496.0595041932685,65.76410440505751,2.674765531648251,0.1802207977883755,0.0716759631756836,0.0,0.0,0.0087575139176536,12.123325285080991,3.514700719903502,2.265297859748914,7.976011439737231,7.967185391907508,8.057619163818392,8.095866855668055,0.0001744325984048,0.0002017711806831,-0.0002392719449546,-0.0002017711806831,-0.0002141428114115,0.0002281306787879,1.1567286305905031,1.1626883615795354,0.7290140030328565,0.2227359209898711,0.0,0.0,1950.6129280301943,146.87677393161565,17.213428821619978,65.76410440505751,344.8762327377996,2.674765531648251,0.0087575139176536,7.254432964010012e-10,0.0016949049509425,0.1500893901334094,0.0150657041902046,0.0716759631756836,2.558324036824316,0.0,0.0,0.0,0.0,0.0018103826846756,27891.76675274605,0.0002169649732357,67.49399964604419,0.0,0.0,0.0,0.0,0.035484119816222,1.1975461819617382e-06,7.957388957836705e-10,2.826664588823749e-14,2.015181671720413e-09,0.1349231505541489,0.0027243090552506,0.0246905313762795,9.358219012759808e-07,1.060786546951609e-09,2.9607827829178556e-10,2.970108568614923e-10,2.309887813439715e-07,4.245535568812245e-07,6.587119153387738e-07,0.9964744165124686,0.9813714583691912,0.743564310239092,1e-07,1e-07,2014-08-14 15:37:00,2.66906666666667,53.8361666666667,16296.650694444445,226,8,2014,135.04204160691003
17,17,2358.8287949353,1,2117.66086637436,2,2358.8287949353,2117.66086637436,1,4,1,1,3,1,auto,34.324,19.27,0.0,0.0,407.67105142857145,10085.930583199026,67.00617489895767,0.1196499999999999,1.588,27690.086890751165,0.0,0.0,83.14462618,0.0,0.0,8.024487208215817,437.3008459483572,435.804176538645,1926.868047130672,176.32610255763782,14.466716686050004,446.9676446298418,75.404375954803,3.72878401792144,0.1320543809895675,0.0529792211286177,0.0,0.0,0.0077084290484068,11.069500506109758,4.235279508918132,2.744333439526917,8.024487208215817,8.015432805804492,8.113034120668136,8.149708858792398,0.0001913059098922,0.0002263786819279,-0.0002771984248705,-0.0002263786819279,-0.0002436815064798,0.000263848245988,1.1833334477508848,1.2004518807810989,0.6901406816492182,0.249968967091798,0.0,0.0,1926.868047130672,176.32610255763782,14.466716686050004,75.404375954803,332.26667547376843,3.72878401792144,0.0077084290484068,3.9276662688993103e-10,0.001019441380545,0.1052067350710425,0.0134238231556458,0.0529792211286177,1.5350207788713823,0.0,0.0,0.0,0.0,0.0017433331559713,27690.085147418013,0.00019912328519,67.00597577567247,0.0,0.0,0.0,0.0,0.0331954521430961,1.258910310294861e-06,8.649229580793334e-10,3.5243580258143506e-14,2.1449765853116276e-09,0.1224361826493723,0.0025939247114823,0.0245324245046069,9.754254366309751e-07,1.205994898791279e-09,3.262151318003222e-10,3.6057684764935255e-10,2.5238893130402213e-07,4.199044777700276e-07,6.480308860387385e-07,0.996577483387972,0.978372486694221,0.734047133423368,1e-07,1e-07,2014-08-15 09:32:00,5.35923333333333,53.7507833333333,16297.397222222222,227,8,2014,51.83454357885186
18,18,2356.1256096594,1,2111.87866003519,2,2356.1256096594,2111.87866003519,1,4,1,1,3,1,auto,34.165,19.402698272,0.0,0.0,405.7825857142857,10039.209252272309,66.69578037008765,0.1334499999999999,1.2594,27561.81734711903,0.0,0.0,83.14462618,0.0,0.0,8.030733618057598,429.96015461558216,428.491036762462,1919.3028728203717,178.39243763300638,14.183349581812143,439.54614742164057,76.03710838979566,3.8198618626047582,0.1476109437154459,0.0427934678860765,0.0,0.0,0.0075934916567826,10.992838164780794,4.290438174510571,2.780212298228844,8.030733618057598,8.02167831823998,8.119558479890948,8.15643895241447,0.0001921140499276,0.000227771901291,-0.0002796832776094,-0.0002277719012911,-0.0002454823014681,0.0002661790487176,1.1856077230004125,1.2038458630048885,0.6868985931861242,0.2527563023139715,0.0,0.0,1919.3028728203717,178.39243763300638,14.18334958181209,76.03710838979566,329.74547732449,3.8198618626047582,0.0075934916567826,4.250221611485784e-10,0.0011175532189363,0.1170539485716148,0.0152784977844266,0.0427934678860765,1.2166065321139234,0.0,0.0,0.0,0.0,0.0017232998512848,27561.81562381918,0.0001962994774629,66.6955840706102,0.0,0.0,0.0,0.0,0.033100691414637,1.2607561289073863e-06,8.65962944567448e-10,3.5588856975093844e-14,2.148390023981618e-09,0.1214474758001098,0.0025799985192519,0.0244975707437886,9.758526289139148e-07,1.2160767047779702e-09,3.277130381011164e-10,3.6473379451926687e-10,2.535387940248571e-07,4.174210040038594e-07,6.441662787987836e-07,0.996583130233466,0.9781911572600752,0.7332285481699329,1e-07,1e-07,2014-08-15 09:30:00,5.35756666666667,53.75085,16297.395833333334,227,8,2014,51.88871987477291
19,19,2365.99481511624,1,2139.66940976437,2,2365.99481511624,2139.66940976437,1,4,1,1,3,1,auto,34.357,18.57,0.0,0.0,408.0629971428571,10095.627463202683,67.07059640494955,0.2434499999999999,2.8635,27716.708871505005,0.0,0.0,83.14462618,0.0,0.0,8.004371544751171,463.0820688571748,461.4832727495884,1957.3306319055196,166.71634914065683,15.622428718193616,472.8713532197463,71.55104642833989,3.3351153322825025,0.2665713724306801,0.0888585765891616,0.0,0.0,0.0081131215899047,11.475022100074836,4.000844561162046,2.5880388904401617,8.004371544751171,7.995387145236792,8.090812015279514,8.128062467632848,0.0001864632060055,0.0002186881620202,-0.0002643786207907,-0.0002186881620202,-0.0002341309456572,0.0002519204450557,1.1728220634249438,1.185577140323594,0.7052885193509089,0.241254936243166,0.0,0.0,1957.3306319055196,166.71634914065683,15.622428718193616,71.55104642833989,336.5119507145172,3.3351153322825025,0.0081131215899047,8.93713818531517e-10,0.0022185551556255,0.2158915145769272,0.0253399293737333,0.0888585765891616,2.7746414234108387,0.0,0.0,0.0,0.0,0.0017867246686615,27716.707084780337,0.0002069339766883,67.07038947097286,0.0,0.0,0.0,0.0,0.0338526435099426,1.2403495581915715e-06,8.432230189323805e-10,3.301712942831948e-14,2.104960510368965e-09,0.1258554373791964,0.0026295837617799,0.0245753783335948,9.633715088341554e-07,1.161979007897181e-09,3.170450241966749e-10,3.4066855621796555e-10,2.459510177166296e-07,4.206877141111537e-07,6.503403635727621e-07,0.9965474886308338,0.9792982080730478,0.736757690094437,1e-07,1e-07,2014-08-16 08:46:00,6.3088,54.564,16298.365277777777,228,8,2014,116.52281688887884
20,20,2364.86360938792,1,2142.21785748467,2,2364.86360938792,2142.21785748467,1,4,1,1,3,1,auto,34.36,18.6597536064,0.0,0.0,408.0986285714286,10096.508997748471,67.07645290549425,0.16205,4.5775,27719.129051573535,0.0,0.0,83.14462618,0.0,0.0,7.995860459327201,473.61609543932434,471.98276122874097,1961.8580616717288,164.4228938435656,15.936901969375306,483.6856722429427,70.55465998347735,3.298346090910335,0.1771853873610733,0.1398755962613861,0.0,0.0,0.0082684658021225,11.56333325594182,3.94604370680393,2.5531708297798152,7.995860459327201,7.986866470999657,8.082575065475655,8.119737992065437,0.0001852595449831,0.0002168542631247,-0.0002614412350562,-0.0002168542631247,-0.0002318853302217,0.0002491553171508,1.170542997633281,1.182398152535329,0.7086087431591976,0.2372699009250421,0.0,0.0,1961.8580616717288,164.4228938435656,15.936901969375306,70.55465998347735,337.54396858795127,3.298346090910335,0.0082684658021225,6.185768622099373e-10,0.0015055015794086,0.1439036076243788,0.0166408901776356,0.1398755962613861,4.437624403738614,0.0,0.0,0.0,0.0,0.0018273062318472,27719.127224267304,0.0002112569163037,67.07624164857796,0.0,0.0,0.0,0.0,0.0337658560407714,1.2428056612276076e-06,8.461244499014161e-10,3.329935062028521e-14,2.110254775418567e-09,0.1254276111600887,0.0026253228529041,0.0245712406208383,9.650059851461008e-07,1.1674664621252946e-09,3.18222549125669e-10,3.4315031693246075e-10,2.467752910982275e-07,4.206991484318823e-07,6.502100085761077e-07,0.996551354089712,0.9791815689786224,0.7364249245673776,1e-07,1e-07,2014-08-16 08:41:00,6.3074,54.5651333333333,16298.361805555556,228,8,2014,116.67767275229984
21,21,2362.28923780895,1,2132.36049778734,2,2362.28923780895,2132.36049778734,1,4,1,1,3,1,auto,34.46,17.4,0.0,0.0,409.28634285714287,10125.893482608042,67.27166959031817,0.05225,3.2631,27799.801720524567,0.0,0.0,83.14462618,0.0,0.0,8.02876957063018,432.35577452299583,430.841044896635,1948.8575928716427,168.4275639635709,15.075340952126805,440.8336095889219,73.26404974989984,3.1627560056676,0.0571966178533192,0.1020667704954521,0.0,0.0,0.0077306969101491,11.386136780295493,4.03505492120887,2.6032446067469595,8.02876957063018,8.019899575555947,8.11178135335342,8.149844243265488,0.0001872769086594,0.0002200734276035,-0.000266795489548,-0.0002200734276035,-0.0002359003712107,0.0002541801564928,1.1751231327922598,1.1884600870356057,0.7019493057274053,0.2520933902237326,0.0,0.0,1948.8575928716427,168.4275639635709,15.075340952126696,73.26404974989984,336.02229310724306,3.1627560056676,0.0077306969101491,1.7467193491208948e-10,0.0004600463109488,0.0463832890007673,0.0054066645136119,0.1020667704954521,3.161033229504548,0.0,0.0,0.0,0.0,0.0016283241585109,27799.800092200407,0.0001931126821688,67.271476477636,0.0,0.0,0.0,0.0,0.0349904938972175,1.2098830477731737e-06,8.088416216289256e-10,2.96003003937261e-14,2.040578277803389e-09,0.1319834429479126,0.0026930152360073,0.0246495417983069,9.43605400335672e-07,1.090933581896302e-09,3.0219393339357536e-10,3.09606933027038e-10,2.3540620295763605e-07,4.226657642913381e-07,6.55136120443732e-07,0.9964965666804568,0.9807686281592012,0.7414046956595,1e-07,1e-07,2014-08-17 15:45:00,6.69631666666667,55.6630666666667,16299.65625,229,8,2014,88.76156649319582
22,22,2362.68787616291,1,2129.17626257798,2,2362.68787616291,2129.17626257798,1,4,1,1,3,1,auto,34.455,17.5400013408,0.0,0.0,409.2269571428571,10124.424258365065,67.26190875607698,0.0541499999999999,2.9416999999999995,27795.768087077013,0.0,0.0,83.14462618,0.0,0.0,8.033708248832555,426.7185764577326,425.2262189253022,1943.5835214933009,170.7737488083298,14.818992276349404,435.16170445398313,74.1717470790224,3.2416161113024957,0.0593802359231129,0.0935580637371739,0.0,0.0,0.0076360396124555,11.294056533384383,4.091841011987017,2.640737295578625,8.033708248832555,8.024823895075741,8.117131827341462,8.155085736815229,0.0001885218350275,0.0002219854740159,-0.0002698929174977,-0.0002219854740159,-0.0002382451379818,0.0002570749867216,1.1775053748205375,1.191838068072863,0.6985060474181002,0.254527689762507,0.0,0.0,1943.5835214933009,170.7737488083298,14.81899227634954,74.1717470790224,335.0552100638347,3.2416161113024957,0.0076360396124555,1.7621891057769802e-10,0.0004692903696404,0.0479811828089494,0.0056995266451912,0.0935580637371739,2.848141936262826,0.0,0.0,0.0,0.0,0.0016171560747079,27795.766469920934,0.0001912413486209,67.26171751472836,0.0,0.0,0.0,0.0,0.034849667346012,1.2136020119458822e-06,8.130357736349304e-10,2.9995308525534835e-14,2.0483958361034302e-09,0.1312486637142995,0.0026856803878858,0.024642279618586,9.460651806839172e-07,1.0991566447704566e-09,3.0395643898654593e-10,3.1316740950481976e-10,2.3665868110247842e-07,4.2254473721289406e-07,6.547360420977239e-07,0.9965027125258556,0.9805977228468564,0.7408634305113904,1e-07,1e-07,2014-08-17 15:43:00,6.69483333333333,55.6631666666667,16299.65486111111,229,8,2014,88.85557999147521
23,23,2329.82180480488,1,2193.1987568289,2,2329.82180480488,2193.1987568289,1,4,1,1,3,1,auto,34.856,10.76,0.0,0.0,413.98969142857146,10242.256042651945,68.04472766222086,0.45505,2.259,28119.265489570644,0.0,0.0,83.14462618,0.0,0.0,7.918127207375869,562.3701522640769,560.2262557978571,2061.400259223947,107.80174357163344,23.996754033319377,569.4869927923737,51.02925093151218,1.2841672480140076,0.4752961581920916,0.0416482506319124,0.0,0.0,0.0104004003895172,14.531481779312074,2.570022038069647,1.6364216517198995,7.918127207375869,7.909948327992548,7.982949941123258,8.02475393274611,0.0001509273995685,0.0001682745307205,-0.0001901271620152,-0.0001682745307205,-0.0001747045203613,0.0001816454295117,1.1149369246512455,1.11085373119402,0.793823449362935,0.1982039327352888,0.0,0.0,2061.400259223947,107.80174357163344,23.996754033319256,51.02925093151218,362.9604404970593,1.2841672480140076,0.0104004003895172,2.994169778030313e-09,0.0061734539481366,0.4224569249291258,0.0264196181285677,0.0416482506319124,2.2173517493680874,0.0,0.0,0.0,0.0,0.0016742006230684,28119.26381537002,0.000229549672417,68.04449811254844,0.0,0.0,0.0,0.0,0.0428340403274099,1.037248030641619e-06,6.314460508141882e-10,1.550580728120605e-14,1.6975895478084515e-09,0.1746813364591311,0.0030829493992412,0.0248957138154446,8.262795670766337e-07,7.551216032128653e-10,2.2679577723622616e-10,1.7810638831946424e-10,1.8025540978340706e-07,4.296200745166748e-07,6.747240592572949e-07,0.9961877484827592,0.9875030674653328,0.767705046147504,1e-07,1e-07,2014-08-18 10:25:00,5.29595,55.7724166666667,16300.434027777777,230,8,2014,177.5824857998983
24,24,2305.37555226469,1,2077.43720676987,2,2305.37555226469,2077.43720676987,1,4,1,1,3,1,auto,34.816,16.676094096,0.0,0.0,413.5146057142858,10230.502248708111,67.96664098829129,0.09055,0.4951999999999999,28086.996421990232,0.0,0.0,83.14462618,0.0,0.0,8.039095982408824,408.7608016186515,407.3156512315171,1898.101166278589,164.8077700890624,14.528270402218608,416.4082478868276,74.51416405893839,3.0396155894861283,0.098975310654418,0.0154175012433196,0.0,0.0,0.0075822113912381,11.269176498626178,3.936576369825007,2.5369020664869675,8.039095982408824,8.030274183313653,8.120204111657346,8.158138038379741,0.0001843468515222,0.0002169323613003,-0.0002635110980135,-0.0002169323613003,-0.0002326250073239,0.0002507650742145,1.1767619544843553,1.1893907345849182,0.699579080015702,0.2503360917201536,0.0,0.0,1898.101166278589,164.8077700890624,14.5282704022185,74.51416405893839,339.0004416553474,3.0396155894861283,0.0075822113912381,2.9103515509438016e-10,0.0007878196916079,0.0805490490892604,0.0092131309280963,0.0154175012433196,0.4797824987566802,0.0,0.0,0.0,0.0,0.0015569009000742,28086.99486508933,0.000187540054148,67.96645344823713,0.0,0.0,0.0,0.0,0.0356683332896548,1.1940141105888563e-06,7.935281629381678e-10,2.7779388457059867e-14,2.008827232593756e-09,0.1367855413286568,0.0027478717541084,0.0247391855206201,9.344102710026696e-07,1.0453238101946326e-09,2.936794835364634e-10,2.9131164107955416e-10,2.2913006909377875e-07,4.283077740914433e-07,6.646162202215165e-07,0.9964645573122184,0.9816347387281952,0.7449654730261133,1e-07,1e-07,2014-08-18 10:19:00,5.2617,55.7735333333333,16300.429861111112,230,8,2014,179.73256772038076
25,25,2318.30336087092,1,2109.0174163293,2,2318.30336087092,2109.0174163293,1,4,1,1,3,1,auto,34.77011478125,9.041895267,0.0,0.0,412.9696204161608,10217.01911355174,67.87706538542334,0.1361035336294949,0.5958494606009789,28049.979591370586,0.0,0.0,83.14462618,0.0,0.0,8.118258156982586,330.31015358124483,329.02259868780027,1943.888247565047,150.20409400571748,14.92507475853535,334.03040570072,72.14666957606107,1.7059894315673858,0.1460694275973582,0.0159543406093874,0.0,0.0,0.0066263100128344,11.968604580048064,3.583578511475024,2.2748628252329848,8.118258156982586,8.110279238799516,8.178728249451074,8.221529238970637,0.000176212473411,0.0002046109347089,-0.000243921387266,-0.0002046109347089,-0.0002177353244652,0.0002326587921307,1.161160335293817,1.1670141040095978,0.7224150181584748,0.2933590857958564,0.0,0.0,1943.888247565047,150.20409400571748,14.925074758535269,72.14666957606107,340.8229508400996,1.7059894315673858,0.0066263100128344,3.6329395364626597e-10,0.0011873051730851,0.1237630282255795,0.0111531998675363,0.0159543406093874,0.5798951199915914,0.0,0.0,0.0,0.0,0.0009899513843831,28049.978601419203,0.0001412199999215,67.87692416542342,0.0,0.0,0.0,0.0,0.045361853009669,9.919656234809198e-07,5.885079296922441e-10,1.2993261511311396e-14,1.6122385408499406e-09,0.1877545271399259,0.0031849139108322,0.0248912113928878,7.939084238569398e-07,6.863575270751253e-10,2.0954207902372147e-10,1.540187022411942e-10,1.673044174226819e-07,4.282417964266872e-07,6.746068740355651e-07,0.9961019820932394,0.9888625344999028,0.7740161097414144,1e-07,1e-07,2015-05-01 13:17:00,2.505,52.4236666666667,16556.553472222222,121,5,2015,50.36396535267298
26,26,2298.89234547926,1,2108.58068321483,2,2298.89234547926,2108.58068321483,1,4,1,1,3,1,auto,35.132,17.262531,0.0,0.0,417.2677828571428,10323.357220864356,68.58352571233482,0.03,0.1764999999999999,28341.92205587548,0.0,0.0,83.14462618,0.0,0.0,7.948491918688558,518.6894097421816,516.8690785792428,1949.0069876563728,141.48290987863774,18.09078567981885,528.7666047500479,64.27105156837901,2.6231123624835924,0.0322641066084161,0.004602596141445,0.0,0.0,0.0092998062073325,12.2844646768194,3.373169582693719,2.1778668818999654,7.948491918688558,7.939582882717489,8.031526101334563,8.0683382180063,0.0001716461187921,0.0001977916428768,-0.0002333335330869,-0.0001977916428768,-0.0002093662205809,0.0002223796658658,1.1523222562135762,1.1565202672861112,0.7356255936354246,0.2095750109415899,0.0,0.0,1949.0069876563728,141.48290987863774,18.09078567981888,64.27105156837901,352.9967312887639,2.6231123624835924,0.0092998062073325,1.4622219137871342e-10,0.0003216238409279,0.0270926452710614,0.0025857307417884,0.004602596141445,0.1718974038585549,0.0,0.0,0.0,0.0,0.0019594078546183,28341.920096467624,0.0002333539398143,68.58329235839501,0.0,0.0,0.0,0.0,0.0350007118428258,1.213009071836992e-06,8.173323121393661e-10,2.9534183953086725e-14,2.049995006071141e-09,0.1345173562612852,0.0027332357383861,0.0247652677193394,9.484430488777024e-07,1.074583009054858e-09,3.0146828664940425e-10,3.05134547939126e-10,2.3446650631353455e-07,4.32998870503913e-07,6.706464162081068e-07,0.9964905179694268,0.9809420736534034,0.7434378440669641,1e-07,1e-07,2015-08-09 08:09:00,3.41518333333333,52.6519166666667,16656.339583333334,221,8,2015,81.06528745861901
27,27,2338.93808719347,1,2098.55376052188,2,2338.93808719347,2098.55376052188,1,4,1,1,3,1,auto,35.126,17.18,0.0,0.0,417.19652,10321.594151772784,68.57181271124539,0.4095,1.1485,28337.08169573842,0.0,0.0,83.14462618,0.0,0.0,8.046834061411673,405.296293628282,403.8724390582301,1910.9747124215528,173.40875859812982,14.170289502197589,413.12867049896886,77.40498505464915,3.263549637100504,0.4492988373612472,0.0371876386199588,0.0,0.0,0.0074196162302966,11.042179166783251,4.134290839762054,2.668735730431568,8.046834061411673,8.03793422419282,8.129618557439946,8.166511658493588,0.0001900488779275,0.000224830904938,-0.000275196289192,-0.000224830904938,-0.0002418910964762,0.0002617529353743,1.1830162187212492,1.19860163930798,0.6905938974884456,0.2575570828877151,0.0,0.0,1910.9747124215528,173.40875859812982,14.170289502197503,77.40498505464915,339.7915349453508,3.263549637100504,0.0074196162302966,1.2469339309927618e-09,0.0034400590225124,0.3628210408529258,0.0432388988776276,0.0371876386199588,1.1113123613800413,0.0,0.0,0.0,0.0,0.0015581012494235,28337.08013763717,0.0001858745932561,68.57162683665213,0.0,0.0,0.0,0.0,0.0350860522575892,1.2107156484041005e-06,8.146705699137358e-10,2.9299226902524995e-14,2.045136569060711e-09,0.1349400494905008,0.0027371957969207,0.0247678546110345,9.468746932080348e-07,1.0699121006028723e-09,3.004196912191748e-10,3.0309390896537824e-10,2.3372724359274706e-07,4.329291039223668e-07,6.706751845838228e-07,0.9964868798643448,0.981041313687508,0.7437424425015569,1e-07,1e-07,2015-08-09 08:13:00,3.41528333333333,52.6525333333333,16656.34236111111,221,8,2015,81.0742921330033
28,28,2324.44184621556,1,2086.30057263726,2,2324.44184621556,2086.30057263726,1,4,1,1,3,1,auto,34.221,17.863381,0.0,0.0,406.4477057142857,10055.664563793667,66.80510171358902,0.0803,3.7905,27606.994041731607,0.0,0.0,83.14462618,0.0,0.0,8.045852544562598,406.7206521554525,405.3039845427486,1899.5029309259935,172.7862530542517,14.011388657014312,414.9383126326064,75.73744427477465,3.424364352845213,0.088448381293953,0.1253364910587884,0.0,0.0,0.0074119157247062,11.070491767396028,4.147960009967695,2.677929014133953,8.045852544562598,8.036953015697822,8.130069527359495,8.168230254836777,0.0001884559978429,0.0002229360282387,-0.0002728583710395,-0.0002229360282387,-0.0002399022497492,0.0002596635670742,1.1829606422211216,1.1991226997260376,0.6906733230319555,0.256276919689514,0.0,0.0,1899.5029309259935,172.7862530542517,14.011388657014312,75.73744427477465,330.710261439511,3.424364352845213,0.0074119157247062,2.4564927303548823e-10,0.0006712509429126,0.0708091160832738,0.0088196327281642,0.1253364910587884,3.665163508941212,0.0,0.0,0.0,0.0,0.0015861145703678,27606.99245561704,0.0001862886142712,66.80491542497477,0.0,0.0,0.0,0.0,0.0345700737998462,1.219849474562588e-06,8.184962128709023e-10,3.0812534500327394e-14,2.060679405565811e-09,0.1290075164281328,0.0026579853259584,0.0245876419924196,9.49186865008672e-07,1.1207500908475155e-09,3.077029312050193e-10,3.2188747851582876e-10,2.3945694611689175e-07,4.188759288356437e-07,6.488150331013267e-07,0.9965168535081852,0.9801954646583094,0.7391332863401411,1e-07,1e-07,2015-08-10 12:11:00,4.44723333333333,53.7786666666667,16657.50763888889,222,8,2015,90.76313366812504
29,29,2320.03318699122,1,2126.28779659804,2,2320.03318699122,2126.28779659804,1,4,1,1,3,1,auto,34.155,16.39,0.0,0.0,405.6638142857144,10036.270803786352,66.67625870160526,0.2252999999999999,5.575,27553.750080223926,0.0,0.0,83.14462618,0.0,0.0,7.977704686858302,487.32505562902287,485.59592853995775,1964.521909820209,144.23467173472952,17.531215043101266,496.2781087073935,64.12060713602723,2.5400327214263245,0.2429756515196738,0.1490589174792763,0.0,0.0,0.0087588359810894,12.318354967454942,3.4602674607758748,2.225978470252442,7.977704686858302,7.968966374423144,8.057553606226849,8.097086296823873,0.0001726113431716,0.0001990564229314,-0.0002350706361857,-0.0001990564229314,-0.0002109180048407,0.0002242828025931,1.1532059207338958,1.1583668414403203,0.7342956396956475,0.2242902954298561,0.0,0.0,1964.521909820209,144.23467173472952,17.531215043101238,64.12060713602723,341.5432071496871,2.5400327214263245,0.0087588359810894,9.899546760550303e-10,0.0023174405335121,0.2029894644434377,0.0199930940330953,0.1490589174792763,5.425941082520724,0.0,0.0,0.0,0.0,0.0017679382448945,27553.748312285683,0.0002139506740363,66.67604475093123,0.0,0.0,0.0,0.0,0.0361024753560277,1.1796146917759111e-06,7.728729487220998e-10,2.673835127319952e-14,1.976274590440861e-09,0.1365085928925796,0.0027296223415593,0.024642717622714,9.22062186526734e-07,1.0368163185723254e-09,2.8918662471980086e-10,2.8551282145619163e-10,2.263189162131501e-07,4.18342871247413e-07,6.503109729811577e-07,0.996451799329642,0.9819596050656156,0.7445263583147125,1e-07,1e-07,2015-08-10 12:14:00,4.44631666666667,53.7782333333333,16657.50972222222,222,8,2015,90.7779203663393
30,30,2367.01021292875,1,2132.62979778735,2,2367.01021292875,2132.62979778735,1,4,1,1,3,1,auto,34.165,17.949137,0.0,0.0,405.7825857142857,10039.209252272309,66.69578037008765,0.1135,3.1489,27561.81734711903,0.0,0.0,83.14462618,0.0,0.0,8.032112456612397,430.3957521184347,428.8982291385223,1946.00370443856,171.83106036879633,14.795032979993692,439.140069003176,73.78616398790668,3.341710758888586,0.1246900163593791,0.1013026223497816,0.0,0.0,0.0076463993125374,11.290227902811235,4.126956369632829,2.664651010303748,8.032112456612397,8.023208450249472,8.116543025869262,8.154745889251947,0.0001888916518023,0.0002225087575126,-0.0002706821420821,-0.0002225087575126,-0.0002388931723675,0.0002578823164522,1.1779703093782157,1.192861744271887,0.6978356619664616,0.254499356481132,0.0,0.0,1946.00370443856,171.83106036879633,14.795032979993584,73.78616398790668,331.9964217263791,3.341710758888586,0.0076463993125374,3.7072777507299867e-10,0.0009809403656946,0.1003481017970482,0.0121709574665293,0.1013026223497816,3.047597377650218,0.0,0.0,0.0,0.0,0.0016408592948842,27561.81570625973,0.00019237429913,66.69558799578851,0.0,0.0,0.0,0.0,0.0344954396517579,1.2215613083565828e-06,8.200598527013094e-10,3.1035332335441984e-14,2.064092107528831e-09,0.1284379771779875,0.002650983527979,0.0245739530810599,9.500667059365788e-07,1.1264271935022504e-09,3.0870995892302076e-10,3.242274942471323e-10,2.402038373805649e-07,4.1799520435338593e-07,6.473823267706419e-07,0.9965205907062478,0.9800876360369702,0.7386905803273613,1e-07,1e-07,2015-08-11 11:44:00,6.3311,54.5608166666667,16658.48888888889,223,8,2015,115.47450290797498
31,31,2362.41664858029,1,2160.16035385986,2,2362.41664858029,2160.16035385986,1,4,1,1,3,1,auto,34.204,16.63,0.0,0.0,406.2457942857143,10050.669201367542,66.77191487716898,0.1276,4.588299999999999,27593.27968800993,0.0,0.0,83.14462618,0.0,0.0,7.986815227435188,484.5925662659129,482.87832294565953,1991.9614733926644,150.89351521170713,17.305365255488628,493.63477790147095,65.75768967046126,2.656495568026969,0.1379999830263066,0.1264780124606306,0.0,0.0,0.0085626353941596,12.17998784407038,3.619398418358102,2.3298338055093923,7.986815227435188,7.978047405239327,8.067392548291165,8.106628478548535,0.0001773532438221,0.0002051655633089,-0.0002433232129277,-0.0002051655633089,-0.0002178533658548,0.0002322138845919,1.1568187809112809,1.163713938240244,0.7288792618187836,0.2326341577911088,0.0,0.0,1991.9614733926644,150.89351521170713,17.3053652554886,65.75768967046126,340.48810461525306,2.656495568026969,0.0085626353941596,5.333942209228142e-10,0.0012750253561223,0.1146499646612659,0.0116750094492174,0.1264780124606306,4.461821987539369,0.0,0.0,0.0,0.0,0.001745610457183,27593.277942399476,0.0002102239125085,66.77170465325646,0.0,0.0,0.0,0.0,0.03583794184407,1.1865469760943918e-06,7.808622253068641e-10,2.738380971158404e-14,1.99080798950984e-09,0.1353516057252241,0.0027196799582403,0.0246408274834105,9.269149272695852e-07,1.0497069873866791e-09,2.9220494785348483e-10,2.9110618829244044e-10,2.2844993546262278e-07,4.190146070496348e-07,6.509394800771234e-07,0.9964625059491468,0.981682385357859,0.743736210615592,1e-07,1e-07,2015-08-11 11:48:00,6.32973333333333,54.5611,16658.491666666665,223,8,2015,115.54689852511784
32,32,2284.3468574674,1,2056.52952690731,2,2284.3468574674,2056.52952690731,1,4,1,1,3,1,auto,34.833,16.252639,0.0,0.0,413.7165171428571,10235.49761113424,67.99982782471133,0.0071999999999999,0.3693,28100.7107757119,0.0,0.0,83.14462618,0.0,0.0,8.048132311029702,395.0245294388577,393.6204748195542,1878.3857951498128,163.92872624844983,14.21500550904736,402.2147312887752,75.1129114281035,2.9804315229497917,0.0078693404909609,0.0115312073619211,0.0,0.0,0.0074471008261395,11.214212268710456,3.9141418840250863,2.520063744940148,8.048132311029702,8.039354265543574,8.128012766213079,8.166251859055144,0.0001833859996252,0.000215997395551,-0.0002627159835121,-0.000215997395551,-0.0002317218348721,0.0002499154841816,1.1778292562812809,1.1904162618978995,0.6980389893816448,0.2522304772021632,0.0,0.0,1878.3857951498128,163.92872624844983,14.215005509047389,75.1129114281035,338.6036057147536,2.9804315229497917,0.0074471008261395,2.236800029371055e-11,6.187134155587903e-05,0.0064069167588233,0.0007312118772528,0.0115312073619211,0.3577687926380788,0.0,0.0,0.0,0.0,0.0015038193693014,28100.70927189253,0.000182758023575,67.99964506668776,0.0,0.0,0.0,0.0,0.0361134809249036,1.182784029812902e-06,7.81156332938367e-10,2.6677604949758003e-14,1.9855951636010264e-09,0.1391582124195022,0.0027708781428427,0.0247588268221955,9.268879529770672e-07,1.0215552136027363e-09,2.8849614585041077e-10,2.813522510968959e-10,2.2541725369309085e-07,4.28674313713645e-07,6.65813350666706e-07,0.9964456520679916,0.9821234746254104,0.7466247915222486,1e-07,1e-07,2015-08-13 11:30:00,3.6707,55.6195333333333,16660.479166666668,225,8,2015,278.9061240509079
33,33,2300.23244670774,1,2097.82372552449,2,2300.23244670774,2097.82372552449,1,4,1,1,3,1,auto,34.845,11.64,0.0,0.0,413.85904285714287,10239.02374931739,68.02325382689021,0.1647,0.5608999999999998,28110.391495986027,0.0,0.0,83.14462618,0.0,0.0,8.063878666642163,379.9471339914165,378.5150023083834,1935.515814684004,146.54871010685116,15.759200733634747,385.0485012744837,69.47335746664672,1.9628264766405537,0.176901794032704,0.0149243455270992,0.0,0.0,0.0073962865048238,12.065140502214293,3.4940037347578943,2.228266879224434,8.063878666642163,8.055602552990031,8.130986274222696,8.17233572843773,0.0001738747862189,0.0002014084895218,-0.0002393029856035,-0.0002014084895218,-0.0002139653679704,0.0002281920780449,1.1583536285023102,1.163511184509496,0.7265884534638132,0.2616875121619013,0.0,0.0,1935.515814684004,146.54871010685116,15.759200733634774,69.47335746664672,344.3856853904962,1.9628264766405537,0.0073962865048238,5.312016098222385e-10,0.0015312794143652,0.1494356455449606,0.0137330745094724,0.0149243455270992,0.5459756544729006,0.0,0.0,0.0,0.0,0.0012359102480858,28110.390260075776,0.0001660760611042,68.0230877508291,0.0,0.0,0.0,0.0,0.0416342830205588,1.0601904067529483e-06,6.535918218251433e-10,1.6943504444838714e-14,1.7413839191149684e-09,0.1682262125813264,0.0030294447170936,0.0248837824044091,8.424053051722101e-07,7.93295344641864e-10,2.3596269678667346e-10,1.9182533891926348e-10,1.870966740097137e-07,4.294545275635922e-07,6.734003620509518e-07,0.9962307080251184,0.98675136439648,0.7643052179623688,1e-07,1e-07,2015-08-13 11:34:00,3.66963333333333,55.6200833333333,16660.481944444444,225,8,2015,278.97273986858795
