,par1,par1_type,par2,par2_type,alkalinity,dic,opt_k_bisulfate,opt_k_carbonic,opt_k_fluoride,opt_total_borate,opt_gas_constant,opt_pH_scale,buffers_mode,salinity,temperature,pressure,total_ammonia,total_borate,total_calcium,total_fluoride,total_phosphate,total_silicate,total_sulfate,total_sulfide,peng_correction,gas_constant,total_alpha,total_beta,pressure_atmosphere,pressure_atmosphere_out,pH,pCO2,fCO2,bicarbonate,carbonate,aqueous_CO2,xCO2,alkalinity_borate,hydroxide,alkalinity_phosphate,alkalinity_silicate,alkalinity_ammonia,alkalinity_sulfide,hydrogen_free,revelle_factor,saturation_calcite,saturation_aragonite,pH_total,pH_sws,pH_free,pH_nbs,gamma_dic,beta_dic,omega_dic,gamma_alk,beta_alk,omega_alk,isocapnic_quotient,isocapnic_quotient_approx,psi,substrate_inhibitor_ratio,alkalinity_alpha,alkalinity_beta,HCO3,CO3,CO2,BOH4,BOH3,OH,Hfree,H3PO4,H2PO4,HPO4,PO4,H3SiO4,H4SiO4,NH3,NH4,HS,H2S,HSO4,SO4,HF,F,alpha,alphaH,beta,betaH,k_CO2,k_carbonic_1,k_carbonic_2,k_water,k_borate,k_bisulfate,k_fluoride,k_phosphoric_1,k_phosphoric_2,k_phosphoric_3,k_silicate,k_ammonia,k_sulfide,k_calcite,k_aragonite,fugacity_factor,vp_factor,fH,k_alpha,k_beta,datetime,longitude,latitude,total_nitrate,distance_to_shore,datenum,dayofyear,month,year
0,2289.51592583618,1,2107.33717878273,2,2289.51592583618,2107.33717878273,1,4,1,1,3,1,auto,34.7470660240964,12.5437440448,0.0,0.0,412.6958670347678,10210.246354995621,67.83207036581497,0.05689999999999999,0.3368,28031.385543814733,0.0,0.0,83.14462618,0.0,0.0,1.0,1.0,8.007801777213489,439.68142331993363,438.0432402947576,1955.1194128802963,134.4879433224379,17.72982257999562,445.9525997590616,63.47609102324839,1.8856146896119756,0.060718994841664806,0.008214658921301054,0.0,0.0,0.008370117095388607,12.656760678466673,3.2087474491858625,2.0495402457146907,8.007801777213489,7.999433344997382,8.077268466316728,8.118289120070381,0.0001664989354162322,0.00019079874425437108,-0.00022340353672749465,-0.0001907987442543703,-0.00020137004866804096,0.00021318148030213121,1.1459457309885597,1.1477337313614198,0.7452833462494626,0.23358328092655295,0.0,0.0,1955.1194128802963,134.4879433224379,17.72982257999565,63.47609102324839,349.2197760115194,1.8856146896119756,0.008370117095388607,2.347196810453876e-10,0.0005939462470113974,0.051893111960153365,0.004412941558115564,0.008214658921301054,0.3285853410786989,0.0,0.0,0.0,0.0,0.001451844223789649,28031.384091970507,0.0001910942967433392,67.83187927151822,0.0,0.0,0.0,0.0,0.04047505120285651,1.0830964217526352e-06,6.756290069135899e-10,1.8520434686034067e-14,1.7852932689458423e-09,0.16160546934104167,0.002971102654442044,0.024853975101267443,8.581452359893325e-07,8.352503826080684e-10,2.4554979393815255e-10,2.0703596569842143e-10,1.9424880528192874e-07,4.279411374202049e-07,6.699819805782585e-07,0.9962741591109161,0.9859375717452568,0.7605788157509361,1e-07,1e-07,2014-05-18 14:33:00,2.78233333333333,54.6388333333333,0.0399,194.7329135621805,16208.60625,138,5,2014
1,2287.59099199907,1,2109.02865439306,2,2287.59099199907,2109.0286543930597,1,4,1,1,3,1,auto,34.7458160240964,12.367624496,0.0,0.0,412.68102060619634,10209.879048934876,67.82963015725466,0.07039999999999999,1.0218999999999998,28030.37713545285,0.0,0.0,83.14462618,0.0,0.0,1.0,1.0,8.002421043676303,445.4362435883988,443.7728706055004,1958.8017063650134,132.16464503459656,18.062302993449887,451.71537069529313,62.54077363934888,1.829921018991339,0.07500070329954808,0.024437632038817,0.0,0.0,0.008483671512196079,12.776717733158153,3.1532583908323266,2.013408897804454,8.002421043676303,7.994072155616798,8.071416155714468,8.112546218161418,0.00016506811048346996,0.0001887733956783926,-0.00022042901074293414,-0.00018877339567839266,-0.00019898638473242873,0.00021036766352537973,1.1436091145981617,1.144751149133284,0.7488493004034464,0.2308908004687656,0.0,0.0,1958.8017063650134,132.16464503459656,18.06230299344997,62.54077363934888,350.1402469668474,1.829921018991339,0.008483671512196079,2.9924457978959e-10,0.0007479943529696872,0.06430330709677878,0.005348698251006941,0.024437632038817,0.9974623679611828,0.0,0.0,0.0,0.0,0.0014607369166789576,28030.37567471593,0.00019302038555708522,67.82943713686909,0.0,0.0,0.0,0.0,0.040701683653632977,1.0784407921539557e-06,6.709710410560346e-10,1.819748214473189e-14,1.776233971032687e-09,0.16279488583638335,0.0029812533109678497,0.02485712994565297,8.548973016359294e-07,8.271680381528197e-10,2.4363605454664945e-10,2.040089828472645e-10,1.9283555043334997e-07,4.2793354463807885e-07,6.701992038577436e-07,0.9962657439603513,0.9860993724937247,0.7612476017894454,1e-07,1e-07,2014-05-19 13:33:00,2.80783333333333,54.713,0.0862,198.77480244692765,16209.564583333333,139,5,2014
2,2290.97703569311,1,2126.80960001205,2,2290.97703569311,2126.80960001205,1,4,1,1,3,1,auto,34.7403320240964,12.459536192,0.0,0.0,412.6158863547679,10208.267603785178,67.81892447425892,0.0976,1.5681,28025.953046287577,0.0,0.0,83.14462618,0.0,0.0,1.0,1.0,7.966816446196227,489.86988716255024,488.04274044649475,1983.290304236221,123.71228578258493,19.807009993244236,496.8178388375183,58.433763572049145,1.701278859512702,0.10337079451340653,0.03475045146894814,0.0,0.0,0.009203334337978212,13.291197228779087,2.9517398901906713,1.8850530930154652,7.966816446196227,7.958457842049732,8.03605480067239,8.077140659497381,0.00016001640509907746,0.0001814888195413795,-0.00020961709223918986,-0.00018148881954137974,-0.0001903554552040278,0.0002001329497865162,1.13418883163265,1.1332833729720038,0.7633747963476469,0.21549693093860897,0.0,0.0,1983.290304236221,123.71228578258493,19.807009993244183,58.433763572049145,354.1821227827187,1.701278859512702,0.009203334337978212,4.90214084810518e-10,0.0011287783775956075,0.08957164726076,0.006899573871430304,0.03475045146894814,1.533349548531052,0.0,0.0,0.0,0.0,0.0015906939073060962,28025.95145559367,0.0002097575792997957,67.81871471667964,0.0,0.0,0.0,0.0,0.0405845807175073,1.080813901183785e-06,6.733022973706583e-10,1.8363652216284174e-14,1.780823082754977e-09,0.1621507445279615,0.002975617415080332,0.024854581232715486,8.565356298334305e-07,8.314483226456688e-10,2.44626124675209e-10,2.0559037378386343e-10,1.935701296932151e-07,4.278453272056426e-07,6.699483021586249e-07,0.9962701387369639,0.9860150921890701,0.7608817763209581,1e-07,1e-07,2014-05-20 14:24:00,2.68733333333333,54.783,0.0992,194.14477785895298,16210.6,140,5,2014
3,2321.12540028739,1,2111.33792871224,2,2321.12540028739,2111.3379287122393,1,4,1,1,3,1,auto,34.8034820240964,12.9470966144,0.0,0.0,413.3659279261963,10226.823905973995,67.9422038107252,0.0832,0.18589999999999998,28076.897836730146,0.0,0.0,83.14462618,0.0,0.0,1.0,1.0,8.057291111512454,391.0433494438154,389.59388343287173,1943.3799012412815,152.39328484920213,15.564742621755785,396.77227408039505,70.67128948444253,2.2016640138091748,0.0897549307012325,0.005156569885489741,0.0,0.0,0.0074495677183928155,11.886004641685131,3.6348903956563277,2.3237742696652077,8.057291111512454,8.048873771241311,8.127868927649494,8.168522632035026,0.00017763226520269183,0.0002065189704522922,-0.0002466253953417988,-0.00020651897045229214,-0.00021990275392201624,0.00023514146256371966,1.1626208235122053,1.1697560994212024,0.7202513145757394,0.2608714994889059,0.0,0.0,1943.3799012412815,152.39328484920213,15.564742621755839,70.67128948444253,342.69463844175385,2.2016640138091748,0.0074495677183928155,2.6806495010205013e-10,0.0007602063823288767,0.07512465572991488,0.007315137619691284,0.005156569885489741,0.18074343011451025,0.0,0.0,0.0,0.0,0.0013145637856116182,28076.896522166364,0.00017151963048940647,67.94203229109472,0.0,0.0,0.0,0.0,0.03995119862921919,1.0942704001107308e-06,6.872535819023584e-10,1.9295673080165945e-14,1.8073597000677063e-09,0.15911037885991303,0.0029509087037649724,0.024854233084804944,8.660837135000201e-07,8.533926431501454e-10,2.500387254727099e-10,2.1406535258130613e-10,1.975276398048615e-07,4.2876101311558723e-07,6.706758521903516e-07,0.9962933367540832,0.9855611770004402,0.7591911541788987,1e-07,1e-07,2014-05-21 15:04:00,2.943,55.1686666666667,0.0226,227.59895616247513,16211.627777777778,141,5,2014
4,2319.07965479265,1,2096.77861768114,2,2319.07965479265,2096.7786176811396,1,4,1,1,3,1,auto,34.8679660240964,12.014393184,0.0,0.0,414.1318136061964,10245.77219719084,68.06808733776705,0.0596,0.37149999999999994,28128.918800576525,0.0,0.0,83.14462618,0.0,0.0,1.0,1.0,8.097267138725925,350.4491458996264,349.1345375050491,1922.7841020313235,159.6335732450845,14.36094240473188,355.27380765104397,74.75958028804907,2.20161541028529,0.06453066530672105,0.010827931768486152,0.0,0.0,0.0068332588024568545,11.54171797567411,3.8055142328618015,2.4287180984087695,8.097267138725925,8.088947665734278,8.165372130521211,8.2064592027641,0.00018166954192611645,0.00021268366823085316,-0.00025646701396894235,-0.00021268366823085324,-0.00022741918477996916,0.0002443485631673949,1.1707172593485695,1.1803904622437504,0.7083544160892221,0.28138610838799155,0.0,0.0,1922.7841020313235,159.6335732450845,14.360942404731771,74.75958028804907,339.3722333181474,2.20161541028529,0.0068332588024568545,1.6220631935860707e-10,0.0005049066860887604,0.05365952083448248,0.005435572317222447,0.010827931768486152,0.3606720682315138,0.0,0.0,0.0,0.0,0.0011601653549074859,28128.917640411168,0.00015460009507715968,68.06793273767197,0.0,0.0,0.0,0.0,0.04113297557828781,1.0702381883737075e-06,6.63630860580837e-10,1.7598445911148508e-14,1.7608542478664864e-09,0.16567653331214233,0.003008573832458496,0.024881480215539875,8.495100669021067e-07,8.097134423489086e-10,2.399749232454418e-10,1.9792604976110645e-10,1.9006263711719353e-07,4.2978928113553334e-07,6.734290107873347e-07,0.9962487898459487,0.986419877718212,0.7629366234863533,1e-07,1e-07,2014-05-22 15:03:00,2.94233333333333,55.4336666666667,0.0089,243.6052192864905,16212.627083333333,142,5,2014
5,2307.88147269298,1,2088.15341448261,2,2307.8814726929795,2088.15341448261,1,4,1,1,3,1,auto,34.8430990240964,12.1321780896,0.0,0.0,413.8364646947678,10238.46515734081,68.0195428047519,0.0763,0.4937,28108.857927988476,0.0,0.0,83.14462618,0.0,0.0,1.0,1.0,8.09189745517165,353.87473824303777,352.5492843291376,1915.955972141219,157.74833094595846,14.449111395432304,358.7851237261943,74.14069575702104,2.199533182943833,0.08257035363977208,0.014288969751724879,0.0,0.0,0.006913446751942654,11.576989585361844,3.7612084285205554,2.400884236142267,8.09189745517165,8.083566902096262,8.16030537778639,8.201374665951965,0.000180371019519868,0.00021097237697211907,-0.00025407884480510464,-0.00021097237697211918,-0.00022545032517130116,0.00024206177899063904,1.1696578393453068,1.1787954232195745,0.709901761629248,0.27713469719034717,0.0,0.0,1915.955972141219,157.74833094595846,14.449111395432277,74.14069575702104,339.6957689377467,2.199533182943833,0.006913446751942654,2.1250507255983017e-10,0.0006531974473521383,0.06872325082800843,0.006923551512134368,0.014288969751724879,0.4794110302482751,0.0,0.0,0.0,0.0,0.001179422838531929,28108.85674856564,0.00015673392269763747,68.0193860708292,0.0,0.0,0.0,0.0,0.04098465672090966,1.0731166432385387e-06,6.663183793521683e-10,1.780053531833541e-14,1.7663186905563825e-09,0.1647662551889202,0.0030002975463562227,0.024875838147762584,8.514551188771891e-07,8.153194029411409e-10,2.4121007276404334e-10,1.999179800381819e-10,1.909903467312613e-07,4.2941007410593077e-07,6.727108145014113e-07,0.9962544545550752,0.9863138542864897,0.7624164114077009,1e-07,1e-07,2014-05-23 15:42:00,2.841,55.4495,0.0932,239.5041297797027,16213.654166666667,143,5,2014
6,2313.64125330008,1,2106.40107664895,2,2313.64125330008,2106.40107664895,1,4,1,1,3,1,auto,34.6319990240964,13.238912144,0.0,0.0,411.32919983762497,10176.434509802257,67.60744038308864,0.0891,0.5273,27938.557923832857,0.0,0.0,83.14462618,0.0,0.0,1.0,1.0,8.05043324266918,397.5669058658857,396.09874273372,1939.8639389766631,150.84125340739106,15.69588426489593,403.505837417723,69.76826674708386,2.2249178988716154,0.09612827689745829,0.014572843230460254,0.0,0.0,0.007555719725772969,11.939170703428655,3.6020983764601424,2.3035120083262197,8.05043324266918,8.041997480642186,8.121724160306554,8.162546112101415,0.00017642775440374935,0.00020491008930767284,-0.0002443592172940983,-0.00020491008930767274,-0.00021805699184560855,0.0002330065453433403,1.161439083097678,1.168244894705968,0.7220016349594449,0.25674111922914283,0.0,0.0,1939.8639389766631,150.84125340739106,15.69588426489593,69.76826674708386,341.56093309054114,2.2249178988716154,0.007555719725772969,2.9530619089863694e-10,0.0008232543762535259,0.0804252134641161,0.007851531864324187,0.014572843230460254,0.5127271567695397,0.0,0.0,0.0,0.0,0.0013479030994768015,27938.556575929757,0.00017463462355407758,67.6072657484651,0.0,0.0,0.0,0.0,0.03962619057200011,1.1004042002099457e-06,6.923339362373121e-10,1.9809829933386362e-14,1.8186808754847016e-09,0.15661059249163756,0.002925087482798457,0.024821513177994387,8.698110720206083e-07,8.692184430713181e-10,2.530607143586587e-10,2.195409134443887e-10,1.9984077601409005e-07,4.26147755071949e-07,6.663851245959791e-07,0.9963071294151908,0.9852816712892083,0.7576198913002035,1e-07,1e-07,2014-06-04 14:51:00,2.69733333333333,54.4458333333333,0.0391,184.38036921553802,16225.61875,155,6,2014
7,2357.25044736687,1,2123.55006700511,2,2357.25044736687,2123.5500670051097,1,4,1,1,3,1,auto,34.427,19.8,0.0,0.0,408.89439714285714,10116.196602604385,67.20724808432628,0.09505,1.0903,27773.17973977073,0.0,0.0,83.14462618,0.0,0.0,1.0,1.0,8.00109342455464,465.3122045899993,463.7301258377841,1936.6960552108483,171.69511032162976,15.158901472631927,475.95005895824664,73.31529972104609,3.71917478979751,0.10460964438676787,0.03527383075398053,0.0,0.0,0.008102946221309878,11.232282049415577,4.123166964310117,2.67579725208368,8.00109342455464,7.991976118362626,8.091357043465573,8.127316997377923,0.00018905775849134768,0.00022283262568825846,-0.0002712999248029389,-0.00022283262568825821,-0.00023925859791989093,0.00025829894870217515,1.178648406002637,1.1937529655111188,0.6968588680172749,0.23901134258025178,0.0,0.0,1936.6960552108483,171.69511032162976,15.158901472631955,73.31529972104609,335.57909742181107,3.71917478979751,0.008102946221309878,3.4482712421598214e-10,0.0008476614064026642,0.08379503176594538,0.010407306482824811,0.03527383075398053,1.0550261692460194,0.0,0.0,0.0,0.0,0.0018719082892874124,27773.17786786244,0.00021161871117585405,67.2070364656151,0.0,0.0,0.0,0.0,0.03268905906262922,1.2743840087092974e-06,8.843069425857326e-10,3.7098227896946144e-14,2.1792461538477852e-09,0.1202220044358219,0.0025733783139901653,0.024520400850964488,9.860579411011279e-07,1.238872605435478e-09,3.3350010123844733e-10,3.7614705525177677e-10,2.5738648892740475e-07,4.21254221998277e-07,6.491155076741733e-07,0.9965999629139124,0.9776492214508149,0.7322495626864887,1e-07,1e-07,2014-08-07 18:08:00,2.80356666666667,51.6073833333333,0.1937,38.12037005438845,16289.755555555555,219,8,2014
8,2365.52158230317,1,2124.45341712241,2,2365.52158230317,2124.45341712241,1,4,1,1,3,1,auto,34.338,20.0435204896,0.0,0.0,407.8373314285715,10090.044411079367,67.03350523483302,0.09815,1.1167,27701.38106440431,0.0,0.0,83.14462618,0.0,0.0,1.0,1.0,8.01165723436971,454.0979185842481,452.55862910699994,1932.9447549863964,176.8075174462409,14.701144689772743,464.6414777435599,74.93363796908885,3.8923521134848227,0.10841892510689483,0.03732551100905842,0.0,0.0,0.007895792262232812,11.075716038133539,4.249826895794415,2.7593005624928018,8.01165723436971,8.002522084388183,8.10260428644693,8.138512508549546,0.0001918118349917916,0.00022693769665847478,-0.00027781258973675574,-0.00022693769665847489,-0.00024425417276970106,0.00026443162206033947,1.1831266650891816,1.2003846222028978,0.6904360784136703,0.244806941569634,0.0,0.0,1932.9447549863964,176.8075174462409,14.701144689772825,74.93363796908885,332.9036934594826,3.8923521134848227,0.007895792262232812,3.37127082936659e-10,0.0008481160825075042,0.08618484171670894,0.011117041863656483,0.03732551100905842,1.0793744889909418,0.0,0.0,0.0,0.0,0.0018393602624552272,27701.37922504405,0.00020694187369297946,67.03329829295932,0.0,0.0,0.0,0.0,0.03248450862329508,1.2800032000742697e-06,8.90479754790872e-10,3.7892641979950344e-14,2.1912956159480793e-09,0.11891326577117661,0.0025576312252721623,0.024490881757445463,9.892780095309981e-07,1.2557440191110893e-09,3.366482634154825e-10,3.83755458128951e-10,2.59628627750482e-07,4.1978079272138925e-07,6.465391003412715e-07,0.9966102256490247,0.9773081834826401,0.7311552046808131,1e-07,1e-07,2014-08-07 18:13:00,2.80053333333333,51.60555,0.2335,38.079851687794786,16289.759027777778,219,8,2014
9,2328.90502483662,1,2091.43145211335,2,2328.90502483662,2091.43145211335,1,4,1,1,3,1,auto,35.152,18.86,0.0,0.0,417.5053257142858,10329.234117836271,68.6225690492996,0.02955,1.0487,28358.056589665688,0.0,0.0,83.14462618,0.0,0.0,1.0,1.0,8.017559539485996,436.948736715943,435.4456144499443,1904.6557682895877,172.21871311835696,14.556970705405584,446.35419341119444,76.17531743591026,3.579810808404737,0.032474687679565156,0.03403397659396776,0.0,0.0,0.007844210624244584,11.04448003792308,4.110155776835295,2.6641301284823404,8.017559539485996,8.008481583960302,8.105450753642819,8.14082597768161,0.00018936441054101855,0.00022391335201372466,-0.000273882320491068,-0.00022391335201372476,-0.0002407929725206918,0.000260425010098883,1.1824468566928654,1.1978902560805578,0.6914079382761553,0.24281038074153102,0.0,0.0,1904.6557682895877,172.21871311835696,14.556970705405556,76.17531743591026,341.33000827837554,3.579810808404737,0.007844210624244584,9.976015845984184e-11,0.0002565042916815484,0.02611230343779127,0.0031811921707670236,0.03403397659396776,1.0146660234060323,0.0,0.0,0.0,0.0,0.0017595307378222664,28358.05483013495,0.00020285690740194458,68.6223661923922,0.0,0.0,0.0,0.0,0.03343005468959437,1.2565678643268345e-06,8.683689855325827e-10,3.437957751987106e-14,2.1432866651077215e-09,0.12642379595867267,0.0026535369233476012,0.024693233667675608,9.776671173458101e-07,1.1699981677665669e-09,3.221291586659516e-10,3.4743654559533006e-10,2.489810664210263e-07,4.328029164485058e-07,6.677179122197601e-07,0.9965599574053102,0.9789282663093818,0.7373193070892159,1e-07,1e-07,2014-08-08 18:33:00,3.4376,52.7086333333333,,81.2344295112858,16290.772916666667,220,8,2014
10,2331.09633986379,1,2091.92443508784,2,2331.09633986379,2091.92443508784,1,4,1,1,3,1,auto,35.15,18.9681461824,0.0,0.0,417.48157142857144,10328.646428139078,68.61866471560312,0.030849999999999995,0.8687999999999999,28356.443136286667,0.0,0.0,83.14462618,0.0,0.0,1.0,1.0,8.018951243457229,435.7224781005745,434.2255935506876,1904.0441945735329,173.40815496290452,14.472085551402083,445.16650764657976,76.55533182933767,3.6279427402721245,0.03393181417021946,0.028404452848295892,0.0,0.0,0.007813137271303262,11.008129053568874,4.138975029862245,2.6835310965181645,8.018951243457229,8.009862224504822,8.107174545376099,8.142454952609603,0.00019003451221437403,0.00022490322541321455,-0.0002754432678335324,-0.00022490322541321542,-0.00024199047485951042,0.0002618876535451857,1.1834862141225486,1.1994329481726953,0.6899225154750324,0.2436977783005123,0.0,0.0,1904.0441945735329,173.40815496290452,14.472085551402165,76.55533182933767,340.9262395992338,3.6279427402721245,0.007813137271303262,1.0320853208780123e-10,0.0002661591960015324,0.02723586712815188,0.0033479735726380548,0.028404452848295892,0.8403955471517041,0.0,0.0,0.0,0.0,0.0017598779970893028,28356.44137640867,0.00020245691182094343,68.6184622586913,0.0,0.0,0.0,0.0,0.03332849506419598,1.2594898150354256e-06,8.718489511928643e-10,3.473035164173315e-14,2.1496302827913675e-09,0.1258909818555463,0.0026480966253553066,0.02468735892928733,9.795993478992406e-07,1.176764534204453e-09,3.235574781792635e-10,3.504967099472422e-10,2.499788192355904e-07,4.3273310600943693e-07,6.674308796688348e-07,0.9965645918557788,0.9787853996565642,0.7368978202793333,1e-07,1e-07,2014-08-08 18:33:00,3.4376,52.7086333333333,0.0233,81.2344295112858,16290.772916666667,220,8,2014
11,2322.95633651221,1,2090.1495514247,2,2322.95633651221,2090.1495514246994,1,4,1,1,3,1,auto,34.73,18.3,0.0,0.0,412.49317142857143,10205.231591728883,67.79875463934272,0.04195,0.3349,28017.617926692343,0.0,0.0,83.14462618,0.0,0.0,1.0,1.0,8.022922043167796,430.88676273145455,429.39409580176465,1906.3116385652543,169.2193443629959,14.618568496449448,439.8375125439993,74.74492424912287,3.4139844515145183,0.0460498141057317,0.010734912481562438,0.0,0.0,0.007783656044728448,11.17028867046344,4.049114389599339,2.619181680173633,8.022922043167796,8.01393593857201,8.108816363538377,8.145543396569135,0.00018711687881007842,0.00022071648111724222,-0.0002690236564209623,-0.0002207164811172422,-0.00023704207810813725,0.00025597566926910853,1.1795647860355076,1.1939824688839844,0.6955406126711852,0.24491211168771013,0.0,0.0,1906.3116385652543,169.2193443629959,14.618568496449528,74.74492424912287,337.7482471794485,3.4139844515145183,0.007783656044728448,1.4071948444872593e-10,0.00036569838670634253,0.037118788698697155,0.004465512773877012,0.010734912481562438,0.32416508751843753,0.0,0.0,0.0,0.0,0.0017022310700482062,28017.61622446127,0.00019831914619690088,67.79855632019652,0.0,0.0,0.0,0.0,0.03404464253089839,1.2369923368733614e-06,8.42042603785775e-10,3.2384671471744755e-14,2.099261587531336e-09,0.12811391574366807,0.0026609666935617656,0.02465169386999097,9.628279917862123e-07,1.1411835361400684e-09,3.1413058659971964e-10,3.3268846450269437e-10,2.436609572380211e-07,4.2649390282989125e-07,6.593366974491101e-07,0.9965358255142774,0.9796498716974501,0.7385714947651248,1e-07,1e-07,2014-08-09 03:57:00,2.79903333333333,52.77795,,73.10336106148047,16291.164583333333,221,8,2014
12,2329.6194149251,1,2085.21044423327,2,2329.6194149251,2085.21044423327,1,4,1,1,3,1,auto,34.723,18.3392185952,0.0,0.0,412.4100314285715,10203.174677788713,67.78508947140504,0.05875,0.3661,28011.970839865775,0.0,0.0,83.14462618,0.0,0.0,1.0,1.0,8.043982270965918,408.0856121838483,406.672625092381,1894.611663096722,176.768723140475,13.83005799607327,416.5840760547616,77.8058792334602,3.596524646320627,0.06481019410294964,0.012317343805432148,0.0,0.0,0.007413264530890044,10.908603784750754,4.23010646636486,2.736489082969779,8.043982270965918,8.034992627785963,8.129990502474227,8.166696869574517,0.00019115282628086707,0.00022688858674897781,-0.000279058122614351,-0.00022688858674897757,-0.0002446176958485492,0.00026535237096881437,1.186948637712544,1.204662632069469,0.6849928770754117,0.2555704919475268,0.0,0.0,1894.611663096722,176.768723140475,13.830057996073188,77.8058792334602,334.6041521951113,3.596524646320627,0.007413264530890044,1.7785550918763145e-10,0.0004851116439699434,0.05171958207554395,0.006545306102630597,0.012317343805432148,0.35378265619456783,0.0,0.0,0.0,0.0,0.001623599013054129,28011.969216266763,0.0001890067156991683,67.78490046468934,0.0,0.0,0.0,0.0,0.03400784105625932,1.2379808711810287e-06,8.43146317320562e-10,3.250130279968348e-14,2.101352049156057e-09,0.12790112346810784,0.002658674833250937,0.024648591408892,9.634541170950634e-07,1.1436488143382471e-09,3.1462864107008863e-10,3.3376078524673916e-10,2.4401548486243657e-07,4.263727577811683e-07,6.590934972101463e-07,0.9965375228891168,0.9795996430026861,0.738406920292924,1e-07,1e-07,2014-08-09 03:55:00,2.79436666666667,52.7780333333333,0.0434,72.79869172459144,16291.163194444445,221,8,2014
13,2306.72872042024,1,2168.64327314348,2,2306.72872042024,2168.64327314348,1,4,1,1,3,1,auto,34.864,8.07,0.0,0.0,414.0847085714285,10244.606801440706,68.06034499700677,,,28125.719303086724,0.0,0.0,83.14462618,0.0,0.0,1.0,1.0,,,,,,,,,,,,,,,,,,,,,,,,,,,,,,,,,,,,,,,,,,,,,,,,,,,,,,,,,,,0.04685356313463319,9.677987748818522e-07,5.671923807759642e-10,1.1766709720128314e-14,1.5680456116297907e-09,0.1963860196025573,0.0032531023008994966,0.024901034703150273,7.767644035428067e-07,6.484465741431741e-10,2.0035640480502038e-10,1.4165726679823804e-10,1.6028053073556547e-07,4.2952542061547766e-07,6.775562053524395e-07,0.9960523307774466,0.9895731356916504,0.7780280687156479,1e-07,1e-07,2014-08-13 11:28:00,2.70511666666667,55.7326,,250.59250773069164,16295.477777777778,225,8,2014
14,2300.83717178312,1,2048.21549478371,2,2300.83717178312,2048.21549478371,1,4,1,1,3,1,auto,34.858,16.5319503232,0.0,0.0,414.0134457142857,10242.843732349133,68.04863199591732,0.02525,1.1447,28120.878942949657,0.0,0.0,83.14462618,0.0,0.0,1.0,1.0,8.089541409207232,355.357456950068,354.09882954957914,1855.4041258549078,180.13049440639742,12.680874522404302,361.9438349408701,81.74351146597864,3.369311339227797,0.02788763955062666,0.03965030804527709,0.0,0.0,0.006756904685816243,10.65891434410614,4.300940626391484,2.7709779531044245,8.089541409207232,8.080731599590115,8.170252207272451,8.208217276009215,0.00019215986062560611,0.00022939069917518194,-0.0002845153489749749,-0.00022939069917518186,-0.0002481442851526493,0.0002702372350406367,1.1937493003396507,1.2135870443334489,0.6753936521101638,0.2745937988069714,0.0,0.0,1855.4041258549078,180.13049440639742,12.680874522404356,81.74351146597864,332.2699342483071,3.369311339227797,0.006756904685816243,6.376977848282175e-11,0.00019398272746664277,0.02222439480313072,0.0028316224056328596,0.03965030804527709,1.105049691954723,0.0,0.0,0.0,0.0,0.0013799879789971943,28120.87756296168,0.00016674471954182126,68.04846525119778,0.0,0.0,0.0,0.0,0.035811681553805035,1.1905507243139192e-06,7.899640247743106e-10,2.7415724949807682e-14,2.001800692211547e-09,0.13768966995822426,0.0027574905819017573,0.0247517975271888,9.322351475322029e-07,1.0367259931158745e-09,2.919599957587933e-10,2.8783230890372976e-10,2.2787752333299405e-07,4.289872067319203e-07,6.658474144727298e-07,0.9964581370789535,0.9818027623211815,0.745614462929598,1e-07,1e-07,2014-08-13 11:35:00,2.7091,55.7339,0.0319,250.8811939072397,16295.482638888889,225,8,2014
15,2316.6713353269,1,2120.52377975344,2,2316.6713353269,2120.5237797534396,1,4,1,1,3,1,auto,34.581,16.44,0.0,0.0,410.72347714285723,10161.448709288123,67.5078817789551,0.23005,2.9928,27897.415649955314,0.0,0.0,83.14462618,0.0,0.0,1.0,1.0,7.977496809301948,485.4032132512693,483.6819896877931,1957.7384708682732,145.3901070785399,17.395201806626442,494.34781940173656,65.26626158690428,2.5687505155061867,0.24806972002209016,0.08031532619132001,0.0,0.0,0.008754484269660618,12.212900812088394,3.4779256000217464,2.23925098472838,7.977496809301948,7.968718898654386,8.057769433297013,8.096375506381714,0.00017362982082475722,0.00020052961519121534,-0.00023729240698803768,-0.00020052961519121523,-0.00021263359126810554,0.00022629262362670543,1.1549261194804081,1.1603082666826197,0.7317125020081663,0.22362693341662385,0.0,0.0,1957.7384708682732,145.3901070785399,17.395201806626606,65.26626158690428,345.4572155559529,2.5687505155061867,0.008754484269660618,1.0032297425240365e-09,0.0023538724541899226,0.20732253205984078,0.02037359448273956,0.08031532619132001,2.91248467380868,0.0,0.0,0.0,0.0,0.001777329863818759,27897.41387262545,0.0002150329433314329,67.50766674601176,0.0,0.0,0.0,0.0,0.035964129691608004,1.1853002999351348e-06,7.821379739152092e-10,2.7053603275457228e-14,1.989746089119589e-09,0.13741257370613574,0.0027483919322005643,0.024710738126254028,9.276128759337153e-07,1.0349618562835207e-09,2.904276558835695e-10,2.8607165812086524e-10,2.2695196665200341e-07,4.247860034462076e-07,6.597626286611618e-07,0.9964540334375883,0.9819062494069617,0.7453210588379647,1e-07,1e-07,2014-08-14 15:39:00,2.66783333333333,53.8365166666667,0.1215,135.02066377686222,16296.652083333332,226,8,2014
16,2313.04645772952,1,2114.70313078343,2,2313.04645772952,2114.70313078343,1,4,1,1,3,1,auto,34.574,16.8981291872,0.0,0.0,410.6403371428571,10159.391795347952,67.49421661101742,0.16685,2.63,27891.76856312874,0.0,0.0,83.14462618,0.0,0.0,1.0,1.0,7.976011439737231,486.8186390680458,485.102319312725,1950.6129280301943,146.87677393161565,17.213428821620003,496.0595041932685,65.76410440505751,2.674765531648251,0.18022079778837552,0.07167596317568362,0.0,0.0,0.008757513917653618,12.123325285080991,3.514700719903502,2.265297859748914,7.976011439737231,7.967185391907508,8.057619163818392,8.095866855668055,0.00017443259840481154,0.00020177118068314082,-0.0002392719449546018,-0.0002017711806831409,-0.00021414281141150562,0.00022813067878790425,1.1567286305905031,1.1626883615795354,0.7290140030328565,0.2227359209898711,0.0,0.0,1950.6129280301943,146.87677393161565,17.213428821619978,65.76410440505751,344.8762327377996,2.674765531648251,0.008757513917653618,7.254432964010013e-10,0.0016949049509425499,0.15008939013340944,0.015065704190204691,0.07167596317568362,2.558324036824316,0.0,0.0,0.0,0.0,0.001810382684675687,27891.766752746054,0.00021696497323573643,67.49399964604419,0.0,0.0,0.0,0.0,0.03548411981622207,1.1975461819617382e-06,7.957388957836706e-10,2.826664588823749e-14,2.015181671720413e-09,0.13492315055414894,0.0027243090552506897,0.0246905313762795,9.358219012759808e-07,1.0607865469516092e-09,2.960782782917856e-10,2.970108568614923e-10,2.3098878134397148e-07,4.2455355688122445e-07,6.587119153387738e-07,0.9964744165124686,0.9813714583691912,0.743564310239092,1e-07,1e-07,2014-08-14 15:37:00,2.66906666666667,53.8361666666667,0.1042,135.04204160691003,16296.650694444445,226,8,2014
17,2358.8287949353,1,2117.66086637436,2,2358.8287949353,2117.6608663743596,1,4,1,1,3,1,auto,34.324,19.27,0.0,0.0,407.67105142857145,10085.930583199026,67.00617489895767,0.11964999999999999,1.588,27690.086890751165,0.0,0.0,83.14462618,0.0,0.0,1.0,1.0,8.024487208215817,437.3008459483572,435.80417653864504,1926.868047130672,176.32610255763782,14.466716686050004,446.9676446298418,75.404375954803,3.72878401792144,0.1320543809895675,0.05297922112861774,0.0,0.0,0.007708429048406841,11.069500506109758,4.235279508918132,2.744333439526917,8.024487208215817,8.015432805804492,8.113034120668136,8.149708858792398,0.00019130590989227804,0.00022637868192794947,-0.00027719842487058943,-0.0002263786819279498,-0.00024368150647983912,0.000263848245988059,1.1833334477508848,1.2004518807810989,0.6901406816492182,0.24996896709179808,0.0,0.0,1926.868047130672,176.32610255763782,14.466716686050004,75.404375954803,332.26667547376843,3.72878401792144,0.007708429048406841,3.9276662688993103e-10,0.0010194413805450085,0.10520673507104251,0.0134238231556458,0.05297922112861774,1.5350207788713823,0.0,0.0,0.0,0.0,0.0017433331559713577,27690.085147418013,0.000199123285190057,67.00597577567247,0.0,0.0,0.0,0.0,0.033195452143096105,1.2589103102948607e-06,8.649229580793334e-10,3.5243580258143506e-14,2.1449765853116276e-09,0.12243618264937231,0.0025939247114823622,0.024532424504606964,9.754254366309751e-07,1.2059948987912792e-09,3.2621513180032226e-10,3.6057684764935255e-10,2.5238893130402213e-07,4.199044777700276e-07,6.480308860387385e-07,0.996577483387972,0.978372486694221,0.734047133423368,1e-07,1e-07,2014-08-15 09:32:00,5.35923333333333,53.7507833333333,0.0258,51.834543578851864,16297.397222222222,227,8,2014
18,2356.1256096594,1,2111.87866003519,2,2356.1256096593997,2111.87866003519,1,4,1,1,3,1,auto,34.165,19.402698272,0.0,0.0,405.7825857142857,10039.209252272309,66.69578037008765,0.13344999999999999,1.2593999999999999,27561.81734711903,0.0,0.0,83.14462618,0.0,0.0,1.0,1.0,8.030733618057598,429.96015461558216,428.491036762462,1919.3028728203715,178.39243763300638,14.183349581812143,439.54614742164057,76.03710838979566,3.8198618626047582,0.14761094371544592,0.042793467886076506,0.0,0.0,0.007593491656782639,10.992838164780794,4.290438174510571,2.780212298228844,8.030733618057598,8.02167831823998,8.119558479890948,8.15643895241447,0.00019211404992764235,0.00022777190129109963,-0.00027968327760948935,-0.0002277719012911,-0.00024548230146819876,0.0002661790487176509,1.1856077230004125,1.2038458630048885,0.6868985931861242,0.2527563023139715,0.0,0.0,1919.3028728203715,178.39243763300638,14.18334958181209,76.03710838979566,329.74547732449,3.8198618626047582,0.007593491656782639,4.250221611485784e-10,0.0011175532189363617,0.11705394857161484,0.01527849778442661,0.042793467886076506,1.2166065321139234,0.0,0.0,0.0,0.0,0.0017232998512848713,27561.81562381918,0.0001962994774629797,66.6955840706102,0.0,0.0,0.0,0.0,0.03310069141463703,1.2607561289073863e-06,8.65962944567448e-10,3.5588856975093844e-14,2.148390023981618e-09,0.12144747580010985,0.002579998519251972,0.024497570743788614,9.758526289139148e-07,1.2160767047779702e-09,3.277130381011164e-10,3.6473379451926687e-10,2.5353879402485703e-07,4.174210040038594e-07,6.441662787987836e-07,0.9965831302334661,0.9781911572600752,0.7332285481699329,1e-07,1e-07,2014-08-15 09:30:00,5.35756666666667,53.75085,0.0354,51.88871987477291,16297.395833333334,227,8,2014
19,2365.99481511624,1,2139.66940976437,2,2365.99481511624,2139.66940976437,1,4,1,1,3,1,auto,34.357,18.57,0.0,0.0,408.0629971428571,10095.627463202685,67.07059640494955,0.24344999999999997,2.8635,27716.708871505005,0.0,0.0,83.14462618,0.0,0.0,1.0,1.0,8.004371544751171,463.0820688571748,461.48327274958837,1957.3306319055193,166.71634914065683,15.622428718193616,472.8713532197463,71.55104642833989,3.3351153322825025,0.26657137243068013,0.08885857658916162,0.0,0.0,0.008113121589904735,11.475022100074836,4.000844561162046,2.5880388904401617,8.004371544751171,7.995387145236792,8.090812015279514,8.128062467632848,0.00018646320600553925,0.00021868816202024686,-0.0002643786207907441,-0.0002186881620202465,-0.00023413094565721062,0.0002519204450557343,1.1728220634249438,1.185577140323594,0.7052885193509089,0.24125493624316607,0.0,0.0,1957.3306319055193,166.71634914065683,15.622428718193616,71.55104642833989,336.5119507145172,3.3351153322825025,0.008113121589904735,8.937138185315171e-10,0.0022185551556255555,0.21589151457692723,0.02533992937373337,0.08885857658916162,2.7746414234108387,0.0,0.0,0.0,0.0,0.0017867246686615315,27716.707084780337,0.00020693397668836424,67.07038947097286,0.0,0.0,0.0,0.0,0.03385264350994265,1.2403495581915717e-06,8.432230189323806e-10,3.3017129428319476e-14,2.1049605103689653e-09,0.12585543737919644,0.00262958376177993,0.0245753783335948,9.633715088341554e-07,1.1619790078971812e-09,3.170450241966749e-10,3.406685562179656e-10,2.4595101771662956e-07,4.2068771411115366e-07,6.503403635727621e-07,0.9965474886308338,0.9792982080730478,0.736757690094437,1e-07,1e-07,2014-08-16 08:46:00,6.3088,54.564,0.129,116.52281688887885,16298.365277777777,228,8,2014
20,2364.86360938792,1,2142.21785748467,2,2364.86360938792,2142.21785748467,1,4,1,1,3,1,auto,34.36,18.6597536064,0.0,0.0,408.0986285714286,10096.508997748471,67.07645290549425,0.16205,4.5775,27719.129051573538,0.0,0.0,83.14462618,0.0,0.0,1.0,1.0,7.995860459327201,473.61609543932434,471.98276122874097,1961.8580616717288,164.4228938435656,15.936901969375306,483.6856722429427,70.55465998347735,3.298346090910335,0.17718538736107337,0.13987559626138613,0.0,0.0,0.008268465802122597,11.563333255941819,3.94604370680393,2.5531708297798152,7.995860459327201,7.986866470999657,8.082575065475655,8.119737992065437,0.00018525954498318131,0.00021685426312479078,-0.00026144123505622704,-0.0002168542631247904,-0.0002318853302217846,0.00024915531715080067,1.170542997633281,1.1823981525353293,0.7086087431591976,0.2372699009250421,0.0,0.0,1961.8580616717288,164.4228938435656,15.936901969375306,70.55465998347735,337.54396858795127,3.298346090910335,0.008268465802122597,6.185768622099374e-10,0.0015055015794086012,0.14390360762437884,0.016640890177635693,0.13987559626138613,4.437624403738614,0.0,0.0,0.0,0.0,0.0018273062318472165,27719.127224267304,0.00021125691630370457,67.07624164857796,0.0,0.0,0.0,0.0,0.03376585604077141,1.2428056612276076e-06,8.461244499014162e-10,3.3299350620285215e-14,2.110254775418567e-09,0.12542761116008877,0.002625322852904166,0.024571240620838392,9.650059851461008e-07,1.1674664621252948e-09,3.1822254912566906e-10,3.431503169324608e-10,2.467752910982275e-07,4.206991484318823e-07,6.502100085761077e-07,0.9965513540897121,0.9791815689786223,0.7364249245673776,1e-07,1e-07,2014-08-16 08:41:00,6.3074,54.5651333333333,0.1378,116.67767275229983,16298.361805555556,228,8,2014
21,2362.28923780895,1,2132.36049778734,2,2362.28923780895,2132.36049778734,1,4,1,1,3,1,auto,34.46,17.4,0.0,0.0,409.28634285714287,10125.893482608042,67.27166959031817,0.05225,3.2631,27799.801720524567,0.0,0.0,83.14462618,0.0,0.0,1.0,1.0,8.02876957063018,432.35577452299583,430.841044896635,1948.8575928716427,168.4275639635709,15.075340952126803,440.8336095889219,73.26404974989984,3.1627560056676,0.057196617853319275,0.10206677049545211,0.0,0.0,0.007730696910149173,11.386136780295491,4.03505492120887,2.6032446067469595,8.02876957063018,8.019899575555947,8.11178135335342,8.149844243265488,0.0001872769086594445,0.00022007342760353626,-0.00026679548954803206,-0.0002200734276035366,-0.00023590037121075976,0.00025418015649285585,1.1751231327922598,1.1884600870356057,0.7019493057274053,0.2520933902237326,0.0,0.0,1948.8575928716427,168.4275639635709,15.075340952126695,73.26404974989984,336.02229310724306,3.1627560056676,0.007730696910149173,1.746719349120895e-10,0.00046004631094880396,0.04638328900076732,0.005406664513611947,0.10206677049545211,3.161033229504548,0.0,0.0,0.0,0.0,0.0016283241585109541,27799.800092200407,0.0001931126821688012,67.271476477636,0.0,0.0,0.0,0.0,0.03499049389721759,1.2098830477731737e-06,8.088416216289257e-10,2.96003003937261e-14,2.040578277803389e-09,0.13198344294791264,0.0026930152360073855,0.024649541798306935,9.436054003356719e-07,1.090933581896302e-09,3.0219393339357536e-10,3.09606933027038e-10,2.3540620295763605e-07,4.2266576429133804e-07,6.55136120443732e-07,0.9964965666804567,0.9807686281592013,0.7414046956595,1e-07,1e-07,2014-08-17 15:45:00,6.69631666666667,55.6630666666667,0.0429,88.76156649319582,16299.65625,229,8,2014
22,2362.68787616291,1,2129.17626257798,2,2362.68787616291,2129.17626257798,1,4,1,1,3,1,auto,34.455,17.5400013408,0.0,0.0,409.2269571428571,10124.424258365063,67.26190875607698,0.05414999999999999,2.9416999999999995,27795.768087077013,0.0,0.0,83.14462618,0.0,0.0,1.0,1.0,8.033708248832555,426.7185764577326,425.2262189253022,1943.5835214933009,170.7737488083298,14.818992276349405,435.16170445398313,74.1717470790224,3.2416161113024953,0.05938023592311291,0.0935580637371739,0.0,0.0,0.007636039612455559,11.294056533384385,4.091841011987017,2.640737295578625,8.033708248832555,8.024823895075741,8.117131827341462,8.155085736815229,0.00018852183502750272,0.00022198547401591515,-0.0002698929174977642,-0.00022198547401591556,-0.00023824513798186234,0.0002570749867216233,1.1775053748205377,1.191838068072863,0.6985060474181002,0.25452768976250706,0.0,0.0,1943.5835214933009,170.7737488083298,14.81899227634954,74.1717470790224,335.0552100638347,3.2416161113024953,0.007636039612455559,1.7621891057769802e-10,0.00046929036964047066,0.0479811828089494,0.00569952664519121,0.0935580637371739,2.848141936262826,0.0,0.0,0.0,0.0,0.0016171560747079488,27795.766469920938,0.00019124134862099788,67.26171751472836,0.0,0.0,0.0,0.0,0.03484966734601204,1.2136020119458822e-06,8.130357736349305e-10,2.9995308525534835e-14,2.04839583610343e-09,0.13124866371429958,0.002685680387885886,0.024642279618586057,9.460651806839173e-07,1.0991566447704566e-09,3.0395643898654593e-10,3.1316740950481976e-10,2.3665868110247837e-07,4.2254473721289395e-07,6.547360420977239e-07,0.9965027125258555,0.9805977228468564,0.7408634305113904,1e-07,1e-07,2014-08-17 15:43:00,6.69483333333333,55.6631666666667,0.05,88.85557999147521,16299.65486111111,229,8,2014
23,2329.82180480488,1,2193.1987568289,2,2329.82180480488,2193.1987568289,1,4,1,1,3,1,auto,34.856,10.76,0.0,0.0,413.98969142857146,10242.256042651943,68.04472766222086,0.45505,2.259,28119.265489570644,0.0,0.0,83.14462618,0.0,0.0,1.0,1.0,7.9181272073758695,562.3701522640769,560.2262557978571,2061.400259223947,107.80174357163345,23.996754033319377,569.4869927923737,51.02925093151218,1.2841672480140076,0.4752961581920916,0.04164825063191248,0.0,0.0,0.010400400389517249,14.531481779312074,2.570022038069647,1.6364216517198997,7.9181272073758695,7.909948327992548,7.982949941123258,8.02475393274611,0.0001509273995685199,0.00016827453072053544,-0.0001901271620152358,-0.00016827453072053555,-0.00017470452036132366,0.0001816454295117204,1.1149369246512455,1.1108537311940199,0.793823449362935,0.1982039327352888,0.0,0.0,2061.400259223947,107.80174357163345,23.996754033319256,51.02925093151218,362.9604404970593,1.2841672480140076,0.010400400389517249,2.9941697780303135e-09,0.006173453948136637,0.4224569249291258,0.026419618128567773,0.04164825063191248,2.2173517493680874,0.0,0.0,0.0,0.0,0.0016742006230684825,28119.26381537002,0.000229549672417077,68.04449811254844,0.0,0.0,0.0,0.0,0.04283404032740995,1.037248030641619e-06,6.314460508141883e-10,1.550580728120605e-14,1.6975895478084518e-09,0.17468133645913114,0.0030829493992412553,0.024895713815444667,8.262795670766337e-07,7.551216032128654e-10,2.2679577723622618e-10,1.7810638831946424e-10,1.8025540978340706e-07,4.296200745166748e-07,6.747240592572949e-07,0.9961877484827592,0.9875030674653327,0.767705046147504,1e-07,1e-07,2014-08-18 10:25:00,5.29595,55.7724166666667,0.2967,177.5824857998983,16300.434027777777,230,8,2014
24,2305.37555226469,1,2077.43720676987,2,2305.37555226469,2077.43720676987,1,4,1,1,3,1,auto,34.816,16.676094096,0.0,0.0,413.5146057142858,10230.502248708113,67.96664098829129,0.09055,0.4951999999999999,28086.996421990232,0.0,0.0,83.14462618,0.0,0.0,1.0,1.0,8.039095982408824,408.7608016186515,407.3156512315171,1898.101166278589,164.8077700890624,14.528270402218608,416.40824788682755,74.51416405893839,3.0396155894861283,0.09897531065441809,0.015417501243319696,0.0,0.0,0.007582211391238168,11.269176498626178,3.9365763698250067,2.5369020664869675,8.039095982408824,8.030274183313653,8.120204111657346,8.158138038379741,0.00018434685152221458,0.00021693236130031847,-0.00026351109801350407,-0.00021693236130031852,-0.00023262500732391933,0.00025076507421455336,1.1767619544843553,1.1893907345849182,0.699579080015702,0.2503360917201536,0.0,0.0,1898.101166278589,164.8077700890624,14.5282704022185,74.51416405893839,339.0004416553474,3.0396155894861283,0.007582211391238168,2.9103515509438016e-10,0.0007878196916079925,0.08054904908926046,0.009213130928096397,0.015417501243319696,0.4797824987566802,0.0,0.0,0.0,0.0,0.0015569009000742419,28086.994865089335,0.00018754005414801058,67.96645344823713,0.0,0.0,0.0,0.0,0.03566833328965487,1.1940141105888563e-06,7.935281629381679e-10,2.7779388457059867e-14,2.008827232593756e-09,0.13678554132865686,0.0027478717541084222,0.024739185520620103,9.344102710026696e-07,1.0453238101946326e-09,2.936794835364634e-10,2.9131164107955416e-10,2.2913006909377872e-07,4.2830777409144327e-07,6.646162202215165e-07,0.9964645573122185,0.9816347387281951,0.7449654730261133,1e-07,1e-07,2014-08-18 10:19:00,5.2617,55.7735333333333,0.0524,179.73256772038076,16300.429861111112,230,8,2014
25,2318.30336087092,1,2109.0174163293,2,2318.30336087092,2109.0174163293,1,4,1,1,3,1,auto,34.77011478125,9.041895267,0.0,0.0,412.96962041616075,10217.01911355174,67.87706538542334,0.13610353362949498,0.5958494606009789,28049.979591370586,0.0,0.0,83.14462618,0.0,0.0,1.0,1.0,8.118258156982586,330.31015358124483,329.02259868780027,1943.888247565047,150.20409400571748,14.92507475853535,334.03040570072,72.14666957606107,1.7059894315673858,0.14606942759735825,0.01595434060938747,0.0,0.0,0.0066263100128344625,11.968604580048064,3.583578511475024,2.2748628252329848,8.118258156982586,8.110279238799516,8.178728249451074,8.221529238970637,0.00017621247341106748,0.00020461093470894794,-0.0002439213872660829,-0.00020461093470894748,-0.00021773532446522142,0.00023265879213077792,1.1611603352938167,1.1670141040095978,0.7224150181584748,0.2933590857958564,0.0,0.0,1943.888247565047,150.20409400571748,14.925074758535269,72.14666957606107,340.8229508400996,1.7059894315673858,0.0066263100128344625,3.6329395364626597e-10,0.001187305173085174,0.12376302822557955,0.011153199867536332,0.01595434060938747,0.5798951199915914,0.0,0.0,0.0,0.0,0.0009899513843831666,28049.978601419203,0.00014121999992151014,67.87692416542342,0.0,0.0,0.0,0.0,0.045361853009669,9.919656234809198e-07,5.885079296922441e-10,1.2993261511311397e-14,1.6122385408499408e-09,0.1877545271399259,0.0031849139108322774,0.02489121139288785,7.939084238569398e-07,6.863575270751253e-10,2.0954207902372147e-10,1.540187022411942e-10,1.673044174226819e-07,4.282417964266872e-07,6.746068740355651e-07,0.9961019820932394,0.9888625344999029,0.7740161097414144,1e-07,1e-07,2015-05-01 13:17:00,2.505,52.4236666666667,4.08613161630149,50.363965352672984,16556.553472222222,121,5,2015
26,2298.89234547926,1,2108.58068321483,2,2298.89234547926,2108.58068321483,1,4,1,1,3,1,auto,35.132,17.262531,0.0,0.0,417.26778285714283,10323.357220864356,68.58352571233482,0.03,0.17649999999999996,28341.92205587548,0.0,0.0,83.14462618,0.0,0.0,1.0,1.0,7.948491918688558,518.6894097421816,516.8690785792428,1949.0069876563732,141.48290987863774,18.09078567981885,528.7666047500479,64.27105156837901,2.6231123624835924,0.03226410660841611,0.004602596141445008,0.0,0.0,0.0092998062073325,12.284464676819399,3.373169582693719,2.1778668818999654,7.948491918688558,7.939582882717489,8.031526101334563,8.0683382180063,0.00017164611879211066,0.0001977916428768285,-0.00023333353308691213,-0.00019779164287682838,-0.00020936622058098132,0.00022237966586588205,1.1523222562135762,1.1565202672861112,0.7356255936354246,0.20957501094158995,0.0,0.0,1949.0069876563732,141.48290987863774,18.09078567981888,64.27105156837901,352.9967312887639,2.6231123624835924,0.0092998062073325,1.4622219137871342e-10,0.00032162384092791546,0.02709264527106149,0.0025857307417884046,0.004602596141445008,0.17189740385855498,0.0,0.0,0.0,0.0,0.0019594078546183074,28341.920096467624,0.0002333539398143878,68.58329235839501,0.0,0.0,0.0,0.0,0.03500071184282587,1.213009071836992e-06,8.173323121393662e-10,2.953418395308672e-14,2.0499950060711415e-09,0.1345173562612852,0.002733235738386176,0.0247652677193394,9.484430488777024e-07,1.074583009054858e-09,3.014682866494043e-10,3.05134547939126e-10,2.3446650631353453e-07,4.3299887050391303e-07,6.706464162081068e-07,0.9964905179694269,0.9809420736534034,0.7434378440669641,1e-07,1e-07,2015-08-09 08:09:00,3.41518333333333,52.6519166666667,0.0709,81.06528745861901,16656.339583333334,221,8,2015
27,2338.93808719347,1,2098.55376052188,2,2338.93808719347,2098.5537605218797,1,4,1,1,3,1,auto,35.126,17.18,0.0,0.0,417.19651999999996,10321.594151772784,68.57181271124539,0.4095,1.1485,28337.08169573842,0.0,0.0,83.14462618,0.0,0.0,1.0,1.0,8.046834061411673,405.296293628282,403.87243905823004,1910.9747124215526,173.40875859812982,14.170289502197587,413.12867049896886,77.40498505464915,3.263549637100504,0.4492988373612472,0.037187638619958815,0.0,0.0,0.007419616230296664,11.042179166783253,4.134290839762054,2.668735730431568,8.046834061411673,8.03793422419282,8.129618557439946,8.166511658493588,0.0001900488779275277,0.0002248309049380402,-0.0002751962891920973,-0.00022483090493803992,-0.00024189109647627504,0.00026175293537432067,1.1830162187212492,1.19860163930798,0.6905938974884456,0.25755708288771517,0.0,0.0,1910.9747124215526,173.40875859812982,14.170289502197505,77.40498505464915,339.7915349453508,3.263549637100504,0.007419616230296664,1.2469339309927618e-09,0.0034400590225124646,0.3628210408529258,0.04323889887762766,0.037187638619958815,1.1113123613800413,0.0,0.0,0.0,0.0,0.0015581012494235867,28337.08013763717,0.0001858745932561443,68.57162683665213,0.0,0.0,0.0,0.0,0.03508605225758927,1.2107156484041005e-06,8.146705699137359e-10,2.929922690252499e-14,2.0451365690607112e-09,0.13494004949050084,0.0027371957969207403,0.024767854611034503,9.468746932080347e-07,1.0699121006028723e-09,3.004196912191748e-10,3.0309390896537824e-10,2.3372724359274703e-07,4.3292910392236676e-07,6.706751845838228e-07,0.9964868798643448,0.9810413136875079,0.7437424425015569,1e-07,1e-07,2015-08-09 08:13:00,3.41528333333333,52.6525333333333,0.342,81.0742921330033,16656.34236111111,221,8,2015
28,2324.44184621556,1,2086.30057263726,2,2324.44184621556,2086.30057263726,1,4,1,1,3,1,auto,34.221,17.863381,0.0,0.0,406.4477057142857,10055.664563793667,66.80510171358902,0.0803,3.7904999999999998,27606.994041731607,0.0,0.0,83.14462618,0.0,0.0,1.0,1.0,8.045852544562598,406.7206521554525,405.3039845427486,1899.5029309259937,172.7862530542517,14.011388657014312,414.93831263260637,75.73744427477465,3.424364352845213,0.08844838129395302,0.12533649105878844,0.0,0.0,0.007411915724706272,11.070491767396028,4.1479600099676945,2.677929014133953,8.045852544562598,8.036953015697822,8.130069527359495,8.168230254836777,0.00018845599784299318,0.00022293602823876947,-0.0002728583710395801,-0.00022293602823876974,-0.00023990224974928046,0.00025966356707423255,1.1829606422211216,1.1991226997260376,0.6906733230319555,0.256276919689514,0.0,0.0,1899.5029309259937,172.7862530542517,14.011388657014312,75.73744427477465,330.710261439511,3.424364352845213,0.007411915724706272,2.4564927303548823e-10,0.0006712509429126638,0.07080911608327381,0.008819632728164235,0.12533649105878844,3.6651635089412116,0.0,0.0,0.0,0.0,0.0015861145703678808,27606.992455617037,0.00018628861427122156,66.80491542497477,0.0,0.0,0.0,0.0,0.034570073799846245,1.219849474562588e-06,8.184962128709023e-10,3.081253450032739e-14,2.060679405565811e-09,0.12900751642813288,0.002657985325958462,0.024587641992419685,9.491868650086721e-07,1.1207500908475155e-09,3.0770293120501935e-10,3.2188747851582876e-10,2.3945694611689175e-07,4.1887592883564364e-07,6.488150331013267e-07,0.9965168535081851,0.9801954646583094,0.7391332863401411,1e-07,1e-07,2015-08-10 12:11:00,4.44723333333333,53.7786666666667,0.4374,90.76313366812504,16657.50763888889,222,8,2015
29,2320.03318699122,1,2126.28779659804,2,2320.03318699122,2126.2877965980397,1,4,1,1,3,1,auto,34.155,16.39,0.0,0.0,405.66381428571435,10036.270803786352,66.67625870160526,0.22529999999999997,5.575,27553.750080223926,0.0,0.0,83.14462618,0.0,0.0,1.0,1.0,7.977704686858302,487.32505562902287,485.59592853995775,1964.521909820209,144.23467173472952,17.531215043101266,496.2781087073935,64.12060713602723,2.5400327214263245,0.24297565151967385,0.1490589174792763,0.0,0.0,0.008758835981089461,12.318354967454942,3.4602674607758748,2.225978470252442,7.977704686858302,7.968966374423144,8.057553606226849,8.097086296823873,0.00017261134317168858,0.00019905642293142176,-0.00023507063618576453,-0.00019905642293142187,-0.00021091800484071685,0.0002242828025931693,1.1532059207338958,1.1583668414403205,0.7342956396956475,0.22429029542985615,0.0,0.0,1964.521909820209,144.23467173472952,17.531215043101238,64.12060713602723,341.5432071496871,2.5400327214263245,0.008758835981089461,9.899546760550305e-10,0.0023174405335121863,0.20298946444343774,0.019993094033095373,0.1490589174792763,5.4259410825207235,0.0,0.0,0.0,0.0,0.0017679382448945423,27553.748312285683,0.00021395067403631043,66.67604475093123,0.0,0.0,0.0,0.0,0.03610247535602775,1.1796146917759113e-06,7.728729487220999e-10,2.6738351273199516e-14,1.9762745904408614e-09,0.13650859289257966,0.0027296223415593157,0.024642717622714035,9.220621865267339e-07,1.0368163185723256e-09,2.891866247198009e-10,2.8551282145619163e-10,2.263189162131501e-07,4.18342871247413e-07,6.503109729811577e-07,0.9964517993296421,0.9819596050656156,0.7445263583147125,1e-07,1e-07,2015-08-10 12:14:00,4.44631666666667,53.7782333333333,1.1433,90.7779203663393,16657.50972222222,222,8,2015
30,2367.01021292875,1,2132.62979778735,2,2367.01021292875,2132.62979778735,1,4,1,1,3,1,auto,34.165,17.949137,0.0,0.0,405.7825857142857,10039.209252272309,66.69578037008765,0.1135,3.1489,27561.81734711903,0.0,0.0,83.14462618,0.0,0.0,1.0,1.0,8.032112456612397,430.3957521184347,428.8982291385223,1946.0037044385601,171.83106036879633,14.795032979993692,439.14006900317594,73.78616398790668,3.341710758888586,0.12469001635937915,0.10130262234978163,0.0,0.0,0.0076463993125374715,11.290227902811237,4.126956369632829,2.6646510103037477,8.032112456612397,8.023208450249472,8.116543025869262,8.154745889251947,0.00018889165180238133,0.00022250875751261332,-0.0002706821420821278,-0.00022250875751261365,-0.00023889317236757454,0.0002578823164522638,1.1779703093782155,1.192861744271887,0.6978356619664616,0.254499356481132,0.0,0.0,1946.0037044385601,171.83106036879633,14.795032979993584,73.78616398790668,331.9964217263791,3.341710758888586,0.0076463993125374715,3.707277750729987e-10,0.0009809403656946371,0.10034810179704824,0.01217095746652935,0.10130262234978163,3.047597377650218,0.0,0.0,0.0,0.0,0.0016408592948842261,27561.815706259735,0.0001923742991300536,66.69558799578851,0.0,0.0,0.0,0.0,0.03449543965175794,1.2215613083565828e-06,8.200598527013094e-10,3.103533233544198e-14,2.064092107528831e-09,0.12843797717798752,0.0026509835279790147,0.02457395308105992,9.500667059365788e-07,1.1264271935022504e-09,3.087099589230208e-10,3.242274942471323e-10,2.402038373805649e-07,4.1799520435338593e-07,6.473823267706419e-07,0.9965205907062478,0.9800876360369702,0.7386905803273613,1e-07,1e-07,2015-08-11 11:44:00,6.3311,54.5608166666667,0.0972,115.47450290797498,16658.48888888889,223,8,2015
31,2362.41664858029,1,2160.16035385986,2,2362.41664858029,2160.16035385986,1,4,1,1,3,1,auto,34.204,16.63,0.0,0.0,406.2457942857143,10050.669201367542,66.77191487716898,0.1276,4.588299999999999,27593.27968800993,0.0,0.0,83.14462618,0.0,0.0,1.0,1.0,7.986815227435188,484.5925662659129,482.87832294565953,1991.9614733926644,150.89351521170713,17.305365255488628,493.63477790147095,65.75768967046126,2.6564955680269695,0.13799998302630662,0.1264780124606306,0.0,0.0,0.00856263539415963,12.179987844070379,3.619398418358102,2.3298338055093923,7.986815227435188,7.978047405239327,8.067392548291165,8.106628478548535,0.00017735324382211906,0.00020516556330896498,-0.00024332321292770342,-0.00020516556330896492,-0.00021785336585482536,0.0002322138845919436,1.1568187809112807,1.163713938240244,0.7288792618187836,0.23263415779110883,0.0,0.0,1991.9614733926644,150.89351521170713,17.3053652554886,65.75768967046126,340.48810461525306,2.6564955680269695,0.00856263539415963,5.333942209228143e-10,0.001275025356122329,0.11464996466126598,0.011675009449217432,0.1264780124606306,4.461821987539369,0.0,0.0,0.0,0.0,0.0017456104571830907,27593.277942399473,0.00021022391250853713,66.77170465325646,0.0,0.0,0.0,0.0,0.035837941844070006,1.1865469760943918e-06,7.808622253068641e-10,2.7383809711584042e-14,1.99080798950984e-09,0.13535160572522414,0.0027196799582403777,0.024640827483410503,9.269149272695853e-07,1.049706987386679e-09,2.9220494785348483e-10,2.9110618829244044e-10,2.2844993546262273e-07,4.1901460704963473e-07,6.509394800771234e-07,0.9964625059491468,0.981682385357859,0.743736210615592,1e-07,1e-07,2015-08-11 11:48:00,6.32973333333333,54.5611,0.1388,115.54689852511785,16658.491666666665,223,8,2015
32,2284.3468574674,1,2056.52952690731,2,2284.3468574674,2056.52952690731,1,4,1,1,3,1,auto,34.833,16.252639,0.0,0.0,413.7165171428571,10235.49761113424,67.99982782471133,0.007199999999999999,0.3693,28100.7107757119,0.0,0.0,83.14462618,0.0,0.0,1.0,1.0,8.048132311029702,395.0245294388577,393.6204748195542,1878.3857951498128,163.92872624844983,14.215005509047359,402.2147312887752,75.1129114281035,2.9804315229497913,0.007869340490960938,0.011531207361921111,0.0,0.0,0.0074471008261395985,11.214212268710455,3.9141418840250863,2.520063744940148,8.048132311029702,8.039354265543574,8.128012766213079,8.166251859055144,0.00018338599962525897,0.0002159973955510179,-0.0002627159835121971,-0.0002159973955510181,-0.00023172183487214668,0.0002499154841816677,1.1778292562812807,1.1904162618978997,0.6980389893816448,0.2522304772021632,0.0,0.0,1878.3857951498128,163.92872624844983,14.215005509047387,75.1129114281035,338.6036057147536,2.9804315229497913,0.0074471008261395985,2.236800029371055e-11,6.187134155587903e-05,0.006406916758823303,0.0007312118772528176,0.011531207361921111,0.35776879263807887,0.0,0.0,0.0,0.0,0.0015038193693014965,28100.709271892534,0.00018275802357508022,67.99964506668776,0.0,0.0,0.0,0.0,0.03611348092490366,1.1827840298129019e-06,7.81156332938367e-10,2.6677604949758003e-14,1.9855951636010264e-09,0.13915821241950224,0.0027708781428427507,0.024758826822195507,9.268879529770672e-07,1.0215552136027365e-09,2.884961458504108e-10,2.813522510968959e-10,2.2541725369309083e-07,4.2867431371364497e-07,6.65813350666706e-07,0.9964456520679917,0.9821234746254105,0.7466247915222486,1e-07,1e-07,2015-08-13 11:30:00,3.6707,55.6195333333333,0.1008,278.9061240509079,16660.479166666668,225,8,2015
33,2300.23244670774,1,2097.82372552449,2,2300.23244670774,2097.82372552449,1,4,1,1,3,1,auto,34.845,11.64,0.0,0.0,413.85904285714287,10239.02374931739,68.02325382689021,0.1647,0.5608999999999998,28110.391495986027,0.0,0.0,83.14462618,0.0,0.0,1.0,1.0,8.063878666642163,379.94713399141654,378.51500230838343,1935.515814684004,146.54871010685116,15.759200733634747,385.0485012744837,69.47335746664672,1.9628264766405539,0.176901794032704,0.014924345527099295,0.0,0.0,0.007396286504823872,12.065140502214293,3.4940037347578943,2.228266879224434,8.063878666642163,8.055602552990031,8.130986274222696,8.17233572843773,0.00017387478621898187,0.0002014084895218211,-0.00023930298560358472,-0.00020140848952182117,-0.0002139653679704971,0.00022819207804495407,1.1583536285023102,1.1635111845094959,0.7265884534638132,0.26168751216190134,0.0,0.0,1935.515814684004,146.54871010685116,15.759200733634774,69.47335746664672,344.3856853904962,1.9628264766405539,0.007396286504823872,5.312016098222385e-10,0.0015312794143652424,0.14943564554496067,0.013733074509472457,0.014924345527099295,0.5459756544729006,0.0,0.0,0.0,0.0,0.0012359102480858546,28110.390260075776,0.0001660760611042243,68.0230877508291,0.0,0.0,0.0,0.0,0.04163428302055884,1.0601904067529483e-06,6.535918218251433e-10,1.6943504444838714e-14,1.7413839191149686e-09,0.16822621258132645,0.0030294447170936068,0.024883782404409187,8.424053051722101e-07,7.93295344641864e-10,2.359626967866735e-10,1.918253389192635e-10,1.870966740097137e-07,4.294545275635922e-07,6.734003620509518e-07,0.9962307080251184,0.9867513643964799,0.7643052179623688,1e-07,1e-07,2015-08-13 11:34:00,3.66963333333333,55.6200833333333,,278.97273986858795,16660.481944444444,225,8,2015
