,datetime,Unnamed: 0,Unnamed: 0.1,par1,par1_type,par2,par2_type,alkalinity,dic,opt_k_bisulfate,opt_k_carbonic,opt_k_fluoride,opt_total_borate,opt_gas_constant,opt_pH_scale,salinity,temperature,pressure,total_ammonia,total_borate,total_calcium,total_fluoride,total_phosphate,total_silicate,total_sulfate,total_sulfide,peng_correction,gas_constant,total_alpha,total_beta,pH,pCO2,fCO2,bicarbonate,carbonate,aqueous_CO2,xCO2,alkalinity_borate,hydroxide,alkalinity_phosphate,alkalinity_silicate,alkalinity_ammonia,alkalinity_sulfide,hydrogen_free,revelle_factor,saturation_calcite,saturation_aragonite,pH_total,pH_sws,pH_free,pH_nbs,gamma_dic,beta_dic,omega_dic,gamma_alk,beta_alk,omega_alk,isocapnic_quotient,isocapnic_quotient_approx,psi,substrate_inhibitor_ratio,alkalinity_alpha,alkalinity_beta,HCO3,CO3,CO2,BOH4,BOH3,OH,Hfree,H3PO4,H2PO4,HPO4,PO4,H3SiO4,H4SiO4,NH3,NH4,HS,H2S,HSO4,SO4,HF,F,alpha,alphaH,beta,betaH,k_CO2,k_carbonic_1,k_carbonic_2,k_water,k_borate,k_bisulfate,k_fluoride,k_phosphoric_1,k_phosphoric_2,k_phosphoric_3,k_silicate,k_ammonia,k_sulfide,k_calcite,k_aragonite,fugacity_factor,vp_factor,fH,k_alpha,k_beta,longitude,latitude,datenum,dayofyear,month,year,distance_to_shore,total_nitrate
0,2018-01-31,89.125,89.125,2356.2625,1.0,2208.19375,2.0,2356.2625,2208.19375,1.0,4.0,1.0,1.0,3.0,1.0,32.381875,6.2681249999999995,0.0,0.0,384.6041553571429,9515.24715662009,63.214822858821364,0.6443749999999999,16.963124999999998,26123.322818885998,0.0,0.0,83.14462618,0.0,0.0,8.041966711710419,418.1370814705207,416.4460941883243,2073.057744891076,113.98538432892725,21.150620779996743,422.0261881367965,53.2224639535952,1.0468712242651625,0.674860527954097,0.2990638081873067,0.0,0.0,0.008070901766717131,14.585152744053735,2.751949924169873,1.730847309919505,8.041966711710419,8.034505012226706,8.094937661757271,8.144052543509929,0.00015243539344968752,0.00017089089785545,-0.00019455781053578125,-0.00017089089785545,-0.00017823881580529376,0.000186275221516625,1.119898867922347,1.1174112005812398,0.786297710308269,0.25828372635270225,0.0,0.0,2073.057744891076,113.98538432892725,21.150620779996746,53.2224639535952,331.3816914035477,1.0468712242651625,0.008070901766717131,3.079477429145491e-09,0.007894152914251518,0.5981011569789676,0.038379687027303384,0.2990638081873067,16.664061191812692,0.0,0.0,0.0,0.0,0.001044527155024775,26123.321774358843,0.00015763401056589376,63.2146652248108,0.0,0.0,0.0,0.0,0.05064416025018557,9.00532410779248e-07,4.976661412591505e-10,9.428394604451439e-15,1.4391929658296966e-09,0.20109752350424387,0.0032224595168289564,0.024494309881003314,7.216985263568684e-07,5.955048864462597e-10,1.8155926138217225e-10,1.232675012392598e-10,1.466498330667498e-07,3.94060288484738e-07,6.265461510807706e-07,0.9959578211178589,0.990762831911989,0.7770908260142375,1e-07,1e-07,3.88194375,52.86004375,17562.0,31,1,2018,53.50085632110021,31.166249999999998
1,2018-02-28,78.92857142857143,78.92857142857143,2369.1,1.0,2224.35,2.0,2369.1,2224.35,1.0,4.0,1.0,1.0,3.0,1.0,31.965714285714284,5.707857142857143,0.0,0.0,379.66135510204083,9392.960474539324,62.40240770885331,0.6807142857142857,14.288571428571428,25787.594863546045,0.0,0.0,83.14462618,0.0,0.0,8.047748368526694,413.0921204115215,411.409531460508,2090.746140250908,112.26193718731437,21.341922561777835,416.7921155171243,51.87397092720375,0.9886447866453626,0.7127854190293234,0.26370656460235664,0.0,0.0,0.007965744807580236,14.795278751347594,2.7174305490874495,1.7055764468311618,8.047748368526694,8.040386997754451,8.099315659043153,8.149520980116852,0.0001510344729553786,0.00016884001840685714,-0.00019148715785984998,-0.00016884001840685714,-0.00017584419558037143,0.0001834712653841286,1.1171361294757038,1.1143081451716295,0.7905591520821444,0.26278765924787945,0.0,0.0,2090.746140250908,112.26193718731437,21.341922561777814,51.87397092720375,327.7873841748371,0.9886447866453626,0.007965744807580236,3.062969400410099e-09,0.008190609180328165,0.6322619248496834,0.04026174862130467,0.26370656460235664,14.024864863969071,0.0,0.0,0.0,0.0,0.001003369339011157,25787.593860176705,0.0001532088705721143,62.40225449998273,0.0,0.0,0.0,0.0,0.05178795555616368,8.830191535072215e-07,4.814513178335031e-10,8.831748798359972e-15,1.406986664046717e-09,0.20420610573720038,0.00323419001459905,0.02441881486031008,7.0789664655849e-07,5.77392137413166e-10,1.7630151073935412e-10,1.1774999799120737e-10,1.426814657954585e-07,3.8818570473403755e-07,6.183031138126152e-07,0.9959278766996859,0.9911111503900367,0.7778380608687036,1e-07,1e-07,3.9472785714285714,52.56209285714285,17590.0,59,2,2018,43.70831559474164,28.98785714285714
2,2018-03-31,79.92857142857143,79.92857142857143,2388.1785714285716,1.0,2200.035714285714,2.0,2388.1785714285716,2200.035714285714,1.0,4.0,1.0,1.0,3.0,1.0,32.53285714285714,4.485714285714286,0.0,0.0,386.3973918367347,9559.612481528602,63.50956519278317,0.17928571428571427,5.565714285714286,26245.12414316831,0.0,0.0,83.14462618,0.0,0.0,8.164293566301948,306.3739322135415,305.1060992515257,2044.8281162104079,138.76284303021512,16.444755045091345,308.8956754988152,64.36520771672687,1.1463227464564676,0.18948577188340204,0.13077071539933705,0.0,0.0,0.006159297240955321,13.119632827694947,3.355967798554237,2.1061229767203042,8.164293566301948,8.157016931435697,8.21362793425275,8.26278886879473,0.00016814311233316427,0.00019233198972526427,-0.00022475308142294286,-0.00019233198972526427,-0.00020312691671852857,0.0002152312949458643,1.1432157752821586,1.1458319358282245,0.7497086585949184,0.3365278120681899,0.0,0.0,2044.8281162104079,138.76284303021512,16.444755045091416,64.36520771672687,322.03218412000786,1.1463227464564676,0.006159297240955321,5.562340029142608e-10,0.0017921479008970501,0.16550135921753023,0.011992206611052872,0.13077071539933705,5.434943570314949,0.0,0.0,0.0,0.0,0.0007417353544861429,26245.123401432957,0.00011676013726462898,63.50944843264591,0.0,0.0,0.0,0.0,0.05392379221203005,8.588879357646961e-07,4.6384721539846423e-10,7.820018859250716e-15,1.3657799203576508e-09,0.2181599387247351,0.0033523395479845355,0.02450655903463533,6.928080138669233e-07,5.413914773143334e-10,1.6678175839339395e-10,1.0555020133189744e-10,1.3510286118999234e-07,3.956023182736385e-07,6.300901540825299e-07,0.9958615669740051,0.9918386243816049,0.7838657388581144,1e-07,1e-07,3.9472785714285714,52.56209285714285,17621.0,90,3,2018,43.70831559474164,20.243571428571425
3,2018-04-30,91.875,91.875,2395.48125,1.0,2148.52,2.0,2395.48125,2148.52,1.0,4.0,1.0,1.0,3.0,1.0,32.8025,7.353125,0.0,0.0,389.5999785714286,9638.84564606066,64.03595303936193,0.23124999999999998,1.550625,26462.652232661265,0.0,0.0,83.14462618,0.0,0.0,8.239924823669979,255.48536177654245,254.4660402506093,1954.4056955087042,181.69942415802262,12.414880333273077,258.0441143870823,80.75020543929692,1.9348830839376883,0.25121626943617026,0.051797344652291834,0.0,0.0,0.005171183820229967,11.342195174504303,4.39092431615902,2.767817691937456,8.239924823669979,8.232296072737977,8.295789735108238,8.343771754133881,0.00019130047398703334,0.00022719797793743334,-0.00028030924543036664,-0.00022719797793743334,-0.00024559805653043997,0.0002674085988764733,1.1847910015780452,1.205342931446731,0.6892248142366981,0.39248540011532557,0.0,0.0,1954.4056955087042,181.69942415802262,12.414880333273073,80.75020543929692,307.3948231321317,1.9348830839376883,0.005171183820229967,4.825387972425692e-10,0.00178714841258626,0.20787609895770734,0.02167008548050082,0.051797344652291834,1.5968693220143746,0.0,0.0,0.0,0.0,0.0007041140316462534,26363.82750908222,0.00010399755406662351,63.796708602898576,0.0,0.0,0.0,0.0,0.04865456440204395,9.312991649411551e-07,5.245320014497876e-10,1.0638877843698522e-14,1.4948412835111006e-09,0.1942495518972038,0.0031806178276050376,0.024573100337864286,7.449351197900618e-07,6.361777046957874e-10,1.9174555679580002e-10,1.3556644763129995e-10,1.544590532888664e-07,3.9969215865890147e-07,6.338269597362516e-07,0.9960145081304379,0.9900296944349382,0.7745325263707405,1e-07,1e-07,3.88194375,52.86004375,17651.0,120,4,2018,53.50085632110021,12.183125
4,2018-05-31,102.72222222222223,102.72222222222223,2391.588888888889,1.0,2014.25,2.0,2391.588888888889,2014.25,1.0,4.0,1.0,1.0,3.0,1.0,32.10888888888889,11.823888888888888,0.0,0.0,381.3618603174603,9435.031594131915,62.68190842268055,0.21411764705882352,1.4982352941176469,25903.097637187042,0.0,0.0,83.14462618,0.0,0.0,8.38526962172044,193.06039539005639,192.3359356674615,1734.1846462596009,270.86736855966205,8.053867533678279,195.72195469780763,113.75388324973862,4.794056308702813,0.25432121827989806,0.07125958766173265,0.0,0.0,0.003933791757950559,9.51834066692535,6.570862725595468,4.167236897616675,8.38526962172044,8.377204463983063,8.451368752375707,8.49881118520942,0.0002132389111152,0.0002729137497468,-0.00040167153098993527,-0.0002729137497468,-0.0003130490350595588,0.0003755496967473941,1.2760935867039793,1.459626112940012,0.57829190483616,0.5130941068423273,0.0,0.0,1734.1846462596009,270.86736855966205,8.053867533678286,113.75388324973862,266.1470108679084,4.794056308702813,0.003933791757950559,2.101736490585677e-10,0.0009801901755702293,0.17195369485608739,0.041183761816992105,0.07125958766173265,1.4269757064559145,0.0,0.0,0.0,0.0,0.0006486721502044707,25803.86433298167,8.598528234794609e-05,62.441693155804344,0.0,0.0,0.0,0.0,0.04205870616468537,1.0383920055450496e-06,6.165633673385866e-10,1.6561796169227943e-14,1.6900424270732461e-09,0.15785721023761973,0.0028703044330807225,0.02443259174623611,8.177352505136321e-07,8.205836970144928e-10,2.3451580819783714e-10,1.9816494917291135e-10,1.8728141108975524e-07,3.893401051032403e-07,6.137237746343774e-07,0.9962393412793222,0.9865529349435604,0.7563173971446916,1e-07,1e-07,4.461683333333333,52.889627777777775,17682.0,151,5,2018,17.08884730421702,4.614117647058824
5,2018-06-30,71.0,71.0,2412.3333333333335,1.0,2142.491666666667,2.0,2412.3333333333335,2142.491666666667,1.0,4.0,1.0,1.0,3.0,1.0,32.017500000000005,15.166666666666666,0.0,0.0,380.27642142857144,9408.17743991303,62.50350206349426,0.16166666666666663,1.2049999999999998,25829.371781395686,0.0,0.0,83.14462618,0.0,0.0,8.162001134483361,316.3022082261616,315.1621437290851,1933.1629097864704,197.37749875515942,11.95125812503678,321.6782968015486,80.83436205521225,3.362422385941916,0.1803151327049093,0.045395514115618256,0.0,0.0,0.005838511728876751,10.76571566450157,4.80013416341399,3.0643526768152327,8.162001134483361,8.153575146858515,8.236647613730556,8.28186636141429,0.000199440957091875,0.00023914331123179168,-0.000298816621251275,-0.00023914331123179168,-0.000259999225855825,0.00028490516017454166,1.1983164407011844,1.2262157601246646,0.6693650778975379,0.3350103410231118,0.0,0.0,1933.1629097864704,197.37749875515942,11.951258125036793,80.83436205521225,299.4420593733592,3.362422385941916,0.005838511728876751,3.3466927393765036e-10,0.0011381070300063333,0.14074198556440334,0.01978657373758756,0.045395514115618256,1.1596044858843817,0.0,0.0,0.0,0.0,0.0010946609884429916,25829.370686734695,0.00013587871323054166,62.50336618478102,0.0,0.0,0.0,0.0,0.037914885017329564,1.1237565932780112e-06,7.002660769842212e-10,2.2967979473639443e-14,1.8560146761599996e-09,0.1378771330164727,0.0026863406307169584,0.02430729951491405,8.744376178011294e-07,9.812347818172839e-10,2.712933282487264e-10,2.617248724954327e-10,2.145140284489108e-07,3.8721658847359344e-07,6.06438313571326e-07,0.9963962323307074,0.9832743350001435,0.7442558957238603,1e-07,1e-07,3.906575,52.27535833333334,17712.0,181,6,2018,31.544871690567934,0.8608333333333333
6,2018-07-31,112.05,112.05,2396.34,1.0,2177.2368421052633,2.0,2396.3399999999997,2177.2368421052633,1.0,4.0,1.0,1.0,3.0,1.0,32.7005,18.27,0.0,0.0,388.38851000000005,9608.873471503897,63.83683202084154,0.14749999999999996,1.0745,26380.36611033121,0.0,0.0,83.14462618,0.0,0.0,7.991080455957366,841.6876937096102,838.7438087632509,1976.885135870713,170.77602424841086,29.575681986139337,858.4144139884243,70.105126914118,3.4043787705955544,0.1591368444239396,0.03721207666192476,0.0,0.0,0.013573449637423305,11.110926709309773,4.144840450011819,2.6692959136442944,7.991080455957366,7.982272664841942,8.074843370459398,8.115960677139308,0.00019826808313567896,0.0002317610220721895,-0.0002804500815758105,-0.0002317610220721895,-0.00024658193351279474,0.00026464418339745263,1.1735181064194524,1.1919141574274017,0.7067725188224346,0.2590299885311698,0.0,0.0,1976.885135870713,170.77602424841086,29.5756819861393,70.105126914118,318.87755278513015,3.4043787705955544,0.013573449637423305,9.074446221103848e-10,0.0012661828308395263,0.1256992082446789,0.016718818543352627,0.03721207666192476,1.0401563443907067,0.0,0.0,0.0,0.0,0.0028170541244455735,26420.720857402328,0.0003326800986127842,63.93415905596667,0.0,0.0,0.0,0.0,0.0344933068685087,1.2130180749627012e-06,8.013647071040974e-10,3.1365128199458036e-14,2.0420835558807536e-09,0.12395962528752114,0.00256704438314434,0.02427982803885122,9.361222853041846e-07,1.152858365795447e-09,3.104823604409522e-10,3.372116020937536e-10,2.4226636736884136e-07,3.96073254828864e-07,6.149316379323139e-07,0.9965338090736532,0.9795962589495911,0.7346559062156075,1e-07,1e-07,4.641724999999999,53.004265,17743.0,212,7,2018,7.989107447554105,0.39649999999999996
7,2018-08-31,104.77777777777777,104.77777777777777,2301.4,1.0,2079.2,2.0,2301.4,2079.2,1.0,4.0,1.0,1.0,3.0,1.0,33.06777777777778,19.707222222222224,0.0,0.0,392.7507206349207,9716.796154507574,64.55381952271424,0.30499999999999994,5.453888888888889,26676.658896128574,0.0,0.0,83.14462618,0.0,0.0,8.002902816459079,450.4375507717893,448.8789102967805,1902.064702822792,161.8950818310681,15.24021534613949,459.84836748015016,72.1978453660036,3.289673709391964,0.0656019151461389,0.0021538576415545,0.0,0.0,0.0081453394260382,11.375062229223666,3.873307748538745,2.506137818209069,8.002902816459079,7.993904919649479,8.089090813407775,8.125676703737248,0.0001827858132202,0.0002145389412909,-0.0002596436315253,-0.0002145389412909,-0.0002296712901706,0.0002471003332555,1.1737176836166965,1.1854402303989866,0.703987277278805,0.2335157079817268,0.0,0.0,1902.064702822792,161.8950818310681,15.240215346139571,72.1978453660036,340.65164034828206,3.289673709391964,0.0081453394260382,2.2112545984493006e-10,0.0005487791647972,0.0533005258608902,0.006150694753187,0.0021538576415545,0.0678461423584454,0.0,0.0,0.0,0.0,0.0017880435221023,28041.81793933413,0.0002079501632069,67.8571116946267,0.0,0.0,0.0,0.0,0.03302555518536676,1.255512882487506e-06,8.527500878536597e-10,3.595204736348808e-14,2.1339986069376836e-09,0.11800725347534015,0.0025154964613226163,0.02426760370674521,9.656695656341994e-07,1.2382906885882902e-09,3.297247520613478e-10,3.7658217512059634e-10,2.556045817159426e-07,4.0096266983388764e-07,6.198298092967959e-07,0.9965957939251974,0.9777337985397487,0.7301438329655348,1e-07,1e-07,4.146405555555556,52.99070555555556,17774.0,243,8,2018,39.405682432876965,0.825
8,2018-09-30,85.78571428571429,85.78571428571429,2385.835714285714,1.0,2161.8571428571427,2.0,2385.835714285714,2161.8571428571427,1.0,4.0,1.0,1.0,3.0,1.0,32.74142857142857,18.310714285714287,0.0,0.0,388.87462448979596,9620.900121378563,63.91673142113018,0.32857142857142857,3.9771428571428573,26413.384281266168,0.0,0.0,83.14462618,0.0,0.0,8.02064871629351,454.9966955231384,453.42066629323017,1979.2645810439064,166.98344393212219,15.609117881114276,464.47094508574156,68.83316033102656,3.300098996606225,0.35993402290317117,0.1208097818112611,0.0,0.0,0.007879428228093708,11.704001465793647,4.051074829292069,2.609136364775673,8.02064871629351,8.011829299845898,8.104720890219475,8.145820141006759,0.00018505398480178574,0.00021668285847099999,-0.00026146016173209287,-0.00021668285847099999,-0.00023194583572570715,0.00024954758482074286,1.1704312044835858,1.1840736708470812,0.708984062704859,0.2523946760683,0.0,0.0,1979.2645810439064,166.98344393212219,15.6091178811143,68.83316033102656,320.0414641587694,3.300098996606225,0.007879428228093708,1.2656319310812767e-09,0.0030890631388754072,0.2910307041650392,0.0344516600018819,0.1208097818112611,3.8563330753315954,0.0,0.0,0.0,0.0,0.0016821893385140215,26413.38259907683,0.00019613721723179284,63.91653528391294,0.0,0.0,0.0,0.0,0.03441354589721483,1.2144347603660161e-06,8.033386378122766e-10,3.1354366331499664e-14,2.0450273790185827e-09,0.12362772452570285,0.002565365239614143,0.02428551879316707,9.372935008020637e-07,1.1506663726448888e-09,3.107856897672192e-10,3.364904027503264e-10,2.42471094878956e-07,3.968699093514419e-07,6.160764876796695e-07,0.9965361696179065,0.9796024259519556,0.734545701555616,1e-07,1e-07,3.9472785714285714,52.56209285714285,17804.0,273,9,2018,43.70831559474164,1.0342857142857143
9,2018-10-31,86.78571428571429,86.78571428571429,2388.207142857143,1.0,2166.1142857142854,2.0,2388.207142857143,2166.1142857142854,1.0,4.0,1.0,1.0,3.0,1.0,32.777857142857144,16.080714285714286,0.0,0.0,389.30729183673475,9631.604469434551,63.98784607060175,0.24285714285714283,2.9514285714285715,26442.772182098328,0.0,0.0,83.14462618,0.0,0.0,8.05052664046847,418.6346931713103,417.14319488199226,1985.7360354697414,165.05609553142818,15.322154713116062,426.17932081708176,69.15124822270398,2.8602564709014926,0.2657136979591114,0.09079946208834822,0.0,0.0,0.007460202756509721,11.787204618678246,3.996962180581913,2.5610218488625285,8.05052664046847,8.041938328364314,8.128296816041416,8.1711473429986,0.00018389991549352144,0.00021489925974803572,-0.00025851216214849284,-0.00021489925974803572,-0.00022978867268879998,0.0002469078501171,1.1683240028226567,1.1807432383063914,0.7119404820636619,0.2676123207425923,0.0,0.0,1985.7360354697414,165.05609553142818,15.322154713116046,69.15124822270398,320.15604361403075,2.8602564709014926,0.007460202756509721,7.897643172618532e-10,0.0021458591964398288,0.21570886699300154,0.025002415877937036,0.09079946208834822,2.860629109340223,0.0,0.0,0.0,0.0,0.0014630211320987355,26442.770719077198,0.00017830521966352144,63.98766776538208,0.0,0.0,0.0,0.0,0.03672478010427265,1.1560068293959275e-06,7.389344341967236e-10,2.538639827448491e-14,1.9236384145440864e-09,0.13487156933839775,0.0026774819995203218,0.024404895107878466,8.994398468964017e-07,1.025570448643568e-09,2.8323858904028657e-10,2.806866460610341e-10,2.2277735787459567e-07,3.9815943345238624e-07,6.212386060205032e-07,0.9964377676732523,0.9822846067659083,0.7426795756113732,1e-07,1e-07,3.9472785714285714,52.56209285714285,17835.0,304,10,2018,43.70831559474164,1.377857142857143
10,2018-11-30,87.78571428571429,87.78571428571429,2391.078571428571,1.0,2202.092857142857,2.0,2391.078571428571,2202.092857142857,1.0,4.0,1.0,1.0,3.0,1.0,33.01428571428571,12.15,0.0,0.0,392.115387755102,9701.077787209679,64.44939408972112,0.41846153846153844,5.076923076923077,26633.50542083255,0.0,0.0,83.14462618,0.0,0.0,8.034065405576056,435.77076951124036,434.13742558323156,2040.4448072643313,141.57068539836885,18.022968875761407,441.8106494707316,62.28818491008149,1.8984603201531327,0.44710743632190564,0.12029274543968692,0.0,0.0,0.007944857091062215,12.932648548869015,3.409711010690001,2.169472949978915,8.034065405576056,8.025877609832726,8.10157284897515,8.1464123997216,0.00017073153964532309,0.0001957312794787846,-0.00022946745474826922,-0.0001957312794787846,-0.00020687973298086923,0.00021941111066520002,1.145620415570335,1.1499485816811175,0.7461608639129639,0.25808928885689597,0.0,0.0,2040.4448072643313,141.57068539836885,18.022968875761407,62.28818491008149,330.7995623426658,1.8984603201531327,0.007944857091062215,1.736039020402569e-09,0.004420071821197192,0.38097549175065976,0.03306597315364239,0.12029274543968692,4.95663033148339,0.0,0.0,0.0,0.0,0.001333018556572346,26699.549294812365,0.00017636664852653078,64.60903797603282,0.0,0.0,0.0,0.0,0.041414716537415505,1.0560592037872664e-06,6.391403375431962e-10,1.7391857614456806e-14,1.727216814866987e-09,0.15845769271037943,0.002899763153041407,0.0245800521838666,8.334483426119419e-07,8.303298553145716e-10,2.392068351073599e-10,2.0252550425850502e-10,1.9033961276852093e-07,4.02535238169887e-07,6.328027235382427e-07,0.9962550894429615,0.9862701577784395,0.7574115234254375,1e-07,1e-07,3.9472785714285714,52.56209285714285,17865.0,334,11,2018,43.70831559474164,3.623076923076923
11,2018-12-31,88.78571428571429,88.78571428571429,2393.7846153846153,1.0,2218.307142857143,2.0,2393.7846153846153,2218.307142857143,1.0,4.0,1.0,1.0,3.0,1.0,33.355000000000004,9.335714285714285,0.0,0.0,396.1621,9801.194924909787,65.114525223014,0.49142857142857144,5.828571428571428,26908.368728615696,0.0,0.0,83.14462618,0.0,0.0,8.033348920951068,433.0242183384558,431.34066384189913,2075.939865318129,128.7693781506732,19.629218069659427,437.98666949500637,58.24210729982082,1.422688641867389,0.5232260433541367,0.12741918418666587,0.0,0.0,0.008071245498464377,13.654452766999079,3.0975321273521748,1.9616581256741463,8.033348920951068,8.02546393390035,8.093894583497974,8.139822049236011,0.00016326850670793076,0.0001849908343560769,-0.00021346299520203846,-0.0001849908343560769,-0.0001941569543855923,0.00020429703712473846,1.1325870589064817,1.1329628768212205,0.7660922789633708,0.2578751825287976,0.0,0.0,2075.939865318129,128.7693781506732,19.629218069659434,58.24210729982082,336.8464817111683,1.422688641867389,0.008071245498464377,2.1118463500984725e-09,0.005504377239794523,0.45499596506150425,0.03411504020223933,0.12741918418666587,5.854888508121027,0.0,0.0,0.0,0.0,0.0012062571466299615,26835.451840806658,0.0001699014439732231,64.93790947182535,0.0,0.0,0.0,0.0,0.04533639910766073,9.871757227413138e-07,5.768654899463736e-10,1.3198618413375665e-14,1.5988093526009902e-09,0.17956234966539747,0.0030847740695418642,0.024675632973310248,7.868222290722043e-07,7.098068074654412e-10,2.1108152342609716e-10,1.5970316070039297e-10,1.690166573093478e-07,4.0764435980433735e-07,6.435338670953555e-07,0.9961163903436484,0.988607865757527,0.768613530160141,1e-07,1e-07,3.9472785714285714,52.56209285714285,17896.0,365,12,2018,43.70831559474164,6.458571428571429
12,2019-01-31,191.5,191.5,2354.975,1.0,2206.125,2.0,2354.975,2206.125,1.0,4.0,1.0,1.0,3.0,1.0,32.603125,6.3675,0.0,0.0,387.23197321428574,9580.26032937189,63.64673977399426,0.535625,10.029375,26301.81109894015,0.0,0.0,83.14462618,0.0,0.0,8.041228351784497,415.79500646310873,414.11537010864436,2070.7318945498573,114.46097225446225,20.932133195680297,419.6877531255352,53.52311242098481,1.058419413421344,0.5616704144340818,0.18721933604616786,0.0,0.0,0.008051239495688669,14.502367306700325,2.7614352566467026,1.738029737209846,8.041228351784497,8.033734343195134,8.09460109835929,8.143162566317557,0.0001528203762961375,0.00017133263644235626,-0.0001950308003582,-0.00017133263644235626,-0.00017870062085938125,0.000186748092885275,1.1203633783218256,1.1177902675021958,0.7854048383541247,0.25747906721314706,0.0,0.0,2070.7318945498573,114.46097225446225,20.932133195680244,53.52311242098481,333.7088607933009,1.058419413421344,0.008051239495688669,2.40007325435431e-09,0.006363687628657212,0.49685220310838385,0.03240910686288553,0.18721933604616786,9.842155663953832,0.0,0.0,0.0,0.0,0.0010511249716194126,26301.810047815175,0.00015827920108538125,63.646581494793175,0.0,0.0,0.0,0.0,0.05042309882639322,9.053910933212472e-07,5.028147958578429e-10,9.586862459869003e-15,1.4485519148152722e-09,0.20093121104166134,0.0032285723350958125,0.024537756554866712,7.261397401183427e-07,5.999243699482288e-10,1.827773427452388e-10,1.2425944390018617e-10,1.4751530674996745e-07,3.971078068848028e-07,6.309041881451018e-07,0.9959629596701263,0.9906948699412651,0.7772878719659062,1e-07,1e-07,3.88194375,52.86004375,17927.0,31,1,2019,53.50085632110021,18.365625
13,2019-02-28,206.5,206.5,2360.5214285714287,1.0,2220.3214285714284,2.0,2360.5214285714283,2220.3214285714284,1.0,4.0,1.0,1.0,3.0,1.0,32.392857142857146,6.118571428571428,0.0,0.0,384.7345918367347,9518.474202725205,63.23626183402971,0.6514285714285714,12.28,26132.182406636868,0.0,0.0,83.14462618,0.0,0.0,8.024313791484634,436.396744414831,434.6278870172603,2088.658780466874,109.46471606911027,22.197932035444573,440.40742103123796,51.0554422745957,0.9896722801802852,0.6801805977191586,0.21755751285909988,0.0,0.0,0.008392451943149007,14.917258106061125,2.6440782209993308,1.662915029866032,8.024313791484634,8.016865700815076,8.077047305882699,8.126143251301801,0.0001495992011318357,0.00016691155598102858,-0.0001888483512119643,-0.00016691155598102858,-0.0001735923658199643,0.00018085089855874998,1.1148615606234782,1.111559419076288,0.7942589826958332,0.2494650137903292,0.0,0.0,2088.658780466874,109.46471606911027,22.19793203544459,51.0554422745957,333.67914956213906,0.9896722801802852,0.008392451943149007,3.3040967411083974e-09,0.008273255268636485,0.606130024688421,0.03702528816741717,0.21755751285909988,12.062442487140899,0.0,0.0,0.0,0.0,0.0010806602164458714,26132.181325976653,0.00016358686032952858,63.23609824716937,0.0,0.0,0.0,0.0,0.05091230638892419,8.973438419935896e-07,4.94819122428429e-10,9.289292434249106e-15,1.4333186598909125e-09,0.20218673079749447,0.003232638209023836,0.02450314590895358,7.198121127613097e-07,5.92499810148977e-10,1.8034277063604265e-10,1.216978156063383e-10,1.45715368266973e-07,3.9402591408858545e-07,6.265107486306072e-07,0.9959498300082575,0.9908566744209067,0.7775608104830196,1e-07,1e-07,3.9472785714285714,52.56209285714285,17955.0,59,2,2019,43.70831559474164,22.944285714285716
15,2019-04-30,231.0,231.0,2360.4555555555557,1.0,2108.692592592593,2.0,2360.4555555555553,2108.692592592593,1.0,4.0,1.0,1.0,3.0,1.0,32.67703703703704,9.046296296296296,0.0,0.0,388.1098370370371,9601.979000704438,63.79102840238379,0.2722222222222222,4.935555555555555,26361.437911894,0.0,0.0,83.14462618,0.0,0.0,8.20994908796982,284.91102564951404,283.795095822422,1914.012802227841,181.48360436039914,13.19618600435266,288.056322720452,80.77113167409415,2.242143176964303,0.294699221928058,0.17420361775840984,0.0,0.0,0.005690885515357823,11.497056597569,4.386359751684834,2.7721819123017917,8.20994908796982,8.202144736495864,8.269428512532958,8.316800209720812,0.0001880488641228037,0.00022486542083696297,-0.00028170546997909263,-0.00022486542083696297,-0.0002443188697908444,0.0002680156696285333,1.1881785368937994,1.2153340333121838,0.6867302048177554,0.36968869000302834,0.0,0.0,1914.012802227841,181.48360436039914,13.19618600435266,80.77113167409415,307.33870536294296,2.242143176964303,0.005690885515357823,8.048700842330992e-10,0.002426648787848155,0.24489192252607972,0.024903650103424133,0.17420361775840984,4.761351937797145,0.0,0.0,0.0,0.0,0.000824462401048274,26361.437087431597,0.00011773591207382246,63.79091066647171,0.0,0.0,0.0,0.0,0.045965763835082454,9.726256146229042e-07,5.599793292082107e-10,1.2666357534302678e-14,1.5697040213631213e-09,0.18009383137860147,0.0030671586461316963,0.024550812871398247,7.736353402034088e-07,7.000178609324631e-10,2.0742473826309997e-10,1.5696033129095254e-10,1.6652193138476496e-07,3.9794954896721505e-07,6.296097214450614e-07,0.9961014398119848,0.9888059002226518,0.7680237068378388,1e-07,1e-07,4.103811111111111,52.86287407407408,18016.0,120,4,2019,38.83147761918631,11.276666666666666
16,2019-05-31,256.5,256.5,2379.9166666666665,1.0,2106.775,2.0,2379.9166666666665,2106.775,1.0,4.0,1.0,1.0,3.0,1.0,32.50333333333334,11.724166666666667,0.0,0.0,386.04673333333335,9550.93706218911,63.45192979059707,0.1208333333333333,3.692083333333333,26221.306498049435,0.0,0.0,83.14462618,0.0,0.0,8.217091575329116,272.31753301528414,271.29242508293197,1898.8174300509218,196.54161698198004,11.415952967098171,276.01565257493326,84.96132272014253,2.781987122434662,0.13315139569784792,0.14585611072771296,0.0,0.0,0.005326120890435008,10.741207773264456,4.754089755065994,3.016389857347683,8.217091575329116,8.209004960354251,8.282953739603782,8.32941261214863,0.0001976325542325125,0.00023800977454603751,-0.000300149042108025,-0.00023800977454603751,-0.00025953472853194583,0.0002856152703371875,1.2016210834887138,1.2321461128409548,0.6657834271893207,0.36972227924431306,0.0,0.0,1898.8174300509218,196.54161698198004,11.415952967098155,84.96132272014253,301.08541061319085,2.781987122434662,0.005326120890435008,2.5120884229030684e-10,0.0008813322886152183,0.10675260563796164,0.013199395155547513,0.14585611072771296,3.5462272226056197,0.0,0.0,0.0,0.0,0.0008720303017931125,26221.305626019133,0.0001165460256322154,63.45181324457144,0.0,0.0,0.0,0.0,0.04210892962634349,1.0389323419406657e-06,6.199029826945182e-10,1.650452241983038e-14,1.6929434433110158e-09,0.16027010782567105,0.0028989513748166958,0.024483220307978684,8.18719285476734e-07,8.092077136900603e-10,2.338852736344279e-10,1.964465825552417e-10,1.8659284193414561e-07,3.953339408161534e-07,6.228436638846605e-07,0.9962343293003143,0.9866316992650367,0.7579101652849854,1e-07,1e-07,4.441375,52.863191666666665,18047.0,151,5,2019,17.0661833976292,4.95
17,2019-06-30,276.75,276.75,2386.5875,1.0,2163.8625,2.0,2386.5875,2163.8624999999997,1.0,4.0,1.0,1.0,3.0,1.0,32.9725,14.723125,0.0,0.0,391.6190928571429,9688.79927032193,64.36782140356256,0.22374999999999995,2.315,26599.795769878012,0.0,0.0,83.14462618,0.0,0.0,8.06973192407021,400.1785408708294,398.7300284934926,1984.015407998791,164.6434786518964,15.203613349312404,406.8330102620317,70.34660003708747,2.632840770165211,0.24385390619313016,0.07059038048194091,0.0,0.0,0.007231626509143413,11.810223670456258,3.976916916320773,2.542194739508969,8.06973192407021,8.061272484633,8.143931452141839,8.187331259162335,0.0001836493038622875,0.00021473174292211875,-0.0002586383851364125,-0.00021473174292211875,-0.00022969713568573124,0.00024694498171849374,1.1686188473053194,1.181074776748316,0.7117384602507806,0.27746584680715,0.0,0.0,1984.015407998791,164.6434786518964,15.203613349312395,70.34660003708747,321.2724928200554,2.632840770165211,0.007231626509143413,7.374598291022766e-10,0.0020054228073514437,0.19963524597978727,0.022109330475401326,0.07059038048194091,2.244409619518059,0.0,0.0,0.0,0.0,0.0013499041973892626,26599.794419973816,0.00016886580519099374,64.36765253775738,0.0,0.0,0.0,0.0,0.0382261144840788,1.1224259505604084e-06,7.045770633907772e-10,2.235943196441615e-14,1.8564524640526959e-09,0.14298307074318128,0.0027587337426601376,0.02449326644855438,8.779653287994983e-07,9.550731111598647e-10,2.6763821021685755e-10,2.5128037917218853e-10,2.1136449677463713e-07,4.012957994922442e-07,6.277071744049546e-07,0.9963758615499894,0.9837493465009409,0.748096547508614,1e-07,1e-07,4.23663125,52.74633125,18077.0,181,6,2019,27.67907871864629,2.8925
18,2019-07-31,301.38235294117646,301.38235294117646,2374.485294117647,1.0,2129.1882352941175,2.0,2374.485294117647,2129.1882352941175,1.0,4.0,1.0,1.0,3.0,1.0,32.91764705882353,17.749411764705883,0.0,0.0,390.9675966386555,9672.6810161269,64.26073931026946,0.10882352941176468,1.4323529411764704,26555.544438232813,0.0,0.0,83.14462618,0.0,0.0,8.070568279750525,395.52554254091865,394.1457078847866,1935.0446690896467,180.36674512850328,13.776821075967732,403.4985721188692,74.99645577029632,3.5474124838886625,0.12072347663014786,0.051264808988633906,0.0,0.0,0.0070659998333450205,11.12732083299041,4.373056607428088,2.813749279594164,8.070568279750525,8.061792668195185,8.153185750394936,8.194328970239598,0.00019164321117067648,0.00022719999960192058,-0.000279109529725497,-0.00022719999960192058,-0.00024507900804609704,0.0002660574531660176,1.1849741083704532,1.204774715632983,0.6880436360992706,0.27667889525828787,0.0,0.0,1935.0446690896467,180.36674512850328,13.77682107596774,74.99645577029632,315.9711408683592,3.5474124838886625,0.0070659998333450205,3.1613451220090097e-10,0.0008820870561706708,0.09515940713263654,0.012782034906822868,0.051264808988633906,1.3810881321878365,0.0,0.0,0.0,0.0,0.001481168566043753,26555.542957064252,0.00017460041065139116,64.26056470985881,0.0,0.0,0.0,0.0,0.034972763844627074,1.2014492742072176e-06,7.898629849886883e-10,2.997590494600204e-14,2.018556822498524e-09,0.1270633326259056,0.002603160643281456,0.024343030034470945,9.295474425915799e-07,1.1198576915090543e-09,3.0421073194932527e-10,3.2309896623389306e-10,2.3768237111774885e-07,3.9957198805932066e-07,6.208774951976862e-07,0.9965111249639117,0.980251285161304,0.7370359786696536,1e-07,1e-07,4.477914705882353,53.040685294117644,18108.0,212,7,2019,19.447892692911523,0.5458823529411765
19,2019-08-31,330.5,330.5,2365.6208333333334,1.0,2146.0875,2.0,2365.620833333333,2146.0875,1.0,4.0,1.0,1.0,3.0,1.0,33.510416666666664,18.997083333333332,0.0,0.0,398.008005952381,9846.863311795702,65.4179244873445,0.21791666666666665,2.8633333333333333,27033.747501610418,0.0,0.0,83.14462618,0.0,0.0,7.9932558299531715,484.48867144205246,482.8245024406058,1966.347360947624,163.50554763404818,16.234591418327593,495.02879575986486,68.57076071776267,3.3749978288742457,0.23849528273559395,0.0885673397581009,0.0,0.0,0.008376030496712154,11.731098283796827,3.951115601091331,2.5540333353288385,7.9932558299531715,7.984297862744871,8.080185959927219,8.118881568239827,0.0001835080139064375,0.0002146476547537,-0.0002587183827505625,-0.0002146476547537,-0.00022953833104190835,0.00024670513746821666,1.1687637450732142,1.181457870160571,0.7115928843034224,0.2379125339125847,0.0,0.0,1966.347360947624,163.50554763404818,16.23459141832757,68.57076071776267,329.4372452346183,3.3749978288742457,0.008376030496712154,9.05894328121478e-10,0.0020941723749312332,0.19314970313019378,0.0226727902556472,0.0885673397581009,2.774765993575232,0.0,0.0,0.0,0.0,0.001854807832920971,27033.74564680259,0.0002132131882770625,65.41771127415622,0.0,0.0,0.0,0.0,0.03361592775248111,1.2420019989627802e-06,8.396757318331967e-10,3.3951373435973523e-14,2.1060495714394722e-09,0.1221311047885738,0.002569677412817333,0.024394776459457226,9.597192919689287e-07,1.1940390522470809e-09,3.2124075246574434e-10,3.5505955151080354e-10,2.4939709633082825e-07,4.0780510176406937e-07,6.308682649048544e-07,0.9965655128903963,0.9786958822638246,0.733546731918624,1e-07,1e-07,4.204916666666667,52.939,18139.0,243,8,2019,34.90928682925421,1.0262499999999999
20,2019-09-30,349.5,349.5,2360.657142857143,1.0,2136.5285714285715,2.0,2360.657142857143,2136.5285714285715,1.0,4.0,1.0,1.0,3.0,1.0,33.55357142857143,18.050714285714285,0.0,0.0,398.5205612244898,9859.54411627379,65.50216978287862,0.36071428571428565,3.774285714285714,27068.56159981846,0.0,0.0,83.14462618,0.0,0.0,8.017732062423876,449.965805425784,448.4018595616352,1955.4701049038363,165.57547385201264,15.482992672722569,459.1666468266386,70.28786267092673,3.2450619506785707,0.39464158206465993,0.11835107130408296,0.0,0.0,0.007933573428244335,11.587714895184245,3.9944853796048387,2.5758664773666893,8.017732062423876,8.008869861026579,8.10184403125604,8.141346724468308,0.00018463620022100713,0.0002163960865378357,-0.00026143968865780713,-0.0002163960865378357,-0.00023166795518013571,0.0002492820096653,1.1716074930668106,1.1846414918485568,0.7072236478482437,0.24790038678518472,0.0,0.0,1955.4701049038363,165.57547385201264,15.482992672722622,70.28786267092673,328.2326985535631,3.2450619506785707,0.007933573428244335,1.3223769224947383e-09,0.0033062875618707,0.3201744102730392,0.03723358655699875,0.11835107130408296,3.6559346429816313,0.0,0.0,0.0,0.0,0.0016949269138414786,27068.55990489154,0.00019852535047555,65.50197125752814,0.0,0.0,0.0,0.0,0.0345159843005297,1.2170439443579022e-06,8.113214458377978e-10,3.1028745692844744e-14,2.0529463549194244e-09,0.12665875197134766,0.00261684771229485,0.024452483031990605,9.436236581350429e-07,1.1337130899656717e-09,3.089327948389588e-10,3.2813133631105784e-10,2.406983045241327e-07,4.0896793987727587e-07,6.341038291882244e-07,0.9965249175963582,0.9799444122157179,0.7371051611135053,1e-07,1e-07,3.9472785714285714,52.56209285714285,18169.0,273,9,2019,43.70831559474164,0.65
25,2020-02-29,367.5,367.5,2364.56,1.0,2216.83,2.0,2364.56,2216.83,1.0,4.0,1.0,1.0,3.0,1.0,32.439,7.679,0.0,0.0,385.2826371428572,9532.03304359612,63.32634039002703,0.599,14.587,26169.407081024277,0.0,0.0,83.14462618,0.0,0.0,8.017690620561714,446.80314705950286,445.0291774500788,2080.7133242110654,114.618435401347,21.498240387587703,451.38148052422576,52.570362740671875,1.1465396644285941,0.6286820055184325,0.27401143328236266,0.0,0.0,0.00845484043081335,14.554915024022128,2.767015586636977,1.744332828696486,8.017690620561714,8.010061240419853,8.073905616115226,8.122400781320327,0.00015308369368354,0.00017155071127757001,-0.00019519058486251,-0.00017155071127757001,-0.00017888217611735,0.00018689183906845999,1.119703077148596,1.1174578566307705,0.7865142896728188,0.2467823262992237,0.0,0.0,2080.7133242110654,114.618435401347,21.49824038758772,52.570362740671875,332.7122744021853,1.1465396644285941,0.00845484043081335,2.917303840054677e-09,0.007293575087579621,0.5547308355544966,0.036975586440619754,0.27401143328236266,14.312988566717635,0.0,0.0,0.0,0.0,0.00116577216233702,26169.40591525211,0.00017024506740487,63.32617014495962,0.0,0.0,0.0,0.0,0.048191372978892,9.363161589207265e-07,5.2765973758718e-10,1.0929866822943974e-14,1.5030971858025905e-09,0.18914783059549073,0.0031347207345660704,0.02452066170908655,7.476361316414063e-07,6.470083858135271e-10,1.942301916197205e-10,1.3907342654560807e-10,1.564636700752112e-07,3.947699901905061e-07,6.26252477204806e-07,0.9960319542231868,0.9898264792391348,0.7720961338858849,1e-07,1e-07,3.7011200000000004,52.00757,18321.0,60,2,2020,21.436114211677438,30.528
26,2020-03-31,377.25,377.25,2346.86875,1.0,2183.775,2.0,2346.86875,2183.775,1.0,4.0,1.0,1.0,3.0,1.0,32.59875,7.886875,0.0,0.0,387.18001071428574,9578.974758159284,63.638199044033215,0.47875,9.435625,26298.281669673543,0.0,0.0,83.14462618,0.0,0.0,8.052536259349486,407.3332227882469,405.7218877313267,2040.9114338453949,123.46634694714646,19.397219207458587,411.589914136408,57.07081090180264,1.2688543357253739,0.5049524883405477,0.18907520566983418,0.0,0.0,0.00782315012084865,13.875351721683716,2.9788134834406024,1.8787560068262608,8.052536259349486,8.044872361212411,8.109188319324048,8.157266421352166,0.0001583269715699,0.00017909567788881875,-0.00020627830967286876,-0.00017909567788880625,-0.00018779277473313127,0.00019741050725986876,1.1300246938928984,1.1296153216047136,0.7702868791927407,0.26324824225379156,0.0,0.0,2040.9114338453949,123.46634694714646,19.397219207458544,57.07081090180264,330.1091998124831,1.2688543357253739,0.00782315012084865,2.097319869811596e-09,0.005473836544154194,0.44159983227918415,0.03167632907934165,0.18907520566983418,9.246549794330166,0.0,0.0,0.0,0.0,0.0010890821961882125,26298.280580591345,0.0001584389090326125,63.63804060512418,0.0,0.0,0.0,0.0,0.047791110987567303,9.423954055776177e-07,5.333769381919215e-10,1.1166229644470902e-14,1.514406224741004e-09,0.18871939865878942,0.0031331986006670936,0.024536121827203394,7.518901711440397e-07,6.524747180344998e-10,1.9620003286281077e-10,1.4157765048028305e-10,1.579441486892415e-07,3.9705548742950407e-07,6.295135386864009e-07,0.9960426656490149,0.9896792729461124,0.7720270573355328,1e-07,1e-07,3.88194375,52.86004375,18352.0,91,3,2020,53.50085632110021,23.9225
28,2020-05-31,409.5,409.5,2402.5875,1.0,2119.16875,2.0,2402.5875,2119.16875,1.0,4.0,1.0,1.0,3.0,1.0,32.613749999999996,10.951875,0.0,0.0,387.35816785714286,9583.38243088822,63.6674815467568,0.17624999999999996,1.253125,26310.382570016194,0.0,0.0,83.14462618,0.0,0.0,8.234561519313779,266.63968144897154,265.62590514705465,1903.1504949560294,204.5569379830218,11.461317060948668,270.08020181716716,87.30382944128885,2.779932039229028,0.1951583999115126,0.050387967075974746,0.0,0.0,0.0052350975187550625,10.779476981593968,4.947215805747247,3.1354299700853785,8.234561519313779,8.226548717678535,8.298609465015899,8.345200825747193,0.00019957356270826874,0.00024194011560530626,-0.0003100851378792,-0.00024194011560530626,-0.0002653992690544375,0.00029483531029356874,1.2056897852313637,1.2451759151062505,0.6617653092822052,0.3936719622103266,0.0,0.0,1903.1504949560294,204.5569379830218,11.461317060948634,87.30382944128885,300.05433841585403,2.779932039229028,0.0052350975187550625,3.399945451686265e-10,0.0012332984874437,0.15487500209361615,0.02014169907894544,0.050387967075974746,1.2027370329240252,0.0,0.0,0.0,0.0,0.0008307935533001875,26310.38173922264,0.00011287850643459012,63.66736866825036,0.0,0.0,0.0,0.0,0.04315171149292553,1.0204303171289137e-06,6.026831320908811e-10,1.531023657214274e-14,1.6580100164164239e-09,0.16597229766758104,0.002950112012558331,0.024521141556110494,8.066608979724192e-07,7.783040863821636e-10,2.2612806995528518e-10,1.8421379868056819e-10,1.807521407790766e-07,3.968517830120548e-07,6.259340797646254e-07,0.9961965877633738,0.9872924442453754,0.7609870415849359,1e-07,1e-07,4.23663125,52.74633125,18413.0,152,5,2020,27.67907871864629,5.03625
29,2020-06-30,432.6,432.6,2382.8233333333333,1.0,2134.003333333333,2.0,2382.8233333333333,2134.003333333333,1.0,4.0,1.0,1.0,3.0,1.0,32.85033333333333,14.694333333333333,0.0,0.0,390.1681019047619,9652.90122465182,64.12933168693603,0.1203333333333333,1.201,26501.240659309504,0.0,0.0,83.14462618,0.0,0.0,8.123134951672359,345.1810859120454,343.92988543947314,1939.143862546024,181.67693360827695,13.18253717903261,350.925452352769,77.15625520365334,3.004424554263306,0.13215545515503282,0.04050439798684466,0.0,0.0,0.006398787886473413,11.147805363751138,4.395271644326823,2.8090140243863337,8.123134951672359,8.11469155639176,8.197155043941935,8.240801112651559,0.00019205536320462,0.00022794723856407666,-0.00028056626707373,-0.00022794723856407666,-0.00024612356485298,0.00026751126111600334,1.18590546296876,1.2061245647384589,0.6868923823499086,0.30697422015560155,0.0,0.0,1939.143862546024,181.67693360827695,13.18253717903261,77.15625520365334,313.0118467011086,3.004424554263306,0.006398787886473413,3.2890287790179333e-10,0.0009863419120827571,0.10653852670075953,0.01280846439158803,0.04050439798684466,1.1604956020131554,0.0,0.0,0.0,0.0,0.0011882856771816067,26501.23947102383,0.00014896673940914334,64.12918272019662,0.0,0.0,0.0,0.0,0.03836957546716657,1.1201076034920182e-06,7.022773457998405e-10,2.2480157995174935e-14,1.8524887885430693e-09,0.14356605206207565,0.0027574550025323097,0.024457938854389762,8.752124603815011e-07,9.558766911147257e-10,2.675453821149035e-10,2.532374963364849e-10,2.112787741578943e-07,3.994722406497038e-07,6.250670918878e-07,0.996373302797022,0.9836899110017748,0.7480529330109341,1.0000000000000001e-07,1.0000000000000001e-07,4.344416666666667,53.12563,18443.0,182,6,2020,32.042807315419445,2.688
30,2020-07-31,462.4,462.4,2394.0066666666667,1.0,2145.37,2.0,2394.0066666666667,2145.37,1.0,4.0,1.0,1.0,3.0,1.0,32.942,17.33833333333333,0.0,0.0,391.25684,9679.83700243976,64.30828031469127,0.20499999999999996,1.2706666666666666,26575.190605847947,0.0,0.0,83.14462618,0.0,0.0,8.079820392799435,388.7553386913091,387.3924201326357,1948.8881256068,182.78535667045537,13.69651772274442,396.3794811458179,75.81112595450784,3.4749256141647673,0.2270995360266309,0.0432051206721649,0.0,0.0,0.006929361114882769,11.11650062974666,4.42699933134307,2.846151771376444,8.079820392799435,8.071084994710267,8.161284823753236,8.20272765742471,0.00019332273122588998,0.00022936717077770333,-0.00028211051592550666,-0.00022936717077770333,-0.00024756378346187,0.0002689449950229067,1.1858426314142307,1.20626613314724,0.6868375022423954,0.28357216790826384,0.0,0.0,1948.8881256068,182.78535667045537,13.696517722744433,75.81112595450784,315.4457140454922,3.4749256141647673,0.006929361114882769,5.630555642782694e-10,0.0016296838023615633,0.17964109467947909,0.023729220955103637,0.0432051206721649,1.2274615459945015,0.0,0.0,0.0,0.0,0.00142929708933621,26575.18917655086,0.00016984821137826667,64.3081104664799,0.0,0.0,0.0,0.0,0.03536866070523659,1.1909554965946595e-06,7.779335068799302e-10,2.875108507826098e-14,1.996213274397008e-09,0.12898354405880538,0.002623715379812343,0.02437283182719777,9.230475579147247e-07,1.0957225955016736e-09,2.9897206960533737e-10,3.115523842062522e-10,2.3397466853223844e-07,4.000762975353897e-07,6.222180384158066e-07,0.9964934221035802,0.9807876466601121,0.7385422596224217,1.0000000000000001e-07,1.0000000000000001e-07,4.529766666666666,52.925646666666665,18474.0,213,7,2020,13.017540713386394,1.3713333333333333
31,2020-08-31,489.5,489.5,2369.473913043478,1.0,2132.365217391304,2.0,2369.473913043478,2132.365217391304,1.0,4.0,1.0,1.0,3.0,1.0,33.27695652173913,19.07,0.0,0.0,395.23516645962735,9778.262250856338,64.96217133203187,0.3582608695652174,2.5417391304347823,26845.408971760437,0.0,0.0,83.14462618,0.0,0.0,8.027776843397461,443.55562907384814,442.03096809267726,1942.2200818186982,175.21744770371174,14.927687868894598,453.2710506328229,72.60874880986617,3.748956830984468,0.39413277452936724,0.07676902307284368,0.0,0.0,0.007760599492192143,11.341249726244486,4.246548121780528,2.7449113917819847,8.027776843397461,8.018833827670022,8.114738450422287,8.153808550966314,0.00018908262991524781,0.0002234614077403348,-0.0002735234322046652,-0.0002234614077403348,-0.00024056419113295218,0.00026061674612653043,1.18008621737925,1.1984937507386975,0.6955067486841984,0.255236421483227,0.0,0.0,1942.2200818186982,175.21744770371174,14.927687868894608,72.60874880986617,322.62641764976115,3.748956830984468,0.007760599492192143,1.3616828798355009e-09,0.0032901227096436003,0.31580871509673153,0.03916203039715921,0.07676902307284368,2.464970107361939,0.0,0.0,0.0,0.0,0.0017139943103557738,26845.407257766128,0.00019702729368457827,64.96197430473819,0.0,0.0,0.0,0.0,0.033679704331691575,1.2410183903045076e-06,8.384617130924261e-10,3.450391056241993e-14,2.105115494087343e-09,0.12196109571638525,0.002558710608794522,0.024332711801627264,9.570998299355649e-07,1.2036010654824613e-09,3.2242946491457854e-10,3.618435403605916e-10,2.502286957726967e-07,4.0420584242331006e-07,6.254813166424965e-07,0.9965671254287635,0.97845159512355,0.7329370264699532,1e-07,1e-07,4.130520833333333,53.005775,18505.0,244,8,2020,40.73024661407401,0.6534782608695653
32,2020-09-30,509.5,509.5,2335.78,1.0,2096.0,2.0,2335.7799999999997,2096.0,1.0,4.0,1.0,1.0,3.0,1.0,33.51866666666667,18.546,0.0,0.0,398.1059923809524,9849.287531796617,65.43402986384247,0.2333333333333333,2.2520000000000002,27040.402996798883,0.0,0.0,83.14462618,0.0,0.0,8.046686425055821,417.0473785346797,415.60875867287615,1906.0123959657371,175.85624817113245,14.131355863130278,425.91230281004573,74.05194219292402,3.6953122560733376,0.24200822994036245,0.0751213455432043,0.0,0.0,0.00746314200671698,11.169148357398267,4.261552436731935,2.7495696606567686,8.046686425055821,8.037795356634774,8.132293859611963,8.172229772598076,0.00018842459811716,0.00022333073733824,-0.00027448486491458,-0.00022333073733824,-0.0002408191966005,0.00026138256336128,1.183883256114859,1.2032801590551785,0.6899671534153191,0.2609539232052834,0.0,0.0,1906.0123959657371,175.85624817113245,14.13135586313021,74.05194219292402,318.9152063785046,3.6953122560733376,0.00746314200671698,7.976583423933275e-10,0.00197441986530402,0.19404292793605427,0.0239826514009832,0.0751213455432043,2.3488786544567954,0.0,0.0,0.0,0.0,0.00162511211635324,26691.357624025317,0.00018807836017588,64.58920426247752,0.0,0.0,0.0,0.0,0.03404438350246986,1.230055835805869e-06,8.258457306586279e-10,3.253519530313846e-14,2.0804106525539334e-09,0.12422377856717005,0.0025914704994879864,0.024421928144439286,9.520427301803062e-07,1.1659425566015231e-09,3.153468639279274e-10,3.4210762499779886e-10,2.452516187107337e-07,4.081339782585372e-07,6.320623776111701e-07,0.9965462062210457,0.9792954552853553,0.7352075825772417,1e-07,1e-07,4.0706,52.69361875,18535.0,274,9,2020,38.45774174178417,0.784
33,2020-10-31,524.5,524.5,2341.442857142857,1.0,2150.2285714285713,2.0,2341.442857142857,2150.2285714285713,1.0,4.0,1.0,1.0,3.0,1.0,33.245714285714286,14.690714285714284,0.0,0.0,394.8640979591837,9769.081880741827,64.90118127459931,0.6328571428571428,5.68,26820.205026119216,0.0,0.0,83.14462618,0.0,0.0,8.005380175818024,460.03793963066056,458.369635698064,1989.8263965038764,142.8744051641659,17.52776976052901,467.60123566235734,62.777905150809474,2.273567365511911,0.6804788140398738,0.14577926238326594,0.0,0.0,0.008330775832983578,12.590167775386677,3.443049367018141,2.2024568433868983,8.005380175818024,7.9969011560940455,8.079749079242228,8.122585083934508,0.00017103883585283574,0.0001967507369486857,-0.00023162707474101428,-0.0001967507369486857,-0.0002082826177438643,0.0002212647930430143,1.149997441243677,1.1549783136053793,0.7392879140618083,0.23914198481554536,0.0,0.0,1989.8263965038764,142.8744051641659,17.527769760528987,62.777905150809474,332.0861928083742,2.273567365511911,0.008330775832983578,2.7285958911178204e-09,0.006603653940726157,0.5720281556071717,0.054225330580648934,0.14577926238326594,5.534220737616734,0.0,0.0,0.0,0.0,0.0015546815629600642,26820.203471437653,0.0001948246998721357,64.90098644989943,0.0,0.0,0.0,0.0,0.0382019614170391,1.1247651022577988e-06,7.091272510066517e-10,2.2398560119954636e-14,1.8623108927494226e-09,0.14359853290622657,0.0027726519654560073,0.024546702175026643,8.810558575839017e-07,9.512665543733036e-10,2.676754023937622e-10,2.497121639215351e-10,2.1122202525602743e-07,4.054195490154129e-07,6.337707009065524e-07,0.9963745835349569,0.983802625249581,0.7487197947346036,1e-07,1e-07,3.9472785714285714,52.56209285714285,18566.0,305,10,2020,43.70831559474164,5.200714285714286
34,2020-11-30,538.5,538.5,2331.8928571428573,1.0,2159.1857142857143,2.0,2331.8928571428573,2159.1857142857143,1.0,4.0,1.0,1.0,3.0,1.0,33.76714285714286,12.089285714285714,0.0,0.0,401.05717959183676,9922.300980366732,65.91909684546683,0.5278571428571428,6.627142857142857,27240.85537136387,0.0,0.0,83.14462618,0.0,0.0,7.997789245875262,464.2141855069687,462.474108899782,2010.0957136615157,129.9680316307179,19.12196899348078,470.6415169073921,59.41626615516716,1.7455546365843826,0.5607563610053916,0.14876695291297656,0.0,0.0,0.008617537661722014,13.227404757824374,3.118362351532093,1.9866884149943635,7.997789245875262,7.989551186514338,8.065551107052512,8.108938098229256,0.00016358602632642142,0.00018619921573820715,-0.00021613786088628571,-0.00018619921573820715,-0.00019583375720819287,0.0002065361241725857,1.1377850556513736,1.138767053917025,0.7579912017754439,0.2339250879577495,0.0,0.0,2010.0957136615157,129.9680316307179,19.121968993480795,59.41626615516716,341.6409134366696,1.7455546365843826,0.008617537661722014,2.4793813666918726e-09,0.005930689448533371,0.48309653837368316,0.038829912555544896,0.14876695291297656,6.47837590422988,0.0,0.0,0.0,0.0,0.0014536233272512858,27240.85391774054,0.00019272477516245,65.91890412069166,0.0,0.0,0.0,0.0,0.041310400243246656,1.061856662872398e-06,6.488950934252843e-10,1.7475520934348008e-14,1.7407566770680705e-09,0.1613925997650891,0.002944478778477607,0.02470574474197938,8.401390817555079e-07,8.23194938556508e-10,2.3950863767936126e-10,2.0068325926416747e-10,1.902315957242126e-07,4.134858394535735e-07,6.490717926581186e-07,0.9962521963533444,0.9863318147839044,0.7596564346186999,1e-07,1e-07,3.9472785714285714,52.56209285714285,18596.0,335,11,2020,43.70831559474164,8.962142857142856
36,2021-01-31,564.5,564.5,2356.1000000000004,1.0,2216.133333333333,2.0,2356.1000000000004,2216.133333333333,1.0,4.0,1.0,1.0,3.0,1.0,31.374444444444446,6.873333333333333,0.0,0.0,372.63875873015877,9219.218877552179,61.24815032636275,0.7399999999999999,15.966666666666665,25310.60170189115,0.0,0.0,83.14462618,0.0,0.0,8.025045153807087,437.80702762841025,436.0503836023411,2084.4598380622556,109.88150283012172,21.79199244095569,442.0582277947984,49.7555969946188,1.0546884943510342,0.7758042134955355,0.30067325390071564,0.0,0.0,0.008341257877822979,14.95363683382002,2.6686005516067293,1.6757533824928956,8.025045153807087,8.017596474472644,8.079015514457375,8.130151840350935,0.00014873311949233333,0.00016590757033991112,-0.00018763675109226667,-0.00016590757033991112,-0.00017258375398342222,0.00017983487226876668,1.114813976470285,1.1119906426033965,0.7942362436318011,0.25002699968482694,0.0,0.0,2084.4598380622556,109.88150283012172,21.79199244095574,49.7555969946188,322.88316173553994,1.0546884943510342,0.008341257877822979,3.549693514093351e-09,0.009077988406910379,0.686039799041563,0.04488220900183296,0.30067325390071564,15.66599341276595,0.0,0.0,0.0,0.0,0.001102159272688311,25310.60059973188,0.00016326171478736666,61.24798706464796,0.0,0.0,0.0,0.0,0.04988943278518948,9.068771325880756e-07,4.977487586517524e-10,9.91944632163037e-15,1.4471013920523793e-09,0.19118914062744954,0.0031224942984339112,0.02434905405565489,7.237833030940346e-07,6.232873397113381e-10,1.8595088480152582e-10,1.308142638240095e-10,1.504213040242092e-07,3.7963643744915147e-07,6.045238727750349e-07,0.9959896521581683,0.9903566300817724,0.7717115414671,1e-07,1e-07,3.7011200000000004,52.00757,18658.0,31,1,2021,21.436114211677438,30.64222222222222
38,2021-03-31,578.5,578.5,2382.2214285714285,1.0,2185.7428571428572,2.0,2382.2214285714285,2185.7428571428572,1.0,4.0,1.0,1.0,3.0,1.0,32.30357142857143,6.5600000000000005,0.0,0.0,383.67413265306124,9492.238055529158,63.06196122257979,,3.372142857142857,26060.153237930594,0.0,0.0,83.14462618,0.0,0.0,,,,,,,,,,,,,,,,,,,,,,,,,,,,,,,,,,,,,,,,,,,,,,,,,,,,,,,,,,,0.05012189511498102,9.072464421674577e-07,5.018871276460873e-10,9.67857485991919e-15,1.45013955342915e-09,0.19817803648127022,0.0031995709897430073,0.02449571439877407,7.26661567707859e-07,6.090699235199047e-10,1.8401086639975268e-10,1.2641534957350594e-10,1.4864813470646733e-07,3.926536053440087e-07,6.241118935757595e-07,0.995973413714287,0.9905796111333051,0.7757699645782249,1e-07,1e-07,3.9472785714285714,52.56209285714285,18717.0,90,3,2021,43.70831559474164,
39,2021-04-30,588.5,588.5,2352.383333333333,1.0,2146.25,2.0,2352.383333333333,2146.25,1.0,4.0,1.0,1.0,3.0,1.0,33.10333333333333,6.823333333333333,0.0,0.0,393.1730190476191,9727.243971346534,64.6232298995405,0.22999999999999998,0.9583333333333334,26705.342511755607,0.0,0.0,83.14462618,0.0,0.0,8.121334994812381,332.5809692982766,331.24629589106115,1973.4978777141541,140.68252669062127,16.252928928557868,335.79675877241095,67.9915266379348,1.3845297694115868,0.24337171538347024,0.025434677414149936,0.0,0.0,0.0067451148398001,12.611221515292799,3.3678789946599026,2.129219250542189,8.121334994812381,8.113637793347063,8.176489661710352,8.221026243782443,0.00016986430054196668,0.00019564589931353333,-0.0002308746332936,-0.00019564589931353333,-0.0002072810730710667,0.00022044740930833335,1.1503686532068367,1.1539405663301603,0.7390966691859822,0.29939022173514435,0.0,0.0,1973.4978777141541,140.68252669062127,16.252928928557875,67.9915266379348,339.869559076351,1.3845297694115868,0.0067451148398001,8.005978617990736e-10,0.0023558954169750003,0.21191649138078603,0.01572761240164103,0.025434677414149936,1.2512319892525168,0.0,0.0,0.0,0.0,0.0009118658467984333,27702.993605917483,0.00013691485405080002,67.03727265367543,0.0,0.0,0.0,0.0,0.04942523170764029,9.212087255988578e-07,5.172979510576426e-10,1.0070972168594534e-14,1.4774206275478696e-09,0.19921970439539385,0.00322994258760735,0.0246310467482848,7.391467058671442e-07,6.164290254302846e-10,1.872057182182268e-10,1.286397933178266e-10,1.5085925082726616e-07,4.0390082034757755e-07,6.404991009225372e-07,0.9959873646139005,0.9904141405133648,0.7771924743726166,1e-07,1e-07,4.38045,52.783883333333335,18747.0,120,4,2021,18.968336788166706,4.346666666666667
40,2021-05-31,604.5,604.5,2359.1923076923076,1.0,2107.4692307692308,2.0,2359.1923076923076,2107.4692307692308,1.0,4.0,1.0,1.0,3.0,1.0,32.68576923076923,10.212307692307691,0.0,0.0,388.2135505494506,9604.544910849583,63.808075101500165,,,26368.482405635736,0.0,0.0,83.14462618,0.0,0.0,,,,,,,,,,,,,,,,,,,,,,,,,,,,,,,,,,,,,,,,,,,,,,,,,,,,,,,,,,,0.04421544098839004,1.002246507576001e-06,5.866007583826117e-10,1.4268415430125153e-14,1.6244652430572235e-09,0.1715732999919518,0.0029980068016103307,0.024540345289498316,7.942276244683118e-07,7.4699059562053e-10,2.1884965732629233e-10,1.733818959077712e-10,1.7520376092149613e-07,3.979741934935446e-07,6.284017585097018e-07,0.9961598337332496,0.9878891761244781,0.7638666294373712,9.999999999999998e-08,9.999999999999998e-08,4.262876923076923,52.99133076923077,18778.0,151,5,2021,31.699775915753236,
41,2021-06-30,621.5,621.5,2393.15,1.0,2143.6375,2.0,2393.15,2143.6375,1.0,4.0,1.0,1.0,3.0,1.0,32.082499999999996,13.61125,0.0,0.0,381.04843571428574,9427.27735507175,62.630392908629794,,,25881.809016213854,0.0,0.0,83.14462618,0.0,0.0,,,,,,,,,,,,,,,,,,,,,,,,,,,,,,,,,,,,,,,,,,,,,,,,,,,,,,,,,,,0.03976976723638085,1.083047596569159e-06,6.598191674010012e-10,1.9764777847289167e-14,1.776292558440355e-09,0.147476401613811,0.0027740394030976124,0.02435679210424429,8.466125800219503e-07,8.988008718307269e-10,2.5364967696230955e-10,2.3094699878348056e-10,2.0150833569853312e-07,3.8876660054076236e-07,6.109074626817202e-07,0.9963239426317356,0.9848488170189208,0.75019814292195,1e-07,1e-07,4.8508625,53.0969125,18808.0,181,6,2021,14.57034082969761,
