,Unnamed: 0,Unnamed: 0.1,datetime,par1,par1_type,opt_k_bisulfate,opt_k_carbonic,opt_k_fluoride,opt_total_borate,opt_gas_constant,opt_pH_scale,salinity,temperature,pressure,total_ammonia,total_borate,total_calcium,total_fluoride,total_phosphate,total_silicate,total_sulfate,total_sulfide,peng_correction,gas_constant,total_alpha,total_beta,pCO2,fCO2,aqueous_CO2,xCO2,k_CO2,k_carbonic_1,k_carbonic_2,k_water,k_borate,k_bisulfate,k_fluoride,k_phosphoric_1,k_phosphoric_2,k_phosphoric_3,k_silicate,k_ammonia,k_sulfide,k_calcite,k_aragonite,fugacity_factor,vp_factor,fH,k_alpha,k_beta,longitude,latitude,distance_to_shore,datenum,dayofyear,month,year
0,0,0,1991-11-30,357.30628,9.0,1.0,4.0,1.0,1.0,3.0,1.0,,11.53,0.0,0.0,,,,0.0,0.0,,0.0,0.0,83.14462618,0.0,0.0,,,,357.30628,,,,,,,,,,,,,,,,0.9962253733979296,,,1e-07,1e-07,3.82,52.872,57.85220062378836,8003.0,334,11,1991
1,1,35,1994-10-31,356.01811330561327,9.0,1.0,4.0,1.0,1.0,3.0,1.0,34.11918918918919,14.794220374220377,0.0,0.0,405.2384841698842,10025.74798150556,66.60635002393182,0.0,0.0,27524.860543369843,0.0,0.0,83.14462618,0.0,0.0,350.2173441131005,348.9493590499133,13.22080996145758,356.01811330561327,0.0378881369124359,1.1366786509717754e-06,7.267156761057591e-10,2.2926243828921204e-14,1.888959338972106e-09,0.1454208211703103,0.0028121050876691,0.0246948296281501,8.928793475461304e-07,9.51548189366516e-10,2.7013183442818114e-10,2.506013476451581e-10,2.1257133683078297e-07,4.182418732450387e-07,6.524990704375276e-07,0.996379414013198,0.9837072312268232,0.7504231370351029,1e-07,1e-07,4.489376299376299,53.09110187110187,22.001919290319293,9069.0,304,10,1994
2,2,117,2001-08-31,391.6775270995061,9.0,1.0,4.0,1.0,1.0,3.0,1.0,34.69663587201125,15.545986522503515,0.0,0.0,412.0969009141451,10195.427714591502,67.73362229476268,0.0,0.0,27990.702194171583,0.0,0.0,83.14462618,0.0,0.0,384.8995283527021,383.51782368144416,14.239063293391878,391.6775270995061,0.0371107158661995,1.1628189511665878e-06,7.610578458759368e-10,2.560913410456222e-14,1.9472276830171972e-09,0.144005674735923,0.0028070925690414,0.0247423483213027,9.12197846227324e-07,9.939604811182448e-10,2.81076277123615e-10,2.71770223757641e-10,2.1991839774708865e-07,4.265752025162516e-07,6.635692159876415e-07,0.9964109234023292,0.9826877132723016,0.7490396612180529,1e-07,1e-07,4.960775668073136,55.55609676511955,197.6911628141016,11565.0,243,8,2001
3,3,118,2001-09-30,397.20191397586143,9.0,1.0,4.0,1.0,1.0,3.0,1.0,33.952138368460204,10.849253918138883,0.0,0.0,403.2543977076831,9976.660958380662,66.28023894973357,0.0,0.0,27390.09618778317,0.0,0.0,83.14462618,0.0,0.0,395.6705324881844,394.1767505897024,16.701906748311625,397.20191397586143,0.0422595598714977,1.0558009239782258e-06,6.503166025468244e-10,1.822332968132881e-14,1.7362101645293571e-09,0.1669852959261362,0.0029852718586412,0.0246943788250223,8.353781484091045e-07,8.20598942305829e-10,2.387083638024303e-10,2.0486732379042748e-10,1.8898635626260818e-07,4.161030347227837e-07,6.528709919599434e-07,0.9961866175902032,0.98624041596044,0.7613885651816347,1e-07,1e-07,4.0583334266223545,53.54322252929858,78.78341070203868,11595.0,273,9,2001
4,4,120,2001-11-30,388.5942809576024,9.0,1.0,4.0,1.0,1.0,3.0,1.0,,7.56689985380117,0.0,0.0,,,,0.0,0.0,,0.0,0.0,83.14462618,0.0,0.0,,,,388.5942809576024,,,,,,,,,,,,,,,,0.996026021489664,,,1e-07,1e-07,4.252277649853801,54.17846222587719,131.55473492258406,11656.0,334,11,2001
5,5,123,2002-02-28,388.8512116412999,9.0,1.0,4.0,1.0,1.0,3.0,1.0,,9.968236116824352,0.0,0.0,,,,0.0,0.0,,0.0,0.0,83.14462618,0.0,0.0,,,,388.8512116412999,,,,,,,,,,,,,,,,0.9961480122095262,,,1e-07,1e-07,4.551234512546277,55.03772764294529,203.7333509131664,11746.0,59,2,2002
6,6,124,2002-03-31,387.2170165292501,9.0,1.0,4.0,1.0,1.0,3.0,1.0,,12.720935217903415,0.0,0.0,,,,0.0,0.0,,0.0,0.0,83.14462618,0.0,0.0,,,,387.2170165292501,,,,,,,,,,,,,,,,0.9962813038630955,,,1.0000000000000001e-07,1.0000000000000001e-07,4.230767726737338,53.56001931684334,74.33951151142762,11777.0,90,3,2002
7,7,126,2002-05-31,379.0770457244879,9.0,1.0,4.0,1.0,1.0,3.0,1.0,,15.862531479045291,0.0,0.0,,,,0.0,0.0,,0.0,0.0,83.14462618,0.0,0.0,,,,379.0770457244879,,,,,,,,,,,,,,,,0.9964276826369168,,,1e-07,1e-07,4.180293629017102,54.00353082127419,120.58423915133064,11838.0,151,5,2002
8,8,142,2003-09-30,389.4545925996205,9.0,1.0,4.0,1.0,1.0,3.0,1.0,34.384104364326376,18.133707400379507,0.0,0.0,408.3849195500136,10103.591941034452,67.1235086464301,0.0,0.0,27738.574685609303,0.0,0.0,83.14462618,0.0,0.0,381.6100002920253,380.2852852965309,13.03317959251291,389.4545925996205,0.0342721116430185,1.2287495052932336e-06,8.300537887285036e-10,3.1696369378447144e-14,2.0803681528461264e-09,0.1280985088787365,0.0026525051868323,0.0246001264515859,9.557257146505494e-07,1.1342940958352394e-09,3.1141057950771624e-10,3.2877448199854244e-10,2.419629393551832e-07,4.213137276055049e-07,6.51997721684939e-07,0.9965286156761214,0.9798574918495384,0.7384767553420852,1e-07,1e-07,3.363251688804554,52.23641239721695,52.56667770711066,12325.0,273,9,2003
9,9,143,2003-10-31,389.4534418604651,9.0,1.0,4.0,1.0,1.0,3.0,1.0,32.55172868217054,18.071466666666662,0.0,0.0,386.62153180509415,9565.157786140917,63.54640558620604,0.0,0.0,26260.34831760457,0.0,0.0,83.14462618,0.0,0.0,381.6317202270226,380.3058981622276,13.189743103375797,389.4534418604651,0.0346819376458843,1.205870006961037e-06,7.926162950068321e-10,3.053408828810726e-14,2.026442206123158e-09,0.1242707366691441,0.0025672049567883,0.0242632623141531,9.307104266152368e-07,1.1357696278382246e-09,3.0734338817703445e-10,3.299584071564229e-10,2.401344428423579e-07,3.942381658525913e-07,6.126153878900454e-07,0.9965259123262252,0.9799161573832906,0.7350006530271235,1e-07,1e-07,2.987095426356589,52.02296408268734,61.34893362001078,12356.0,304,10,2003
10,10,145,2003-12-31,389.45187442084944,9.0,1.0,4.0,1.0,1.0,3.0,1.0,33.71261583011583,18.05442808880309,0.0,0.0,400.4095543022615,9906.2784943656,65.81265099097162,0.0,0.0,27196.86696336152,0.0,0.0,83.14462618,0.0,0.0,381.6434071663404,380.3172608561908,13.112335869154572,389.45187442084944,0.0344773590999035,1.2191686111480392e-06,8.145451638366433e-10,3.110620622348536e-14,2.057690145971821e-09,0.1268953029193794,0.0026239372437284,0.0244850858333269,9.460599903355456e-07,1.1341802715385178e-09,3.0925751308431667e-10,3.277230857586778e-10,2.408492689092576e-07,4.1126393042094404e-07,6.373998367359191e-07,0.9965251694712056,0.9799501098175578,0.7373778103401025,1e-07,1e-07,3.3826891891891893,52.224939092664094,50.7686895721427,12417.0,365,12,2003
11,11,147,2004-02-29,389.4502971428572,9.0,1.0,4.0,1.0,1.0,3.0,1.0,34.05677931034483,18.1189636453202,0.0,0.0,404.4972331231527,10007.409160105664,66.48451552744925,0.0,0.0,27474.512828416995,0.0,0.0,83.14462618,0.0,0.0,381.6116594200411,380.28669435845313,13.062243342470095,389.4502971428571,0.0343484124419457,1.2247198344517818e-06,8.23222196052154e-10,3.1478575626306075e-14,2.0706678701537547e-09,0.1273947771729042,0.002637405967321,0.0245428521236619,9.514356583364926e-07,1.1356720965222191e-09,3.106666172623287e-10,3.288965712378958e-10,2.416364188876895e-07,4.164049215215793e-07,6.448296100589424e-07,0.9965279754846224,0.9798725594049614,0.7378526016843963,1e-07,1e-07,3.5523638325123152,52.25582167487685,43.39224208766154,12477.0,60,2,2004
12,12,148,2004-03-31,389.4490508707608,9.0,1.0,4.0,1.0,1.0,3.0,1.0,33.58109074243813,18.14661640696609,0.0,0.0,398.8474120466152,9867.63052489041,65.55589207509549,0.0,0.0,27090.762164791733,0.0,0.0,83.14462618,0.0,0.0,381.5947830708217,380.2703348558804,13.0857747232324,389.4490508707608,0.0344117723576782,1.2198137912860372e-06,8.14856420143939e-10,3.130454981942986e-14,2.0590191713521603e-09,0.1262239393882977,0.0026131664735969,0.0244508066507909,9.454967867089852e-07,1.137548466605546e-09,3.1014584906046523e-10,3.30370153929725e-10,2.41530146911481e-07,4.0942283900212123e-07,6.346369872167544e-07,0.9965291763181776,0.9798323611817576,0.7368040283311957,1e-07,1e-07,3.146756892758937,52.136687076077,60.74699920159998,12508.0,91,3,2004
13,13,149,2004-04-30,389.4486,9.0,1.0,4.0,1.0,1.0,3.0,1.0,34.63546923076923,18.179852307692308,0.0,0.0,411.3704159780221,10177.454212156632,67.61421480551188,0.0,0.0,27941.357432173943,0.0,0.0,83.14462618,0.0,0.0,381.5824393582474,380.2585843469686,12.997051999713216,389.4486,0.0341795097425609,1.2327544024682314e-06,8.364019361986492e-10,3.196879689044252e-14,2.089801966880586e-09,0.1284724184009322,0.0026623683376106,0.0246418685017063,9.595978418183543e-07,1.1350681677513647e-09,3.12425825306717e-10,3.296093562577701e-10,2.425236235096773e-07,4.250866193814688e-07,6.574572093328052e-07,0.9965306186178738,0.979801800181712,0.7388266895383778,1e-07,1e-07,3.070306,51.52986461538462,22.59504031790457,12538.0,121,4,2004
14,14,150,2004-05-31,389.44857678762,9.0,1.0,4.0,1.0,1.0,3.0,1.0,34.37104482390608,18.21116067235859,0.0,0.0,408.2298095227932,10099.75446235692,67.09801424456836,0.0,0.0,27728.03920579952,0.0,0.0,83.14462618,0.0,0.0,381.5657874126512,380.2425081735026,13.003698955213409,389.44857678762,0.0341984350945868,1.2307980740849048e-06,8.322145041730551e-10,3.192398369010789e-14,2.084576412148692e-09,0.1276550064184385,0.0026479850425735,0.0245956997288355,9.571083504205636e-07,1.1398719789411235e-09,3.1240701403613927e-10,3.3087262107841445e-10,2.426798998344924e-07,4.210425096600935e-07,6.514507534862644e-07,0.9965319762182144,0.9797591008281966,0.7381447182474636,1e-07,1e-07,3.363080437566702,52.152923799359655,48.351457590636194,12569.0,152,5,2004
15,15,155,2004-10-31,389.44692003121753,9.0,1.0,4.0,1.0,1.0,3.0,1.0,34.10163319458897,18.22080234131113,0.0,0.0,405.0299691140182,10020.589242930311,66.57207779328542,0.0,0.0,27510.697653964948,0.0,0.0,83.14462618,0.0,0.0,381.55823520277016,380.2351417041045,13.019225945583196,389.4469200312175,0.0342399363263244,1.2279242732127683e-06,8.272592233913601e-10,3.180696942074267e-14,2.077685689993742e-09,0.1270088504907809,0.0026345542905536,0.0245451559182664,9.537475115268536e-07,1.1412366665408276e-09,3.1204795928304326e-10,3.3155351718319397e-10,2.4258122356976373e-07,4.170564510384658e-07,6.456294292954459e-07,0.99653239435331,0.9797438766922708,0.7375671852038235,1e-07,1e-07,3.327077575442248,52.20537773152966,53.04000600881688,12722.0,305,10,2004
16,16,165,2005-08-31,375.1385991262136,9.0,1.0,4.0,1.0,1.0,3.0,1.0,,16.673285679611652,0.0,0.0,,,,0.0,0.0,,0.0,0.0,83.14462618,0.0,0.0,,,,375.1385991262136,,,,,,,,,,,,,,,,0.9964639679282372,,,1e-07,1e-07,4.269058713592233,54.03806288834952,119.25197566516148,13026.0,243,8,2005
17,17,168,2005-11-30,377.8144040650407,9.0,1.0,4.0,1.0,1.0,3.0,1.0,33.57227642276423,6.441382113821138,0.0,0.0,398.7427231126597,9865.04048246036,65.53868505243831,0.0,0.0,27083.65141786092,0.0,0.0,83.14462618,0.0,0.0,374.2882970777793,372.7788804766464,18.61892823436637,377.8144040650407,0.0499463023758139,9.160922013528338e-07,5.149843031310881e-10,9.739447925232434e-15,1.4694860261239054e-09,0.2045430365392285,0.0032832836172637,0.0247060375660279,7.369506764926915e-07,6.023243253883914e-10,1.8432560548392104e-10,1.2408427063147888e-10,1.484838817394601e-07,4.103741211696409e-07,6.503580595580123e-07,0.995967235519376,0.9906670922690374,0.779993811557176,1e-07,1e-07,3.24579674796748,53.74913008130081,132.41401720263198,13117.0,334,11,2005
18,18,169,2005-12-31,377.8252436918991,9.0,1.0,4.0,1.0,1.0,3.0,1.0,33.41519256308101,6.427702523240372,0.0,0.0,396.8770156706508,9818.882199494912,65.23203114917129,0.0,0.0,26956.92767576317,0.0,0.0,83.14462618,0.0,0.0,374.3019005250909,372.7921536668698,18.64625562928792,377.8252436918991,0.0500178007352799,9.144186580962912e-07,5.127871046169427e-10,9.704359745309461e-15,1.4659758555283411e-09,0.2039149177139312,0.0032746516365565,0.024682608246283,7.353842388829082e-07,6.028806527990771e-10,1.8405704366864247e-10,1.2406307113245651e-10,1.48331723799043e-07,4.081227345535628e-07,6.470156151231028e-07,0.9959665004970366,0.9906746751537656,0.7795412658885637,1e-07,1e-07,5.059524568393094,54.66676892430279,152.75086322079824,13148.0,365,12,2005
19,19,171,2006-02-28,377.7440091160221,9.0,1.0,4.0,1.0,1.0,3.0,1.0,33.219613259668506,6.710276243093922,0.0,0.0,394.55409234412,9761.412228695212,64.85022771684771,0.0,0.0,26799.148631784483,0.0,0.0,83.14462618,0.0,0.0,374.15177223514746,372.6482188680207,18.48019071766325,377.7440091160221,0.0495914372909032,9.186108534374018e-07,5.165906386128644e-10,9.965934863827546e-15,1.4738871311271355e-09,0.2011651017456069,0.0032444953791175,0.0246272312994402,7.367331566244287e-07,6.061494973758097e-10,1.8618361070727983e-10,1.2725560002435794e-10,1.4996912470202266e-07,4.059887549901748e-07,6.439145616452487e-07,0.9959814357253316,0.9904902883305536,0.7781617196263421,1e-07,1e-07,4.609668508287293,54.1270773480663,112.33252350517203,13207.0,59,2,2006
20,20,172,2006-03-31,377.7093039660057,9.0,1.0,4.0,1.0,1.0,3.0,1.0,31.49382436260624,6.533229461756374,0.0,0.0,374.05665107244033,9254.298051529797,61.48119984494368,0.0,0.0,25406.908668063817,0.0,0.0,83.14462618,0.0,0.0,374.157471426357,372.65039239655454,18.785833333959136,377.7093039660057,0.0504112295449357,8.988252330893758e-07,4.917751748106754e-10,9.530464361676995e-15,1.433194594285914e-09,0.1948726321758402,0.0031518753243963,0.0243517803983997,7.177474818971606e-07,6.064154249350792e-10,1.8282707912028248e-10,1.266185153858245e-10,1.479512333178518e-07,3.81549406434874e-07,6.077952536225089e-07,0.9959720749963314,0.990596381937504,0.773489848482958,1e-07,1e-07,4.891586402266289,54.40428611898017,130.7110372477411,13238.0,90,3,2006
21,21,173,2006-04-30,378.1272395918368,9.0,1.0,4.0,1.0,1.0,3.0,1.0,34.33745986394558,9.95422739229025,0.0,0.0,407.8309161554908,10089.885694882234,67.03245079913403,0.0,0.0,27700.94532223324,0.0,0.0,83.14462618,0.0,0.0,373.6019210291319,372.1622237018389,16.46644928487311,378.1272395918368,0.0442547590071694,1.01201267439888e-06,6.05998915022787e-10,1.4516370378548292e-14,1.649609249654967e-09,0.1795604206529263,0.0031063436631771,0.0248117686163826,8.067310125798136e-07,7.30957955169916e-10,2.1878423206027022e-10,1.6963869357680598e-10,1.7433626822455465e-07,4.218573625522147e-07,6.639411791003959e-07,0.9961460837279044,0.9880442881572464,0.7692674576268915,1e-07,1e-07,4.894613605442177,54.36588843537415,126.74053034328718,13268.0,120,4,2006
22,22,174,2006-05-31,377.790352017405,9.0,1.0,4.0,1.0,1.0,3.0,1.0,34.27268473101265,11.49677579113924,0.0,0.0,407.0615726480561,10070.851855752791,66.9059989320321,0.0,0.0,27648.68949367968,0.0,0.0,83.14462618,0.0,0.0,372.7992082264145,371.3911715771527,15.60945180927399,377.790352017405,0.0420387249221583,1.0512333972491195e-06,6.421116705652855e-10,1.6771966282058252e-14,1.72291156797351e-09,0.1677084710325963,0.0030088722870505,0.0247893476523898,8.34148624904648e-07,7.95338566409147e-10,2.3420108958294916e-10,1.9204845466139327e-10,1.8598386774257602e-07,4.208856646878604e-07,6.607476878934203e-07,0.9962227140364616,0.9867995746909544,0.7633072262615861,9.999999999999998e-08,9.999999999999998e-08,4.903737856012658,54.38126910601266,128.05072595437386,13299.0,151,5,2006
23,23,175,2006-06-30,373.66476740373616,9.0,1.0,4.0,1.0,1.0,3.0,1.0,34.17140297369424,14.97173694243233,0.0,0.0,405.8586347475628,10041.090733108056,66.7082800430637,0.0,0.0,27566.98279689041,0.0,0.0,83.14462618,0.0,0.0,367.4332889870565,366.1044554988818,13.87617057461321,373.66476740373616,0.0378710414730331,1.1421458950898734e-06,7.35406732469685e-10,2.404011188250083e-14,1.9032226297600567e-09,0.1458208009515192,0.0028110514089311,0.0246749738405353,8.96052172490884e-07,9.684070587067435e-10,2.735239451567564e-10,2.601061343030762e-10,2.147593399931431e-07,4.188297994435065e-07,6.529614093204893e-07,0.9963847222072408,0.9833033286516548,0.7499607120009969,1e-07,1e-07,5.021190621425848,54.56186847121616,142.95218065437442,13329.0,181,6,2006
24,24,176,2006-07-31,371.0296103170848,9.0,1.0,4.0,1.0,1.0,3.0,1.0,34.487059630856606,16.38241362991008,0.0,0.0,409.60773395848827,10133.844815740156,67.32449450460201,0.0,0.0,27821.631446944884,0.0,0.0,83.14462618,0.0,0.0,364.3338540355334,363.04091574332233,13.089804981576018,371.0296103170848,0.0360554711827508,1.1826426834121887e-06,7.78701836460211e-10,2.690625347759628e-14,1.9841092629124158e-09,0.1376360831810591,0.0027474502165329,0.0246937145287218,9.252481036321368e-07,1.032869739379935e-09,2.896413418322942e-10,2.8538635776303045e-10,2.26430991826658e-07,4.233902821577521e-07,6.578166748094141e-07,0.996451253655497,0.981953629109486,0.7453727760368023,1e-07,1e-07,5.006792711784192,54.5271192617132,139.81348479923955,13360.0,212,7,2006
25,25,177,2006-08-31,370.8926941064639,9.0,1.0,4.0,1.0,1.0,3.0,1.0,34.58147826086957,14.936576243980737,0.0,0.0,410.729157515528,10161.589243780929,67.50881542396947,0.0,0.0,27897.80147576334,0.0,0.0,83.14462618,0.0,0.0,364.6062147951862,363.2951407863936,13.506764419021362,370.8926941064638,0.0376481970085711,1.1449960326755237e-06,7.38755947170239e-10,2.3478733141060206e-14,1.907769521509082e-09,0.1461698381060487,0.0028292990458811,0.0247618742134837,9.001350013361744e-07,9.551419808055031e-10,2.7254161258005606e-10,2.535952082703476e-10,2.1404528549705655e-07,4.251259029171047e-07,6.624947733978118e-07,0.9963856275682672,0.983538478555849,0.7510629428671857,1e-07,1e-07,4.885844831460674,54.581983146067415,148.7188957900791,13391.0,243,8,2006
26,26,182,2007-01-31,388.0608863075658,9.0,1.0,4.0,1.0,1.0,3.0,1.0,,8.918753700657895,0.0,0.0,,,,0.0,0.0,,0.0,0.0,83.14462618,0.0,0.0,,,,388.06088630756574,,,,,,,,,,,,,,,,0.9960954288826834,,,1e-07,1e-07,5.072176398026316,54.585112253289466,144.04214260020575,13544.0,31,1,2007
27,27,183,2007-02-28,389.607178136646,9.0,1.0,4.0,1.0,1.0,3.0,1.0,,7.30378198757764,0.0,0.0,,,,0.0,0.0,,0.0,0.0,83.14462618,0.0,0.0,,,,389.607178136646,,,,,,,,,,,,,,,,0.9960124987574188,,,1e-07,1e-07,5.019031055900621,54.41707639751553,128.44340519589616,13572.0,59,2,2007
28,28,184,2007-03-31,390.6474285914834,9.0,1.0,4.0,1.0,1.0,3.0,1.0,,6.882387459054749,0.0,0.0,,,,0.0,0.0,,0.0,0.0,83.14462618,0.0,0.0,,,,390.6474285914834,,,,,,,,,,,,,,,,0.9959903846062582,,,1e-07,1e-07,4.980760879737951,54.49756153486196,137.5694266997627,13603.0,90,3,2007
29,29,185,2007-04-30,391.4576220475615,9.0,1.0,4.0,1.0,1.0,3.0,1.0,,6.612241031841999,0.0,0.0,,,,0.0,0.0,,0.0,0.0,83.14462618,0.0,0.0,,,,391.4576220475615,,,,,,,,,,,,,,,,0.9959762174818428,,,1.0000000000000001e-07,1.0000000000000001e-07,4.984614268440145,54.557210399032655,143.45613358324414,13633.0,120,4,2007
30,30,186,2007-05-31,392.0496160476018,9.0,1.0,4.0,1.0,1.0,3.0,1.0,,7.914146411828344,0.0,0.0,,,,0.0,0.0,,0.0,0.0,83.14462618,0.0,0.0,,,,392.0496160476018,,,,,,,,,,,,,,,,0.9960437462303396,,,9.999999999999998e-08,9.999999999999998e-08,4.985285250631086,54.52458636855392,140.1506092717922,13664.0,151,5,2007
31,31,187,2007-06-30,390.73332380210365,9.0,1.0,4.0,1.0,1.0,3.0,1.0,,12.80798792364628,0.0,0.0,,,,0.0,0.0,,0.0,0.0,83.14462618,0.0,0.0,,,,390.7333238021036,,,,,,,,,,,,,,,,0.996286248382596,,,1.0000000000000001e-07,1.0000000000000001e-07,5.020131671211531,54.55206622516557,141.98306479916994,13694.0,181,6,2007
32,32,188,2007-07-31,386.43163812282734,9.0,1.0,4.0,1.0,1.0,3.0,1.0,,14.962950946311318,0.0,0.0,,,,0.0,0.0,,0.0,0.0,83.14462618,0.0,0.0,,,,386.43163812282734,,,,,,,,,,,,,,,,0.9963868689790828,,,1e-07,1e-07,4.938769409038239,54.43263383545771,132.3998077475998,13725.0,212,7,2007
33,33,189,2007-08-31,380.76244484210525,9.0,1.0,4.0,1.0,1.0,3.0,1.0,,16.572990526315788,0.0,0.0,,,,0.0,0.0,,0.0,0.0,83.14462618,0.0,0.0,,,,380.76244484210525,,,,,,,,,,,,,,,,0.9964596338570446,,,1e-07,1e-07,4.968802456140351,54.52195438596492,140.34929724731768,13756.0,243,8,2007
34,34,190,2007-09-30,376.9666081210957,9.0,1.0,4.0,1.0,1.0,3.0,1.0,,17.17628640076886,0.0,0.0,,,,0.0,0.0,,0.0,0.0,83.14462618,0.0,0.0,,,,376.9666081210957,,,,,,,,,,,,,,,,0.9964864428645662,,,1e-07,1e-07,4.992004805382027,54.51227294569918,138.72613504159185,13786.0,273,9,2007
35,35,191,2007-10-31,379.0090285202864,9.0,1.0,4.0,1.0,1.0,3.0,1.0,,16.310546937151948,0.0,0.0,,,,0.0,0.0,,0.0,0.0,83.14462618,0.0,0.0,,,,379.0090285202864,,,,,,,,,,,,,,,,0.9964479276497494,,,1e-07,1e-07,4.993666268894192,54.54884327764518,142.36490961386082,13817.0,304,10,2007
36,36,192,2007-11-30,383.186768313172,9.0,1.0,4.0,1.0,1.0,3.0,1.0,,13.741648521505375,0.0,0.0,,,,0.0,0.0,,0.0,0.0,83.14462618,0.0,0.0,,,,383.186768313172,,,,,,,,,,,,,,,,0.9963301828011474,,,1e-07,1e-07,4.904203293010752,54.45421337365592,135.48052653643097,13847.0,334,11,2007
37,37,193,2007-12-31,387.29502193571176,9.0,1.0,4.0,1.0,1.0,3.0,1.0,,11.057207700459202,0.0,0.0,,,,0.0,0.0,,0.0,0.0,83.14462618,0.0,0.0,,,,387.29502193571176,,,,,,,,,,,,,,,,0.9962018851023352,,,1e-07,1e-07,4.986580713528788,54.595932885906045,147.3264536877458,13878.0,365,12,2007
38,38,194,2008-01-31,389.8408699148534,9.0,1.0,4.0,1.0,1.0,3.0,1.0,,7.766667928098392,0.0,0.0,,,,0.0,0.0,,0.0,0.0,83.14462618,0.0,0.0,,,,389.8408699148533,,,,,,,,,,,,,,,,0.9960346312654744,,,1e-07,1e-07,4.773437559129612,54.567868495742665,150.45938143970426,13909.0,31,1,2008
39,39,195,2008-02-29,391.5704584848485,9.0,1.0,4.0,1.0,1.0,3.0,1.0,,4.564121212121212,0.0,0.0,,,,0.0,0.0,,0.0,0.0,83.14462618,0.0,0.0,,,,391.5704584848485,,,,,,,,,,,,,,,,0.9958660706238416,,,9.999999999999998e-08,9.999999999999998e-08,4.994800000000001,54.55010606060606,142.4618146652128,13938.0,60,2,2008
40,40,196,2008-03-31,392.2894686964795,9.0,1.0,4.0,1.0,1.0,3.0,1.0,,7.467712654614653,0.0,0.0,,,,0.0,0.0,,0.0,0.0,83.14462618,0.0,0.0,,,,392.2894686964795,,,,,,,,,,,,,,,,0.9960187225402184,,,1e-07,1e-07,4.904860450364732,54.47971360608944,138.05494331315705,13969.0,91,3,2008
41,41,197,2008-04-30,387.6829080901474,9.0,1.0,4.0,1.0,1.0,3.0,1.0,34.72704697986577,10.849705287489163,0.0,0.0,412.4580979865772,10204.363861974642,67.7929898513345,0.0,0.0,28015.2356465354,0.0,0.0,83.14462618,0.0,0.0,374.2878402566223,372.7766459153558,18.5520521687754,387.6829080901473,0.0497671772453599,9.231412540536465e-07,5.27319380055543e-10,9.811729993944908e-15,1.4864802449829735e-09,0.2113254456781699,0.0033597837792572,0.024863356452651,7.44196448715107e-07,5.888713993688801e-10,1.8458471054309287e-10,1.2227412957674362e-10,1.4823749914437106e-07,4.2721266153516573e-07,6.757156264922192e-07,0.9961884469116538,0.9907298148280156,0.7841445963175557,1.0000000000000001e-07,1.0000000000000001e-07,4.989621207743427,54.85562785322161,173.8655331046662,13999.0,121,4,2008
42,42,198,2008-05-31,381.64385538971806,9.0,1.0,4.0,1.0,1.0,3.0,1.0,34.51117647058824,16.37207960199005,0.0,0.0,409.89417310924375,10140.931424859704,67.3715745996104,0.0,0.0,27841.087145223035,0.0,0.0,83.14462618,0.0,0.0,374.2336413612442,372.7238119428905,18.535047677260906,381.64385538971806,0.0497286220951846,9.228944843069508e-07,5.25889143871507e-10,9.840430012710982e-15,1.4851854213413559e-09,0.2096314691787482,0.0033426556191969,0.0248355276173426,7.436565026545583e-07,5.929815833503357e-10,1.8490227991037206e-10,1.230434292900809e-10,1.4856830633469396e-07,4.240489257556989e-07,6.70898849453529e-07,0.9964478043536652,0.990692057680639,0.7832028373164361,1.0000000000000001e-07,1.0000000000000001e-07,4.8726527363184085,54.74053897180763,165.02219610311613,14030.0,152,5,2008
43,43,199,2008-06-30,377.05201761079,9.0,1.0,4.0,1.0,1.0,3.0,1.0,,18.383499036608864,0.0,0.0,,,,0.0,0.0,,0.0,0.0,83.14462618,0.0,0.0,,,,377.05201761079,,,,,,,,,,,,,,,,0.9965392989196956,,,9.999999999999998e-08,9.999999999999998e-08,5.021788439306358,54.62045664739884,148.92416603182488,14060.0,182,6,2008
44,44,200,2008-07-31,396.8228987324426,9.0,1.0,4.0,1.0,1.0,3.0,1.0,,18.14540322028092,0.0,0.0,,,,0.0,0.0,,0.0,0.0,83.14462618,0.0,0.0,,,,396.8228987324426,,,,,,,,,,,,,,,,0.9965288486902076,,,1e-07,1e-07,5.003541966426859,54.59046248715313,146.32486727469094,14091.0,213,7,2008
45,45,201,2008-08-31,403.2941714413208,9.0,1.0,4.0,1.0,1.0,3.0,1.0,,15.63554172244534,0.0,0.0,,,,0.0,0.0,,0.0,0.0,83.14462618,0.0,0.0,,,,403.2941714413208,,,,,,,,,,,,,,,,0.996416884400493,,,1e-07,1e-07,4.970358322177599,54.43405131637662,131.5713361993508,14122.0,244,8,2008
46,46,202,2008-09-30,408.6123744140625,9.0,1.0,4.0,1.0,1.0,3.0,1.0,,13.40482666015625,0.0,0.0,,,,0.0,0.0,,0.0,0.0,83.14462618,0.0,0.0,,,,408.61237441406246,,,,,,,,,,,,,,,,0.9963141122865088,,,1e-07,1e-07,4.99244189453125,54.5340712890625,140.9074076720694,14152.0,274,9,2008
47,47,203,2008-10-31,401.4971241761447,9.0,1.0,4.0,1.0,1.0,3.0,1.0,,17.730165937591135,0.0,0.0,,,,0.0,0.0,,0.0,0.0,83.14462618,0.0,0.0,,,,401.4971241761446,,,,,,,,,,,,,,,,0.996510573486544,,,1e-07,1e-07,4.971268883056284,54.53458967629047,141.54653502192616,14183.0,305,10,2008
48,48,204,2008-11-30,401.96118431132845,9.0,1.0,4.0,1.0,1.0,3.0,1.0,,15.66775156641604,0.0,0.0,,,,0.0,0.0,,0.0,0.0,83.14462618000002,0.0,0.0,,,,401.96118431132845,,,,,,,,,,,,,,,,0.9964116226251664,,,1.0000000000000001e-07,1.0000000000000001e-07,5.017328320802005,54.54352631578947,141.1903068581043,14213.0,335,11,2008
49,49,210,2009-05-31,391.8106095588235,9.0,1.0,4.0,1.0,1.0,3.0,1.0,34.15148161764706,12.17763737446198,0.0,0.0,405.6220259558824,10035.236945256547,66.66939023221641,0.0,0.0,27550.91170727591,0.0,0.0,83.14462618,0.0,0.0,386.4217520306379,384.975602245611,15.807404367599071,391.8106095588235,0.041060754590071,1.0681645106903918e-06,6.57162858554512e-10,1.7724523474707e-14,1.7541390747856291e-09,0.1620435373843231,0.0029593294325544,0.0247632666417893,8.45664185075238e-07,8.241630563660982e-10,2.410483410245195e-10,2.0187292580182652e-10,1.9121139771435682e-07,4.191725468472705e-07,6.574353321108619e-07,0.996255938471225,0.9862462900471546,0.7603422428449886,1e-07,1e-07,5.204193041606887,53.82740236728838,63.77845014957058,14395.0,151,5,2009
50,50,211,2009-06-30,394.8459017060367,9.0,1.0,4.0,1.0,1.0,3.0,1.0,33.33566994750656,11.697428520547945,0.0,0.0,395.9325142050994,9795.514888561504,65.0767897353616,0.0,0.0,26892.77465935961,0.0,0.0,83.14462618,0.0,0.0,390.2501689285779,388.73218046175634,17.82245787725988,394.8459017060367,0.0458301018721363,9.88271513097936e-07,5.810388651044e-10,1.3888446241660803e-14,1.6041061867132534e-09,0.1818007622546044,0.0030931973308417,0.0246445489275432,7.870266620301205e-07,7.214434785421999e-10,2.1291020458180848e-10,1.6553512669014594e-10,1.7012448056421861e-07,4.07072691366015e-07,6.42271763362582e-07,0.9962293517355968,0.9883592238504352,0.7684985979950651,1e-07,1e-07,5.320532602739726,53.85929698630137,63.89710361922138,14425.0,181,6,2009
51,51,212,2009-07-31,401.643798028169,9.0,1.0,4.0,1.0,1.0,3.0,1.0,34.46245735211268,10.838091915492958,0.0,0.0,409.31552917923545,10126.61556286754,67.27646675164699,0.0,0.0,27801.784132059387,0.0,0.0,83.14462618,0.0,0.0,396.5413141812277,395.02978710922633,17.004524576684435,401.643798028169,0.0430222660233877,1.0362147507620593e-06,6.297995364653682e-10,1.5971319745452612e-14,1.696034159915144e-09,0.1738359005824608,0.0030613992973283,0.0248186152114214,8.240202176958075e-07,7.68840676272517e-10,2.2815278620883154e-10,1.8340070522805012e-10,1.812926239860293e-07,4.2361060483829124e-07,6.654733613661111e-07,0.9961890862865864,0.9872854726159938,0.7663142890416872,9.999999999999998e-08,9.999999999999998e-08,5.344329577464789,53.93601126760564,71.24662610171713,14456.0,212,7,2009
52,52,214,2009-09-30,377.88256020151135,9.0,1.0,4.0,1.0,1.0,3.0,1.0,33.64182871536524,8.189622166246853,0.0,0.0,399.5688056279237,9885.478065349187,65.67446273227303,0.0,0.0,27139.761108618783,0.0,0.0,83.14462618,0.0,0.0,373.8121895428863,372.3372376819576,17.641027863811225,377.8825602015113,0.0473849676741538,9.6188105206685e-07,5.587095211218842e-10,1.2441943837464401e-14,1.556326604980822e-09,0.1914552978095352,0.0031798812681105,0.024702920803225,7.694194469802614e-07,6.742674367944291e-10,2.0206368487934526e-10,1.4990418209609087e-10,1.617517760697205e-07,4.114578215924009e-07,6.499918122294798e-07,0.996054123882156,0.9892391172178148,0.7735868850230921,1e-07,1e-07,4.943848110831234,53.54188287153652,48.70482900852481,14517.0,273,9,2009
53,53,227,2010-10-31,384.16435,9.0,1.0,4.0,1.0,1.0,3.0,1.0,,13.18225,0.0,0.0,,,,0.0,0.0,,0.0,0.0,83.14462618,0.0,0.0,,,,384.16435,,,,,,,,,,,,,,,,0.9963044500065568,,,1e-07,1e-07,3.5241875,51.93425,26.7426957790794,14913.0,304,10,2010
54,54,235,2011-06-30,380.4459217506631,9.0,1.0,4.0,1.0,1.0,3.0,1.0,,15.18016976127321,0.0,0.0,,,,0.0,0.0,,0.0,0.0,83.14462618,0.0,0.0,,,,380.4459217506631,,,,,,,,,,,,,,,,0.9963970759585502,,,1.0000000000000001e-07,1.0000000000000001e-07,4.551449602122016,54.25460424403183,126.18728837561818,15155.0,181,6,2011
55,55,236,2011-07-31,380.5899,9.0,1.0,4.0,1.0,1.0,3.0,1.0,,14.216608695652171,0.0,0.0,,,,0.0,0.0,,0.0,0.0,83.14462618,0.0,0.0,,,,380.5899,,,,,,,,,,,,,,,,0.9963528415777078,,,1e-07,1e-07,3.6243,56.49539565217391,251.1400767670092,15186.0,212,7,2011
56,56,239,2011-10-31,387.63195128205126,9.0,1.0,4.0,1.0,1.0,3.0,1.0,34.505136094674555,15.48973372781065,0.0,0.0,409.8224307016061,10139.15649151389,67.35978277800082,0.0,0.0,27836.2142127588,0.0,0.0,83.14462618,0.0,0.0,381.0280744993385,379.6606160493666,14.05467020140536,387.63195128205126,0.0370187879879698,1.1590576316452271e-06,7.529968374247665e-10,2.4674924622331823e-14,1.9356351445981353e-09,0.1425664564170583,0.0027949374232014,0.0247335654574451,9.095252377781992e-07,9.844380993291946e-10,2.7886568892820587e-10,2.649306295113448e-10,2.1868617116597893e-07,4.2385834474434573e-07,6.59813292354784e-07,0.996411145932666,0.9829635939087104,0.7487594474850289,1e-07,1e-07,6.237299999999999,55.77112662721894,119.08959399012328,15278.0,304,10,2011
57,57,246,2012-05-31,399.05392868605816,9.0,1.0,4.0,1.0,1.0,3.0,1.0,34.61192076228686,9.450268806419258,0.0,0.0,411.09072745379,10170.534616000768,67.56824426601379,0.0,0.0,27922.360254152125,0.0,0.0,83.14462618,0.0,0.0,394.4834970471088,392.953892782744,17.602485821067027,399.05392868605816,0.0447949826333647,1.0011546237971671e-06,5.961369710741106e-10,1.353238874267926e-14,1.628812782770753e-09,0.1837948200161013,0.0031500150098757,0.0248673232635836,8.000809437165936e-07,7.040035559136976e-10,2.1339788726371077e-10,1.5970140124027643e-10,1.7028373264489737e-07,4.259502194756581e-07,6.707274044777523e-07,0.9961225235849802,0.9885467872652032,0.7719715064815058,1e-07,1e-07,4.158799699097292,53.29182136409228,53.32825831923253,15491.0,152,5,2012
58,58,251,2012-10-31,380.6243459770114,9.0,1.0,4.0,1.0,1.0,3.0,1.0,,14.158758620689651,0.0,0.0,,,,0.0,0.0,,0.0,0.0,83.14462618,0.0,0.0,,,,380.6243459770114,,,,,,,,,,,,,,,,0.9963501544004424,,,1e-07,1e-07,2.8818098965517245,52.7927456321839,78.91624827612453,15644.0,305,10,2012
59,59,252,2012-11-30,380.6505857142857,9.0,1.0,4.0,1.0,1.0,3.0,1.0,,14.478285714285716,0.0,0.0,,,,0.0,0.0,,0.0,0.0,83.14462618,0.0,0.0,,,,380.6505857142857,,,,,,,,,,,,,,,,0.9963649521704808,,,1e-07,1e-07,2.508544142857143,53.49260142857143,98.53559009974668,15674.0,335,11,2012
60,60,253,2012-12-31,380.80567615384615,9.0,1.0,4.0,1.0,1.0,3.0,1.0,,15.24525769230769,0.0,0.0,,,,0.0,0.0,,0.0,0.0,83.14462618,0.0,0.0,,,,380.80567615384615,,,,,,,,,,,,,,,,0.996400116165607,,,1e-07,1e-07,2.810890684615385,52.711824038461536,72.59830824689311,15705.0,366,12,2012
61,61,263,2013-10-31,389.4452,9.0,1.0,4.0,1.0,1.0,3.0,1.0,34.35575576036866,18.241739631336404,0.0,0.0,408.0482191310073,10095.2618497966,67.06816744158999,0.0,0.0,27715.70511018626,0.0,0.0,83.14462617999999,0.0,0.0,381.547265254563,380.2245560551465,12.992802797370707,389.4452,0.0341713926267434,1.2314589468129197e-06,8.32873470048063e-10,3.200839902757976e-14,2.085930152035913e-09,0.1274659229050884,0.0026457267585206,0.0245915607200555,9.574751696948448e-07,1.1418691597384011e-09,3.1277720834375607e-10,3.317189335172073e-10,2.429502021003064e-07,4.207994259529991e-07,6.510437983527349e-07,0.996533301862914,0.9797200357189229,0.7379967438843145,1e-07,1e-07,2.802892165898618,51.64105069124424,41.23596158311558,16009.0,304,10,2013
62,62,267,2014-02-28,389.44425,9.0,1.0,4.0,1.0,1.0,3.0,1.0,33.736,18.22475,0.0,0.0,400.6872914285714,9913.14981222475,65.85830079219308,0.0,0.0,27215.731597319114,0.0,0.0,83.14462618,0.0,0.0,381.5521001243893,380.2290932448636,13.04345967461451,389.44425,0.0343042126571256,1.2243251838457438e-06,8.202140227063917e-10,3.1627607398062364e-14,2.068353474460403e-09,0.126032249556445,0.0026165637256545,0.0244861632379083,9.498638474985828e-07,1.146929462597651e-09,3.1154589205211187e-10,3.3225093995288236e-10,2.4247477158923537e-07,4.114013549791833e-07,6.372595821597432e-07,0.9965325655945156,0.979734840415559,0.7367541618119003,1e-07,1e-07,2.5557,51.5,38.10197095832767,16129.0,59,2,2014
63,63,268,2014-03-31,389.4441029411765,9.0,1.0,4.0,1.0,1.0,3.0,1.0,34.020941176470586,18.258605882352946,0.0,0.0,404.07157848739496,9996.878309083431,66.4145535105972,0.0,0.0,27445.601249318403,0.0,0.0,83.14462618,0.0,0.0,381.5363823733533,380.213989752227,13.010018324751767,389.4441029411765,0.034217621292677,1.2283008275570208e-06,8.268416287009523e-10,3.188086367110784e-14,2.077921377489389e-09,0.1265652755325968,0.0026286933559836,0.0245332201284139,9.538176570496248e-07,1.146141882541582e-09,3.1244699220668474e-10,3.327087903517743e-10,2.429293052608847e-07,4.157140614146099e-07,6.435443355410411e-07,0.9965340327193212,0.9796948509215246,0.7372287155216061,1e-07,1e-07,2.81585,51.51452941176471,29.74928094252296,16160.0,90,3,2014
64,64,269,2014-04-30,403.8725330097087,9.0,1.0,4.0,1.0,1.0,3.0,1.0,35.02666504854369,10.120344012944985,0.0,0.0,416.0167045908461,10292.40508800184,68.37789431214095,0.0,0.0,28256.945539197404,0.0,0.0,83.14462618,0.0,0.0,399.0177954353521,397.4834775019552,17.400099980530793,403.8725330097087,0.0437629990576024,1.0221562251257895e-06,6.18856246168681e-10,1.4738088020537232e-14,1.670538860537193e-09,0.1806852550782191,0.0031336445101857,0.0249183552570734,8.158040720658437e-07,7.287934465403153e-10,2.208186737572068e-10,1.7000352818270918e-10,1.756251725475264e-07,4.321056214276841e-07,6.791568804417885e-07,0.9961552665164786,0.9879706313723732,0.770682845826401,1e-07,1e-07,2.976827508090615,52.41000145631068,82.40620008350078,16190.0,120,4,2014
65,65,272,2014-07-31,377.7926826589596,9.0,1.0,4.0,1.0,1.0,3.0,1.0,34.445028901734105,6.39578034682081,0.0,0.0,409.1085289843105,10121.494302504789,67.24244350860177,0.0,0.0,27787.72413598219,0.0,0.0,83.14462618,0.0,0.0,374.2792277792183,372.76893560022006,18.55393682713757,377.7926826589595,0.0497732372450245,9.220313945963428e-07,5.247890616682677e-10,9.818239006794544e-15,1.4833858551398107e-09,0.2094178863960066,0.003339573726532,0.0248263952911806,7.429161124504914e-07,5.931834168232861e-10,1.8472645723180608e-10,1.2295789844248863e-10,1.4845797525958204e-07,4.230743256908696e-07,6.694429110348078e-07,0.9959648000164368,0.9907000423553132,0.7830337242595664,1.0000000000000001e-07,1.0000000000000001e-07,5.038497109826589,56.36842196531792,191.19700383811124,16282.0,212,7,2014
66,66,273,2014-08-31,390.61375956644673,9.0,1.0,4.0,1.0,1.0,3.0,1.0,34.02166611485845,17.626742411740945,0.0,0.0,404.08018868419015,9997.091328494254,66.415968711285,0.0,0.0,27446.18607646414,0.0,0.0,83.14462618,0.0,0.0,383.3576473347361,382.0213679554222,13.2520256396968,390.61375956644673,0.0346765723360835,1.2166475626814432e-06,8.141709733706155e-10,3.07566242059022e-14,2.053971119913748e-09,0.1289183946903415,0.0026509943567367,0.0245490853034983,9.458972036174624e-07,1.1209147007961335e-09,3.0713645998095327e-10,3.2248080838777964e-10,2.391185360778612e-07,4.159163689899396e-07,6.445227931351943e-07,0.9965057806536814,0.9801946379443268,0.7388608393101315,1e-07,1e-07,2.7673376044163187,51.74441688882904,51.97135880273021,16313.0,243,8,2014
67,67,274,2014-09-30,407.9942108316303,9.0,1.0,4.0,1.0,1.0,3.0,1.0,34.06242208481966,12.956291062127976,0.0,0.0,404.56425316170095,10009.06726031688,66.49553116471111,0.0,0.0,27479.065005188728,0.0,0.0,83.14462618,0.0,0.0,403.77675207671217,402.269805346824,16.541820672451003,407.9942108316303,0.0399830174295991,1.1001490152910078e-06,6.93616570054364e-10,2.1181562154022656e-14,1.8216933322323887e-09,0.1559763393135456,0.0028953963025871,0.0246909549854107,8.667862195239924e-07,8.973403664805004e-10,2.5650272251136993e-10,2.3297379710678887e-10,2.02187765926434e-07,4.173878514203441e-07,6.527490698885781e-07,0.9962873639613408,0.984745402906544,0.7554865217254068,1e-07,1e-07,2.98556649578373,51.58594440848214,30.112265350921227,16343.0,273,9,2014
68,68,275,2014-10-31,392.83071590524537,9.0,1.0,4.0,1.0,1.0,3.0,1.0,34.95552083333334,11.88796108291032,0.0,0.0,415.17171458333337,10271.499726854894,68.2390089337633,0.0,0.0,28199.55160198295,0.0,0.0,83.14462618,0.0,0.0,390.569686872552,389.1814427785165,14.045713175748828,392.8307159052453,0.036090396436753,1.183957684361474e-06,7.833433024058038e-10,2.6726517145694616e-14,1.9885495421030068e-09,0.1395197785928076,0.0027771281157336,0.024778405366476,9.28141995789416e-07,1.0199230039563222e-09,2.886537004155949e-10,2.8114732374308803e-10,2.254551010960433e-07,4.305480828612693e-07,6.685975007579911e-07,0.9962348077712486,0.9821261483471366,0.7469192249691825,1e-07,1e-07,2.793852439932318,52.00567027072758,67.9061165731479,16374.0,304,10,2014
69,69,276,2014-11-30,387.9829172413793,9.0,1.0,4.0,1.0,1.0,3.0,1.0,,7.352842215256008,0.0,0.0,,,,0.0,0.0,,0.0,0.0,83.14462618,0.0,0.0,,,,387.9829172413793,,,,,,,,,,,,,,,,0.9960149989169634,,,1e-07,1e-07,2.603297661442006,51.58002637408568,43.28495696488637,16404.0,334,11,2014
70,70,281,2015-04-30,384.5475756007394,9.0,1.0,4.0,1.0,1.0,3.0,1.0,,12.822643253234752,0.0,0.0,,,,0.0,0.0,,0.0,0.0,83.14462618,0.0,0.0,,,,384.5475756007394,,,,,,,,,,,,,,,,0.9962872837933986,,,1e-07,1e-07,4.172115896487985,53.63535378927912,83.56910689511756,16555.0,120,4,2015
71,71,282,2015-05-31,385.14622522321423,9.0,1.0,4.0,1.0,1.0,3.0,1.0,,12.082674107142855,0.0,0.0,,,,0.0,0.0,,0.0,0.0,83.14462618,0.0,0.0,,,,385.14622522321423,,,,,,,,,,,,,,,,0.9962520390420744,,,1e-07,1e-07,4.013388839285715,53.711625000000005,96.09458505590712,16586.0,151,5,2015
72,72,283,2015-06-30,387.0181047154472,9.0,1.0,4.0,1.0,1.0,3.0,1.0,,9.928829268292684,0.0,0.0,,,,0.0,0.0,,0.0,0.0,83.14462618,0.0,0.0,,,,387.0181047154471,,,,,,,,,,,,,,,,0.9961455666391894,,,9.999999999999998e-08,9.999999999999998e-08,2.962800382113821,52.09076276422764,68.67255018205086,16616.0,181,6,2015
73,73,284,2015-07-31,386.3209672774869,9.0,1.0,4.0,1.0,1.0,3.0,1.0,,11.714251308900524,0.0,0.0,,,,0.0,0.0,,0.0,0.0,83.14462618,0.0,0.0,,,,386.3209672774869,,,,,,,,,,,,,,,,0.9962335051454212,,,1e-07,1e-07,2.947426222513089,52.448994345549735,80.04341949345776,16647.0,212,7,2015
74,74,285,2015-08-31,384.7993777922078,9.0,1.0,4.0,1.0,1.0,3.0,1.0,,12.444372727272729,0.0,0.0,,,,0.0,0.0,,0.0,0.0,83.14462618,0.0,0.0,,,,384.7993777922078,,,,,,,,,,,,,,,,0.9962684560406871,,,1e-07,1e-07,4.203647823376624,54.54980476623377,166.05605987161906,16678.0,243,8,2015
75,75,286,2015-09-30,386.6409077170418,9.0,1.0,4.0,1.0,1.0,3.0,1.0,,11.02347266881029,0.0,0.0,,,,0.0,0.0,,0.0,0.0,83.14462618,0.0,0.0,,,,386.6409077170418,,,,,,,,,,,,,,,,0.9962004584634924,,,1e-07,1e-07,2.733051073954984,51.68577475884244,48.05984325759485,16708.0,273,9,2015
76,76,287,2015-10-31,391.11794128970166,9.0,1.0,4.0,1.0,1.0,3.0,1.0,35.02130311614731,12.82407122232916,0.0,0.0,415.953020153784,10290.829511788646,68.36742692547423,0.0,0.0,28252.61992522589,0.0,0.0,83.14462618,0.0,0.0,394.7837361976804,393.35311311261,14.857889768408535,391.1179412897016,0.0377723748256379,1.1435466235465526e-06,7.399252269195425e-10,2.3064625665284543e-14,1.9062809847829068e-09,0.1486037006512517,0.0028627971408914,0.0248413866010668,9.0080246836261e-07,9.378916134482148e-10,2.704711167071407e-10,2.4780421933699896e-10,2.123250888430253e-07,4.318522133433066e-07,6.728214323000196e-07,0.996286199724578,0.9837965702072886,0.7529535915405029,1e-07,1e-07,2.8294923724735326,51.89656586140519,57.67746804117872,16739.0,304,10,2015
77,77,288,2015-11-30,384.6764797752809,9.0,1.0,4.0,1.0,1.0,3.0,1.0,,13.729063670411984,0.0,0.0,,,,0.0,0.0,,0.0,0.0,83.14462618,0.0,0.0,,,,384.6764797752809,,,,,,,,,,,,,,,,0.9963300480983448,,,1e-07,1e-07,2.633537872659176,51.66507677902622,50.56385276021991,16769.0,334,11,2015
78,78,289,2015-12-31,385.8644827906977,9.0,1.0,4.0,1.0,1.0,3.0,1.0,,11.117283720930232,0.0,0.0,,,,0.0,0.0,,0.0,0.0,83.14462618,0.0,0.0,,,,385.8644827906977,,,,,,,,,,,,,,,,0.9962052172630712,,,9.999999999999998e-08,9.999999999999998e-08,4.468305813953489,53.844006744186046,94.64009505945944,16800.0,365,12,2015
79,79,290,2016-01-31,386.50200171102665,9.0,1.0,4.0,1.0,1.0,3.0,1.0,,10.568963878326995,0.0,0.0,,,,0.0,0.0,,0.0,0.0,83.14462618,0.0,0.0,,,,386.5020017110266,,,,,,,,,,,,,,,,0.9961782344054668,,,1e-07,1e-07,3.982801711026616,53.81665019011407,107.25249890067543,16831.0,31,1,2016
80,80,291,2016-02-29,386.9527359493671,9.0,1.0,4.0,1.0,1.0,3.0,1.0,,9.9053417721519,0.0,0.0,,,,0.0,0.0,,0.0,0.0,83.14462618,0.0,0.0,,,,386.9527359493671,,,,,,,,,,,,,,,,0.996145329639894,,,1e-07,1e-07,3.593308101265823,53.49383316455696,96.67753264132062,16860.0,60,2,2016
81,81,292,2016-03-31,387.014848245614,9.0,1.0,4.0,1.0,1.0,3.0,1.0,,10.037736842105264,0.0,0.0,,,,0.0,0.0,,0.0,0.0,83.14462618,0.0,0.0,,,,387.014848245614,,,,,,,,,,,,,,,,0.9961519806697688,,,1e-07,1e-07,3.2727351754385965,52.3885701754386,67.47244360776332,16891.0,91,3,2016
82,82,295,2016-06-30,405.3735240963856,9.0,1.0,4.0,1.0,1.0,3.0,1.0,34.47080722891567,13.00190361445783,0.0,0.0,409.4147018588641,10129.069131152504,67.29276710432866,0.0,0.0,27808.52020053048,0.0,0.0,83.14462618,0.0,0.0,399.4982826208403,398.0185135035256,15.903949928148378,405.3735240963856,0.0399578115541459,1.0926327339634834e-06,6.833923494246605e-10,1.930169558211473e-14,1.8027672159502401e-09,0.1576035729043914,0.0029299335782994,0.0248021681227037,8.639264843753928e-07,8.597567623249042e-10,2.502349061870213e-10,2.1543547188309987e-10,1.978478903726844e-07,4.237488020539865e-07,6.631240216971934e-07,0.9962959313351816,0.9855065980561571,0.7580914877427282,1e-07,1e-07,5.995455421686747,56.36321084337349,132.79733970215068,16982.0,182,6,2016
83,83,305,2017-04-30,383.6314335766424,9.0,1.0,4.0,1.0,1.0,3.0,1.0,,13.136496350364965,0.0,0.0,,,,0.0,0.0,,0.0,0.0,83.14462618,0.0,0.0,,,,383.6314335766424,,,,,,,,,,,,,,,,0.9963020732746646,,,1e-07,1e-07,2.9708596788321167,51.561151751824816,27.891755914670888,17286.0,120,4,2017
84,84,306,2017-05-31,380.0131420035149,9.0,1.0,4.0,1.0,1.0,3.0,1.0,34.56833333333333,9.375746924428825,0.0,0.0,410.5730333333334,10157.726674539244,67.48315433221073,0.0,0.0,27887.197111888177,0.0,0.0,83.14462618,0.0,0.0,374.35021724989656,372.8349126924574,18.69933628549048,380.0131420035149,0.0501544382487431,9.170355011148989e-07,5.212206321958776e-10,9.591002880507691e-15,1.4749094202521184e-09,0.2123199443084868,0.0033633174043491,0.0248391953577116,7.394964831233764e-07,5.838831618068618e-10,1.827394951463264e-10,1.2035107644393696e-10,1.468747793419948e-07,4.248402948176782e-07,6.723130269217221e-07,0.9961129248617188,0.9908524401963776,0.7843476854106164,1e-07,1e-07,4.206086824253076,54.27792666080843,141.82782870484564,17317.0,151,5,2017
85,85,307,2017-06-30,381.6083959064328,9.0,1.0,4.0,1.0,1.0,3.0,1.0,,15.59187134502924,0.0,0.0,,,,0.0,0.0,,0.0,0.0,83.14462618,0.0,0.0,,,,381.6083959064328,,,,,,,,,,,,,,,,0.9964156136756884,,,1e-07,1e-07,2.898323479532164,51.57139988304094,31.16624710804185,17347.0,181,6,2017
86,86,309,2017-08-31,377.5512911471321,9.0,1.0,4.0,1.0,1.0,3.0,1.0,33.427743142144635,6.494763092269327,0.0,0.0,397.0260806911293,9822.570122499654,65.2565319735455,0.0,0.0,26967.052562862616,0.0,0.0,83.14462618,0.0,0.0,374.0129483575675,372.5056606150836,18.58964657343513,377.5512911471321,0.0499038601517768,9.162298678296742e-07,5.143928189295536e-10,9.783190801381603e-15,1.4692744458625042e-09,0.2034079436957558,0.003271128305188,0.0246851008592635,7.367192358892108e-07,6.053784158141781e-10,1.8468859554043239e-10,1.2485259975134435e-10,1.488142099041238e-07,4.082949538046474e-07,6.472014577997716e-07,0.9959699734156616,0.9906280792826598,0.7793318775105968,1e-07,1e-07,4.44357867830424,54.9058144638404,193.52349503326587,17409.0,243,8,2017
87,87,317,2018-04-30,380.0889173913044,9.0,1.0,4.0,1.0,1.0,3.0,1.0,,18.84478260869565,0.0,0.0,,,,0.0,0.0,,0.0,0.0,83.14462618,0.0,0.0,,,,380.08891739130434,,,,,,,,,,,,,,,,0.9965574257866489,,,1e-07,1e-07,3.0192010579710145,51.56816101449275,27.53279452295976,17651.0,120,4,2018
88,88,318,2018-05-31,380.0361398373984,9.0,1.0,4.0,1.0,1.0,3.0,1.0,,19.71162601626017,0.0,0.0,,,,0.0,0.0,,0.0,0.0,83.14462618,0.0,0.0,,,,380.0361398373983,,,,,,,,,,,,,,,,0.99659463169304,,,1e-07,1e-07,2.628318130081301,51.653918373983736,49.76038961908985,17682.0,151,5,2018
89,89,320,2018-07-31,376.225978164557,9.0,1.0,4.0,1.0,1.0,3.0,1.0,,19.06411392405064,0.0,0.0,,,,0.0,0.0,,0.0,0.0,83.14462618,0.0,0.0,,,,376.2259781645569,,,,,,,,,,,,,,,,0.9965686326805914,,,9.999999999999998e-08,9.999999999999998e-08,2.864457196202532,51.61723212025316,36.75581425593686,17743.0,212,7,2018
90,90,321,2018-08-31,370.6284405940594,9.0,1.0,4.0,1.0,1.0,3.0,1.0,33.80781931464174,15.822283828382838,0.0,0.0,401.5402996884736,9934.253547861905,65.99850407729996,0.0,0.0,27273.67015526296,0.0,0.0,83.14462618,0.0,0.0,362.35651171509136,361.0094163871847,14.816577846510675,370.6284405940594,0.04086806324191,1.0904259121911924e-06,6.857485364502303e-10,2.1376214614594772e-14,1.805569247839116e-09,0.1595298634332027,0.0029098225648277,0.0246260637370053,8.584455403267086e-07,8.98224548164506e-10,2.5472508910604813e-10,2.3505534667313947e-10,2.0069602083776586e-07,4.132775732772625e-07,6.466629004252179e-07,0.9964173600712756,0.9847418954692674,0.7560259322037988,1e-07,1e-07,3.17224850990099,52.39297097359736,73.12466284374759,17774.0,243,8,2018
91,91,322,2018-09-30,363.86154950495046,9.0,1.0,4.0,1.0,1.0,3.0,1.0,34.881534653465344,15.816252475247524,0.0,0.0,414.292970155587,10249.759269033411,68.09457556619716,0.0,0.0,28139.864976028533,0.0,0.0,83.14462618,0.0,0.0,357.44149775454264,356.16150439449234,13.175815771592816,363.86154950495046,0.0369192036042528,1.1726044329132783e-06,7.74648550071542e-10,2.6609457263332016e-14,1.9695041773166913e-09,0.1433880506429209,0.0028031739904151,0.0247567267947828,9.196285813146742e-07,1.009105653749364e-09,2.852478889135802e-10,2.7908974633233766e-10,2.226939104530877e-07,4.293569798700744e-07,6.671168557947796e-07,0.9964216634682004,0.9823158645343524,0.7482780285576166,1e-07,1e-07,2.756325752475248,51.69866334158416,48.37305436140775,17804.0,273,9,2018
92,92,323,2018-10-31,362.5435286027397,9.0,1.0,4.0,1.0,1.0,3.0,1.0,34.09311232876713,18.086274520547946,0.0,0.0,404.92876557338553,10018.085430402987,66.55544364150971,0.0,0.0,27503.823644088727,0.0,0.0,83.14462618,0.0,0.0,355.25574609713016,354.02172698245204,12.17163702510892,362.5435286027397,0.0343810068969956,1.2241576132107098e-06,8.228106400362167e-10,3.1432852226934434e-14,2.0696834421889427e-09,0.1277601295998946,0.0026414416324327,0.0245489304493187,9.511290092135024e-07,1.13412435922816e-09,3.1035924276877966e-10,3.2845222746673455e-10,2.4139410602749055e-07,4.1693612638049705e-07,6.456787526666099e-07,0.9965263971034228,0.9798987628652376,0.7380924560526021,1e-07,1e-07,2.770738808219178,51.649698312328766,43.27546846442255,17835.0,304,10,2018
93,93,324,2018-11-30,363.06227905138337,9.0,1.0,4.0,1.0,1.0,3.0,1.0,34.14326086956522,17.376934782608693,0.0,0.0,405.52438695652177,10032.8213207811,66.65334196034333,0.0,0.0,27544.279810390544,0.0,0.0,83.14462618,0.0,0.0,356.08882462540095,354.84092725049663,12.44622151066402,363.06227905138337,0.0350754770712825,1.2059441017010428e-06,8.02133709294627e-10,2.938357862920726e-14,2.031051330348521e-09,0.1312841036613261,0.0026786147976734,0.0245974045670989,9.395971651968248e-07,1.092971139935369e-09,3.0141420271209764e-10,3.0952675535434043e-10,2.350485063585283e-07,4.1786332816486873e-07,6.480913940315305e-07,0.9964955456410428,0.9807926799400268,0.7407945326718631,1e-07,1e-07,2.651259043478261,51.72821413043479,55.19411309063222,17865.0,334,11,2018
94,94,325,2018-12-31,363.02618305084746,9.0,1.0,4.0,1.0,1.0,3.0,1.0,34.867796610169485,15.701203389830509,0.0,0.0,414.1298014527846,10245.722415781138,68.06775661351533,0.0,0.0,28128.78212984012,0.0,0.0,83.14462618,0.0,0.0,356.7601482091846,355.4832262634248,13.048689907321595,363.02618305084746,0.0367067851858452,1.1683083203352556e-06,7.655432054639066e-10,2.5318278821447213e-14,1.9559971561169342e-09,0.1423876296857626,0.0028019641648139,0.024784619237353,9.17181278089744e-07,9.91274293783787e-10,2.8187945302203286e-10,2.689402676314328e-10,2.206466069352568e-07,4.293275847990748e-07,6.676177397907765e-07,0.996420788581774,0.9827394462567294,0.7488204799769526,1e-07,1e-07,2.9626882627118643,51.56688076271186,28.69948013199257,17896.0,365,12,2018
95,95,326,2019-01-31,363.0087113402062,9.0,1.0,4.0,1.0,1.0,3.0,1.0,34.94099656357388,15.393446735395193,0.0,0.0,414.9992077565047,10267.231845006463,68.21065513584402,0.0,0.0,28187.834485922347,0.0,0.0,83.14462618,0.0,0.0,356.86596449514263,355.5836877591468,13.16788675468539,363.00871134020616,0.0370316452786377,1.160765917038783e-06,7.578686878029715e-10,2.4600240601484022e-14,1.940889829751133e-09,0.1443773878851128,0.00282217819111,0.0248070676789408,9.123111875853152e-07,9.739287210767136e-10,2.7829370363641457e-10,2.6208860637360497e-10,2.180223769671109e-07,4.305079925561419e-07,6.698318849204281e-07,0.996406843807672,0.9830782349969822,0.7501757165633179,1e-07,1e-07,2.899132817869416,51.62660240549828,36.57000222145333,17927.0,31,1,2019
96,96,327,2019-02-28,363.01837306397306,9.0,1.0,4.0,1.0,1.0,3.0,1.0,34.27158249158249,16.809107744107745,0.0,0.0,407.0484811928812,10070.52796837432,66.90384717675771,0.0,0.0,27647.800287713133,0.0,0.0,83.14462618,0.0,0.0,356.2917765607323,355.0342193533757,12.65282623805338,363.01837306397306,0.0356382334111987,1.1920222290468342e-06,7.874403204865269e-10,2.7895991216672205e-14,2.002485015341426e-09,0.1346082309597035,0.002713971824167,0.0246437693848316,9.308332889434728e-07,1.0591192643716706e-09,2.9452876611876446e-10,2.9539116623637877e-10,2.3006669803565557e-07,4.1998650900517154e-07,6.521057576902459e-07,0.9964704336027028,0.9814703691018144,0.7432240070964683,1e-07,1e-07,2.8098581144781147,51.60809464646465,37.93050345603305,17955.0,59,2,2019
97,97,328,2019-03-31,363.0362488921713,9.0,1.0,4.0,1.0,1.0,3.0,1.0,34.31970457902511,16.68837223042836,0.0,0.0,407.62003410002114,10084.668395873005,66.99778952053124,0.0,0.0,27686.62166000804,0.0,0.0,83.14462618,0.0,0.0,356.36165770029226,355.10195213670494,12.696323600335964,363.0362488921713,0.0357540031629132,1.189283889990029e-06,7.847239264131905e-10,2.759110654517755e-14,1.9969669081366757e-09,0.1353657909569974,0.002722499571467,0.0246571631073154,9.29211305283558e-07,1.051700273640694e-09,2.930986765539461e-10,2.923577297920581e-10,2.290178794608439e-07,4.207549812164016e-07,6.534257618822788e-07,0.9964650934486924,0.981614540479212,0.7437847784037818,9.999999999999998e-08,9.999999999999998e-08,2.661795134416544,51.64556169867061,47.64196574020515,17986.0,90,3,2019
98,98,329,2019-04-30,365.28999692307696,9.0,1.0,4.0,1.0,1.0,3.0,1.0,34.38033333333333,15.985641025641025,0.0,0.0,408.3401304761904,10102.48384300325,67.1161469647418,0.0,0.0,27735.53249426025,0.0,0.0,83.14462618,0.0,0.0,358.8588333904842,357.57860039231934,13.067192004054396,365.28999692307696,0.0365274163431812,1.1711456241214277e-06,7.656492276147315e-10,2.5947005812427843e-14,1.960322217343514e-09,0.1395655535641189,0.0027630653903797,0.0246922542784975,9.171541659760388e-07,1.0138619384170942e-09,2.8483591320527183e-10,2.770151585362884e-10,2.230180786309081e-07,4.218238204102331e-07,6.560312788957494e-07,0.996433152134825,0.9823802641517636,0.746583142814546,1e-07,1e-07,2.7896373666666663,51.61510330769231,39.383282128375775,18016.0,120,4,2019
99,99,330,2019-05-31,372.9233664347826,9.0,1.0,4.0,1.0,1.0,3.0,1.0,34.83420289855072,12.02931304347826,0.0,0.0,413.7308041407868,10235.851076676754,68.00217608338386,0.0,0.0,28101.68118607755,0.0,0.0,83.14462618,0.0,0.0,367.8450985510548,366.4653449817374,15.08012040286438,372.9233664347826,0.041149231925752,1.070323270737732e-06,6.637371027116145e-10,1.768081712522859e-14,1.7611751608394242e-09,0.1656957678568516,0.0030068430658871,0.0248724817264488,8.493479610355568e-07,8.116606518682276e-10,2.4023555773960315e-10,1.988156949603121e-10,1.9025058040975217e-07,4.292619588594559e-07,6.726105069373407e-07,0.9962491296229994,0.9863825585233577,0.7628146573632095,1e-07,1e-07,3.183929180289855,51.75587954782608,29.2852768190792,18047.0,151,5,2019
100,100,332,2019-07-31,374.4034087116564,9.0,1.0,4.0,1.0,1.0,3.0,1.0,34.745276073619635,10.549625766871165,0.0,0.0,412.674607537248,10209.72038726878,67.82857608383422,0.0,0.0,28029.941542992223,0.0,0.0,83.14462618,0.0,0.0,369.77624327629854,368.36247759060046,15.915885876373384,374.4034087116564,0.0432055744514058,1.03079802845891e-06,6.249634902888552e-10,1.5245359089666122e-14,1.6853432285602167e-09,0.1762558413416898,0.0030912147537731,0.0248752035451621,8.212401617081072e-07,7.487806471646865e-10,2.247381958961591e-10,1.7594316924798107e-10,1.7873478585776274e-07,4.279351052128102e-07,6.724307185059664e-07,0.9961767595026312,0.9876412223832552,0.7682342482514545,1.0000000000000001e-07,1.0000000000000001e-07,2.7786059938650305,51.62723165644172,40.92322148474667,18108.0,212,7,2019
101,101,334,2019-09-30,377.694062585034,9.0,1.0,4.0,1.0,1.0,3.0,1.0,33.652517006802725,6.700748299319728,0.0,0.0,399.6957519922255,9888.61876472838,65.6953280604816,0.0,0.0,27148.383638586667,0.0,0.0,83.14462618,0.0,0.0,374.1052475977661,372.6016864594544,18.43426528009985,377.694062585034,0.0494742771976048,9.232415471502432e-07,5.214917116407937e-10,1.0023922664034994e-14,1.482599642981337e-09,0.202609820865849,0.0032709116885801,0.0247202414736938,7.422618925677927e-07,6.10708764728029e-10,1.8670717581579563e-10,1.2686074019074814e-10,1.5029351080002921e-07,4.115711239849362e-07,6.519164536197076e-07,0.9959809194079152,0.9904980528883568,0.7792914802093831,1e-07,1e-07,3.355580952380953,52.47458503401361,70.22068921141947,18169.0,273,9,2019
102,102,344,2020-07-31,374.39893952755904,9.0,1.0,4.0,1.0,1.0,3.0,1.0,34.44971653543307,11.052532283464569,0.0,0.0,409.1642046794151,10122.871739519333,67.25159455170557,0.0,0.0,27791.505775197795,0.0,0.0,83.14462618,0.0,0.0,369.6255022254311,368.2216722541824,15.662173343606746,374.39893952755904,0.0425344195628948,1.0412578407589015e-06,6.328924460921952e-10,1.588920531623364e-14,1.7037012210075187e-09,0.1709843367785527,0.0030426654435861,0.0248312620791919,8.279915516384188e-07,7.717889436833584e-10,2.2938813334760238e-10,1.8307287181890656e-10,1.823789871809241e-07,4.235905601019248e-07,6.653598961203315e-07,0.9962020280531548,0.9872503988855876,0.765420741559116,1e-07,1e-07,2.8146957763779525,51.6249237007874,39.28692121729871,18474.0,213,7,2020
103,103,347,2020-10-31,374.3733011571842,9.0,1.0,4.0,1.0,1.0,3.0,1.0,34.23816779170685,11.297104146576665,0.0,0.0,406.6516100289296,10060.709230948489,66.83861610741661,0.0,0.0,27620.843757501472,0.0,0.0,83.14462618,0.0,0.0,369.5208502706848,368.1218193838062,15.554226375694666,374.3733011571841,0.0422526112155694,1.0457396676404948e-06,6.359133982431119e-10,1.6240228157595816e-14,1.7114273625484895e-09,0.1684318272973475,0.0030163615567929,0.0247961911550366,8.305443521285485e-07,7.846020619664751e-10,2.3170241318486766e-10,1.8714493799990188e-10,1.8420700255939666e-07,4.204357702870908e-07,6.603489746834687e-07,0.9962139436267948,0.9870384566685544,0.7638927179438398,1e-07,1e-07,2.7921518264223724,51.63404194792671,40.99985807761061,18566.0,305,10,2020
104,104,348,2020-11-30,378.3125812030075,9.0,1.0,4.0,1.0,1.0,3.0,1.0,34.59483870967742,14.71903007518797,0.0,0.0,410.8878414746544,10165.515142838043,67.53489724920976,0.0,0.0,27908.57970640048,0.0,0.0,83.14462618,0.0,0.0,369.8514864673793,368.4643420470887,15.172922036805389,378.3125812030075,0.0411788067096448,1.0681388156341849e-06,6.597770904337547e-10,1.754969953267561e-14,1.755654829617378e-09,0.1645745218609845,0.0029928286536113,0.0248404642862886,8.472755851271117e-07,8.134599482123426e-10,2.3980468532819246e-10,1.9845467570026248e-10,1.9007577809229817e-07,4.256850521741135e-07,6.672725215666421e-07,0.9963751742349312,0.9864054605160524,0.7621235845005003,1e-07,1e-07,3.0932814586466164,51.79843676691729,36.98553761576639,18596.0,335,11,2020
