,datetime,par1,par1_type,opt_k_bisulfate,opt_k_carbonic,opt_k_fluoride,opt_total_borate,opt_gas_constant,opt_pH_scale,salinity,temperature,pressure,total_ammonia,total_borate,total_calcium,total_fluoride,total_phosphate,total_silicate,total_sulfate,total_sulfide,peng_correction,gas_constant,total_alpha,total_beta,pCO2,fCO2,aqueous_CO2,xCO2,k_CO2,k_carbonic_1,k_carbonic_2,k_water,k_borate,k_bisulfate,k_fluoride,k_phosphoric_1,k_phosphoric_2,k_phosphoric_3,k_silicate,k_ammonia,k_sulfide,k_calcite,k_aragonite,fugacity_factor,vp_factor,fH,k_alpha,k_beta,longitude,latitude,fco2_air,deltafco2,datenum,dayofyear,month,year,distance_to_shore
0,1991-11-30,328.88,5.0,1.0,4.0,1.0,1.0,3.0,1.0,,11.53,0.0,0.0,,,,0.0,0.0,,0.0,0.0,83.14462618,0.0,0.0,330.1261027695518,328.88,,,,,,,,,,,,,,,,,,0.9962253733979296,,,1e-07,1e-07,3.8200000000000003,52.872,,,8003.0,318,11,1991,57.852200623788356
35,1994-10-31,344.39161954261954,5.0,1.0,4.0,1.0,1.0,3.0,1.0,34.11918918918919,14.794220374220375,0.0,0.0,405.2384841698842,10025.74798150556,66.60635002393182,0.0,0.0,27524.860543369843,0.0,0.0,83.14462618,0.0,0.0,345.6428230862717,344.39161954261954,13.041784722232222,351.37305493878875,0.03788813691243598,1.1366786509717754e-06,7.267156761057593e-10,2.2926243828921204e-14,1.888959338972106e-09,0.14542082117031033,0.0028121050876691893,0.02469482962815011,8.928793475461304e-07,9.51548189366516e-10,2.7013183442818114e-10,2.5060134764515815e-10,2.1257133683078297e-07,4.182418732450387e-07,6.524990704375276e-07,0.996379414013198,0.9837072312268231,0.7504231370351029,1e-07,1e-07,4.489376299376299,53.09110187110187,348.9493590499133,-4.557739507293745,9069.0,142,10,1994,22.001919290319293
117,2001-08-31,344.62924725738395,5.0,1.0,4.0,1.0,1.0,3.0,1.0,34.69100562587904,17.016317862165966,0.0,0.0,412.030029676512,10193.773295769226,67.72263111491596,0.0,0.0,27986.160124348222,0.0,0.0,83.14462618,0.0,0.0,345.8466439628542,344.62924725738395,12.176947161613143,352.46573208359973,0.03534040748474484,1.2018383260060357e-06,8.014842098177296e-10,2.864798564364092e-14,2.0247304977996752e-09,0.13466037518895277,0.002724202618355014,0.024703115348210628,9.391039481154301e-07,1.0658070828157092e-09,2.977250052456299e-10,2.99803634526283e-10,2.3208351326863683e-07,4.263306699723751e-07,6.611774109453845e-07,0.9964796178452073,0.981229609241089,0.7433967101513544,1e-07,1e-07,4.960775668073136,55.55609676511955,354.00118146181217,-9.371934204428237,11565.0,142,8,2001,197.6911628141016
118,2001-09-30,397.0753882106,5.0,1.0,4.0,1.0,1.0,3.0,1.0,34.32710862340388,17.11356043379395,0.0,0.0,407.7079729928284,10086.844036172482,67.01224345051038,0.0,0.0,27692.594700218717,0.0,0.0,83.14462618,0.0,0.0,398.4777334297689,397.0753882105999,14.053722608478187,406.1331951150533,0.035333891937081356,1.2006436563281301e-06,7.978599968009531e-10,2.884964851357902e-14,2.0211912779759366e-09,0.13337018516996113,0.00270218954399728,0.024634689834882085,9.366051988742703e-07,1.0765355810314934e-09,2.985495981389855e-10,3.0374759845389446e-10,2.3286189911641723e-07,4.207393490498989e-07,6.527617182205071e-07,0.9964835326743967,0.9810752766012774,0.7422469144771543,1e-07,1e-07,4.0583334266223545,53.54322252929858,354.74903607960846,42.3263521309915,11595.0,142,9,2001,78.78341070203868
120,2001-11-30,367.4696530884503,5.0,1.0,4.0,1.0,1.0,3.0,1.0,34.528437499999995,11.507762792397662,0.0,0.0,410.0991848214286,10146.003489433811,67.40527100899453,0.0,0.0,27855.012078337928,0.0,0.0,83.14462618,0.0,0.0,368.86220700071806,367.4696530884503,15.39929793535799,373.7910955043556,0.041928876704537946,1.0538750486200236e-06,6.458867731493822e-10,1.6732960082347923e-14,1.7284831238376553e-09,0.168291839951818,0.003020976485125736,0.024832912979296372,8.369250673584974e-07,7.917575716597401e-10,2.344004055724886e-10,1.9083330454079874e-10,1.8605124075359087e-07,4.2473576386544767e-07,6.665009104953075e-07,0.9962237707310163,0.9868326005296487,0.7639421846703482,1e-07,1e-07,4.252277649853801,54.17846222587719,367.41663461293166,0.05301847551863522,11656.0,142,11,2001,131.55473492258406
123,2002-02-28,365.910549074455,5.0,1.0,4.0,1.0,1.0,3.0,1.0,33.484627725215965,6.531308103661045,0.0,0.0,397.7017070106364,9839.285364199677,65.36758017079325,0.0,0.0,27012.942874247918,0.0,0.0,83.14462618,0.0,0.0,367.3903983659948,365.91054907445493,18.22910058747002,370.87431835536756,0.049818965178031464,9.175943230437006e-07,5.158351291085583e-10,9.824088331533322e-15,1.4719049491573356e-09,0.20333618555653668,0.0032720469306249844,0.024693769511387714,7.378208051256538e-07,6.060536311853503e-10,1.8504792672236432e-10,1.251581934143975e-10,1.490723343887951e-07,4.0913056088315136e-07,6.484249724846218e-07,0.9959719543938312,0.9906067914401865,0.7793821350361881,1e-07,1e-07,4.551234512546277,55.03772764294529,372.56581902363826,-6.655269949183359,11746.0,142,2,2002,203.73335091316633
124,2002-03-31,360.1406087946604,5.0,1.0,4.0,1.0,1.0,3.0,1.0,34.03778955634079,6.576874754613271,0.0,0.0,404.2716891020248,10001.829118715477,66.44744435922637,0.0,0.0,27459.19328703471,0.0,0.0,83.14462618,0.0,0.0,361.59663187412866,360.14060879466035,17.87663560291249,365.0321651928704,0.04959032662990421,9.226956045720132e-07,5.238533354490905e-10,9.958606248758563e-15,1.4836835692888207e-09,0.20609336928902855,0.003302941819515301,0.024757052650987512,7.420109204894414e-07,5.992924532449024e-10,1.85900874236251e-10,1.252889438977777e-10,1.4947610870174557e-07,4.1749947184346605e-07,6.610857975007906e-07,0.9959742926956348,0.9905769887279714,0.7811558974552266,1.0000000000000001e-07,1.0000000000000001e-07,4.230767726737338,53.56001931684334,372.6932665768772,-12.5526577822168,11777.0,142,3,2002,74.33951151142762
126,2002-05-31,298.8832866942304,5.0,1.0,4.0,1.0,1.0,3.0,1.0,34.24627137756061,10.90426649126104,0.0,0.0,406.7478574757699,10063.09042790677,66.8544356590722,0.0,0.0,27627.38113649044,0.0,0.0,83.14462618,0.0,0.0,300.02561589224024,298.8832866942304,12.812185561615342,303.85883174714684,0.042815214473441,1.0354849426171697e-06,6.263382530412275e-10,1.5653447231878127e-14,1.6921951485069881e-09,0.1715507005968908,0.0030412361530074206,0.02479770350691887,8.231926720577741e-07,7.678110743091813e-10,2.2773060504269354e-10,1.8151197131100756e-10,1.8121643825142826e-07,4.205782094127564e-07,6.61047212748618e-07,0.9961944222911919,0.9873539855562673,0.7654457424724459,1e-07,1e-07,4.180293629017102,54.00353082127419,371.0394644012319,-72.15617770700152,11838.0,142,5,2002,120.58423915133065
142,2003-09-30,402.8085746363061,5.0,1.0,4.0,1.0,1.0,3.0,1.0,34.3868247944339,18.92472827324478,0.0,0.0,408.4172304870336,10104.391325407512,67.12881937989896,0.0,0.0,27740.769329183997,0.0,0.0,83.14462618,0.0,0.0,404.19779134720665,402.8085746363061,13.496233257936366,412.9464810881589,0.03351196468225318,1.250136951518236e-06,8.550628975638758e-10,3.4172061812235216e-14,2.1263229283399897e-09,0.12429033924241346,0.0026139859968074474,0.02455967569422418,9.698407603544266e-07,1.1832968549771045e-09,3.2175745792265127e-10,3.507904242215414e-10,2.492258805867799e-07,4.2102887221552874e-07,6.502836197249251e-07,0.9965626577264309,0.9788263036214985,0.7355065564935703,1e-07,1e-07,3.363251688804554,52.23641239721695,358.56722446092243,44.24135017538371,12325.0,142,9,2003,52.566677707110664
143,2003-10-31,374.15919483204135,5.0,1.0,4.0,1.0,1.0,3.0,1.0,34.46077519379845,13.341731266149871,0.0,0.0,409.29554994462904,10126.12126931238,67.27318289795247,0.0,0.0,27800.42709005132,0.0,0.0,83.14462618,0.0,0.0,375.54456479388364,374.15919483204135,14.806003140948269,381.1897353878882,0.0395465202172883,1.1015378197883478e-06,6.925303291982638e-10,1.998589702466732e-14,1.8203783236187649e-09,0.155399317495058,0.002910192609105412,0.0247917667426906,8.700339190952046e-07,8.761296800671796e-10,2.540396374822122e-10,2.2179849838139949e-10,2.006367982657874e-07,4.235780937738964e-07,6.624133757019622e-07,0.9963118713150253,0.9851743342731376,0.7567671763089496,1e-07,1e-07,2.987095426356589,52.02296408268734,369.68865505673625,4.470539775305046,12356.0,142,10,2003,61.34893362001078
145,2003-12-31,379.69484864864864,5.0,1.0,4.0,1.0,1.0,3.0,1.0,34.19515926640926,9.885767374517375,0.0,0.0,406.1407916298952,10048.071397344098,66.75465629013902,0.0,0.0,27586.14763226744,0.0,0.0,83.14462618,0.0,0.0,381.164850084628,379.6948486486486,16.823805362435113,385.716602312439,0.0442862752972236,1.0088701826504519e-06,6.01201702996071e-10,1.4114002448551807e-14,1.6419577922338747e-09,0.17869841759515903,0.0030991464929347183,0.024802817445075988,8.045096010287575e-07,7.258255432109121e-10,2.1738524671092903e-10,1.664360908022348e-10,1.7345019435230848e-07,4.1984778814107007e-07,6.610950996849304e-07,0.9961440765175172,0.9881895173125655,0.7690432510678133,1e-07,1e-07,3.3826891891891893,52.224939092664094,373.69536560762305,5.999483041025599,12417.0,142,12,2003,50.7686895721427
147,2004-02-29,353.5861975369458,5.0,1.0,4.0,1.0,1.0,3.0,1.0,34.026522167487684,6.207665024630542,0.0,0.0,404.13786471498946,9998.518254543867,66.4254485362411,0.0,0.0,27450.10358372581,0.0,0.0,83.14462618,0.0,0.0,355.0225546717869,353.58619753694575,17.77210267213656,358.31155407103415,0.05023929304731395,9.139407924185587e-07,5.158879702748429e-10,9.581147983737895e-15,1.4675443040842061e-09,0.20903906525898583,0.0033265996034804253,0.024764208914166284,7.362254323701334e-07,5.900642529580778e-10,1.827234503212418e-10,1.2134106389445145e-10,1.4705305242170665e-07,4.17013638354608e-07,6.60539452315368e-07,0.9959547246890935,0.9908145094298915,0.7823504048591385,1e-07,1e-07,3.5523638325123152,52.25582167487685,377.21788003694513,-23.631682499999304,12477.0,142,2,2004,43.39224208766154
148,2004-03-31,316.6181923006416,5.0,1.0,4.0,1.0,1.0,3.0,1.0,34.54757103574702,7.133098075160404,0.0,0.0,410.3264365588582,10151.625780348495,67.44262286316946,0.0,0.0,27870.44761228975,0.0,0.0,83.14462618,0.0,0.0,317.8882644752748,316.61819230064157,15.340182990286678,321.0335176675652,0.0484819310340009,9.413617281734264e-07,5.421099270653522e-10,1.0626887958527345e-14,1.5187026658486543e-09,0.2032037201173785,0.0032962103195721742,0.024848215943859296,7.570389483501022e-07,6.175087256394674e-10,1.9141827760958882e-10,1.3097963095605998e-10,1.5356595173613415e-07,4.2474640149169263e-07,6.713046110879458e-07,0.9960036331581369,0.9902160689437869,0.7805910214586571,1e-07,1e-07,3.146756892758937,52.136687076076996,377.7196883597684,-61.10149605912682,12508.0,142,3,2004,60.74699920159998
149,2004-04-30,364.5415030769231,5.0,1.0,4.0,1.0,1.0,3.0,1.0,32.926769230769224,8.051538461538462,0.0,0.0,391.075941978022,9675.361519361148,64.27854731192579,0.0,0.0,26562.903537807713,0.0,0.0,83.14462618,0.0,0.0,365.98683295291397,364.5415030769231,17.308061530744045,369.84088523452874,0.04741823790580191,9.506514237696714e-07,5.413352405713178e-10,1.1414756408317935e-14,1.5296667225281305e-09,0.1879095502030069,0.0031402658465819583,0.024615934439672565,7.59888573096319e-07,6.635119439169119e-10,1.9822649602854814e-10,1.4308894704416673e-10,1.594348960766091e-07,4.0130217935452537e-07,6.354082181456972e-07,0.9960513460007899,0.9895736569086516,0.7721054805034896,1e-07,1e-07,3.070306,51.52986461538462,377.4628016003119,-12.92129852338883,12538.0,142,4,2004,22.595040317904566
150,2004-05-31,167.67461632870865,5.0,1.0,4.0,1.0,1.0,3.0,1.0,34.029130202774816,12.027849519743862,0.0,0.0,404.1688407226712,9999.284612277945,66.43053985626769,0.0,0.0,27452.207555399124,0.0,0.0,83.14462618,0.0,0.0,168.30621287389457,167.67461632870862,6.935409715378427,170.62200335215033,0.041320639103552714,1.062650367691536e-06,6.509160381727454e-10,1.7410516278104525e-14,1.742987702294068e-09,0.16281023462440827,0.0029628653411075405,0.02474818675962737,8.414941927764911e-07,8.186037356918963e-10,2.3913140766389963e-10,1.993420636367103e-10,1.898505055746998e-07,4.173030044594649e-07,6.548337951097987e-07,0.9962492830279664,0.9863915633155115,0.7606474353058031,1e-07,1e-07,3.363080437566702,52.152923799359655,375.6910050584617,-208.01638872975306,12569.0,142,5,2004,48.351457590636194
155,2004-10-31,364.253748074922,5.0,1.0,4.0,1.0,1.0,3.0,1.0,34.4509209157128,16.135853277835587,0.0,0.0,409.1785092760517,10123.225640460283,67.25394570296034,0.0,0.0,27792.477380913766,0.0,0.0,83.14462618,0.0,0.0,365.55534665510726,364.253748074922,13.242079458689592,372.1524334190653,0.0363200732650295,1.1757090330940379e-06,7.70962750637606e-10,2.6235238759220068e-14,1.9697027441565385e-09,0.1387573511221295,0.0027576921886770384,0.02469907259523663,9.205237550909083e-07,1.0186046160756187e-09,2.8652683509306124e-10,2.7927357996953513e-10,2.2421584960115398e-07,4.2297695401649243e-07,6.575780885417294e-07,0.9964403774233829,0.9822495523007783,0.7461740406722741,1e-07,1e-07,3.3270775754422477,52.20537773152966,365.0963708733976,-0.8426227984756717,12722.0,142,10,2004,53.04000600881688
165,2005-08-31,382.2960848300971,5.0,1.0,4.0,1.0,1.0,3.0,1.0,34.381273543689325,16.57829126213592,0.0,0.0,408.3512974889043,10102.760118972956,67.11798241222911,0.0,0.0,27736.290987048174,0.0,0.0,83.14462618,0.0,0.0,383.65468189295507,382.2960848300971,13.722148117875964,390.78808232316,0.035876093364958894,1.1868241334737358e-06,7.827071723484235e-10,2.7404337184999264e-14,1.9924890514772392e-09,0.13632697824976733,0.002732201693628405,0.02466738623837151,9.27598751752789e-07,1.045287222154873e-09,2.919434797650412e-10,2.904356977807512e-10,2.2812922927949853e-07,4.217261967259507e-07,6.550508488944514e-07,0.9964598821832357,0.9817162055039904,0.7443900898792022,1e-07,1e-07,4.269058713592233,54.038062888349515,363.0287061285993,19.267378701497716,13026.0,142,8,2005,119.25197566516148
168,2005-11-30,385.6485398373984,5.0,1.0,4.0,1.0,1.0,3.0,1.0,34.73265853658537,10.931869918699187,0.0,0.0,412.5247472473868,10206.012789009295,67.8039445463295,0.0,0.0,28019.7626391108,0.0,0.0,83.14462618,0.0,0.0,387.1210834435741,385.64853983739835,16.439333084564552,392.078409825542,0.04262808945392694,1.0406686360161184e-06,6.339775350559884e-10,1.5755312838717017e-14,1.7036120893139292e-09,0.1729259200094935,0.0030656657602149483,0.02487589531124718,8.28379979914541e-07,7.638930766928154e-10,2.2844666491405118e-10,1.808805937886688e-10,1.8154699182943427e-07,4.277753255518127e-07,6.717495283505973e-07,0.9961961567927149,0.9873565247648507,0.7666871969953701,1e-07,1e-07,3.24579674796748,53.74913008130081,376.8555643509476,8.792975486450796,13117.0,142,11,2005,132.41401720263198
169,2005-12-31,375.03281168658697,5.0,1.0,4.0,1.0,1.0,3.0,1.0,34.5669641434263,11.14937583001328,0.0,0.0,410.55677126920887,10157.324345138311,67.48048144506528,0.0,0.0,27886.092549847166,0.0,0.0,83.14462618,0.0,0.0,376.4606928962747,375.03281168658697,15.887020684651441,381.3559880614114,0.04237156821225434,1.0448676670823488e-06,6.370110678799388e-10,1.6071302324943126e-14,1.710975240709852e-09,0.17072385892113404,0.0030434446672827136,0.0248483529585819,8.308754566119594e-07,7.750376838560428e-10,2.3052803059578174e-10,1.84452534544714e-10,1.8317934972130165e-07,4.253055595409702e-07,6.677937770177147e-07,0.9962067659919955,0.9871691112985296,0.7653869230684933,1e-07,1e-07,5.059524568393094,54.66676892430279,376.8095246459618,-1.776712959374806,13148.0,142,12,2005,152.75086322079824
171,2006-02-28,356.5166602209945,5.0,1.0,4.0,1.0,1.0,3.0,1.0,,6.079116022099448,0.0,0.0,,,,0.0,0.0,,0.0,0.0,83.14462618,0.0,0.0,357.9672904459003,356.5166602209944,,,,,,,,,,,,,,,,,,0.9959478317293308,,,1e-07,1e-07,4.609668508287293,54.1270773480663,,,13207.0,142,2,2006,112.33252350517203
172,2006-03-31,311.1914957507082,5.0,1.0,4.0,1.0,1.0,3.0,1.0,,5.6168555240793205,0.0,0.0,,,,0.0,0.0,,0.0,0.0,83.14462618,0.0,0.0,312.4656460688865,311.1914957507082,,,,,,,,,,,,,,,,,,0.9959231862262997,,,1e-07,1e-07,4.891586402266289,54.40428611898017,,,13238.0,142,3,2006,130.7110372477411
173,2006-04-30,310.4404718367347,5.0,1.0,4.0,1.0,1.0,3.0,1.0,35.02970873786408,6.884136054421769,0.0,0.0,416.05285492371706,10293.299460429364,68.38383610152854,0.0,0.0,28259.40096460674,0.0,0.0,83.14462618,0.0,0.0,311.69044099776534,310.4404718367347,11.576506084996208,254.03776498345158,0.046249315596936826,9.78200528798177e-07,5.775532859792954e-10,1.2237339653835717e-14,1.5878609536972655e-09,0.19414707062599879,0.0032398645668563282,0.024925275908592535,7.845564351174293e-07,6.598404276695868e-10,2.0386124082985732e-10,1.4589181504478123e-10,1.6287659651738056e-07,4.3203944049232565e-07,6.809807780912796e-07,0.9959902811827295,0.9893196261598233,0.7772023387348748,1e-07,1e-07,4.894613605442177,54.36588843537415,382.19964155208766,-131.8634337850974,13268.0,142,4,2006,126.74053034328718
174,2006-05-31,297.41143833069617,5.0,1.0,4.0,1.0,1.0,3.0,1.0,34.9318487394958,9.735149920886075,0.0,0.0,414.89055774309725,10264.54380402526,68.19279705694527,0.0,0.0,28180.454692087613,0.0,0.0,83.14462618,0.0,0.0,298.5662370159075,297.41143833069617,12.746149732043378,293.09303213535725,0.04418563214861043,1.0130061545837973e-06,6.089970411293104e-10,1.4089089702938958e-14,1.6521842320903479e-09,0.18238357080362,0.0031463537107412113,0.024912066369426007,8.092448450885411e-07,7.14824052566828e-10,2.1721175290137207e-10,1.6424505823087317e-10,1.730228806833462e-07,4.30713148199817e-07,6.774800509169153e-07,0.9961361952012792,0.98827486606979,0.7716022798869083,9.999999999999998e-08,9.999999999999998e-08,4.903737856012658,54.38126910601266,381.86303697041404,-93.3263134410023,13299.0,142,5,2006,128.05072595437386
175,2006-06-30,340.9822836446817,5.0,1.0,4.0,1.0,1.0,3.0,1.0,,12.612432329393826,0.0,0.0,,,,0.0,0.0,,0.0,0.0,83.14462618,0.0,0.0,342.25634215966807,340.9822836446816,,,,,,,,,,,,,,,,,,0.9962764537691199,,,1e-07,1e-07,5.021190621425848,54.56186847121616,,,13329.0,142,6,2006,142.95218065437442
176,2006-07-31,411.0388523426408,5.0,1.0,4.0,1.0,1.0,3.0,1.0,,18.183180312352103,0.0,0.0,,,,0.0,0.0,,0.0,0.0,83.14462618,0.0,0.0,412.4682754116734,411.0388523426408,,,,,,,,,,,,,,,,,,0.9965294544104585,,,1e-07,1e-07,5.006792711784192,54.5271192617132,,,13360.0,142,7,2006,139.81348479923957
177,2006-08-31,401.5476011235955,5.0,1.0,4.0,1.0,1.0,3.0,1.0,34.5,18.912006420545747,0.0,0.0,409.7614285714286,10137.64727655187,67.34975626424773,0.0,0.0,27832.07078810498,0.0,0.0,83.14462618,0.0,0.0,402.93291294793397,401.5476011235955,12.229842502543322,379.64987546658097,0.03304439950426735,1.2642955037026657e-06,8.727032409791364e-10,3.578754444268091e-14,2.1574582696982934e-09,0.1222714614094621,0.0025961565330905843,0.024554608652888315,9.79759989446418e-07,1.212252970139298e-09,3.282517203789233e-10,3.6418819147606137e-10,2.536877075041304e-07,4.2255051531331494e-07,6.517076320285001e-07,0.996562128793527,0.9781953989417101,0.7339218964249998,1e-07,1e-07,4.885844831460674,54.581983146067415,365.66668480815406,4.436065191845955,13391.0,142,8,2006,148.7188957900791
182,2007-01-31,376.16652097039474,5.0,1.0,4.0,1.0,1.0,3.0,1.0,,8.383443667763158,0.0,0.0,,,,0.0,0.0,,0.0,0.0,83.14462618,0.0,0.0,377.65145558806444,376.1665209703947,,,,,,,,,,,,,,,,,,0.9960681191117383,,,1e-07,1e-07,5.072176398026316,54.585112253289466,,,13544.0,142,1,2007,144.04214260020575
183,2007-02-28,369.94067453416153,5.0,1.0,4.0,1.0,1.0,3.0,1.0,,7.199381987577639,0.0,0.0,,,,0.0,0.0,,0.0,0.0,83.14462618,0.0,0.0,371.4237816690161,369.9406745341614,,,,,,,,,,,,,,,,,,0.9960070481183336,,,1e-07,1e-07,5.019031055900621,54.41707639751553,,,13572.0,142,2,2007,128.44340519589616
184,2007-03-31,332.4973701450632,5.0,1.0,4.0,1.0,1.0,3.0,1.0,,7.40438465138044,0.0,0.0,,,,0.0,0.0,,0.0,0.0,83.14462618,0.0,0.0,333.8281146411385,332.4973701450632,,,,,,,,,,,,,,,,,,0.9960176260784336,,,1e-07,1e-07,4.980760879737951,54.49756153486196,,,13603.0,142,3,2007,137.5694266997627
185,2007-04-30,251.85705159209994,5.0,1.0,4.0,1.0,1.0,3.0,1.0,,9.105699717855703,0.0,0.0,,,,0.0,0.0,,0.0,0.0,83.14462618,0.0,0.0,252.84530137673846,251.85705159209994,,,,,,,,,,,,,,,,,,0.996104705294771,,,1.0000000000000001e-07,1.0000000000000001e-07,4.984614268440145,54.557210399032655,,,13633.0,142,4,2007,143.45613358324414
186,2007-05-31,267.36086837360256,5.0,1.0,4.0,1.0,1.0,3.0,1.0,,11.566314821492968,0.0,0.0,,,,0.0,0.0,,0.0,0.0,83.14462618,0.0,0.0,268.37506267419786,267.36086837360256,,,,,,,,,,,,,,,,,,0.9962263882806206,,,9.999999999999998e-08,9.999999999999998e-08,4.985285250631086,54.52458636855392,,,13664.0,142,5,2007,140.1506092717922
187,2007-06-30,319.79050837553564,5.0,1.0,4.0,1.0,1.0,3.0,1.0,,15.088355668095053,0.0,0.0,,,,0.0,0.0,,0.0,0.0,83.14462618,0.0,0.0,320.94863204630855,319.79050837553564,,,,,,,,,,,,,,,,,,0.9963923216761353,,,1.0000000000000001e-07,1.0000000000000001e-07,5.020131671211531,54.55206622516557,,,13694.0,142,6,2007,141.98306479916994
188,2007-07-31,356.5455229818463,5.0,1.0,4.0,1.0,1.0,3.0,1.0,,16.033989185013517,0.0,0.0,,,,0.0,0.0,,0.0,0.0,83.14462618,0.0,0.0,357.82095801105254,356.54552298184626,,,,,,,,,,,,,,,,,,0.9964355703069353,,,1e-07,1e-07,4.938769409038239,54.43263383545771,,,13725.0,142,7,2007,132.3998077475998
189,2007-08-31,374.13770842105265,5.0,1.0,4.0,1.0,1.0,3.0,1.0,,17.001471228070177,0.0,0.0,,,,0.0,0.0,,0.0,0.0,83.14462618,0.0,0.0,375.4599917699782,374.13770842105265,,,,,,,,,,,,,,,,,,0.9964786517224228,,,1e-07,1e-07,4.9688024561403505,54.52195438596492,,,13756.0,142,8,2007,140.34929724731768
190,2007-09-30,389.4506136472849,5.0,1.0,4.0,1.0,1.0,3.0,1.0,,16.30277078327727,0.0,0.0,,,,0.0,0.0,,0.0,0.0,83.14462618,0.0,0.0,390.83881063247986,389.4506136472849,,,,,,,,,,,,,,,,,,0.9964475342177863,,,1e-07,1e-07,4.992004805382027,54.51227294569918,,,13786.0,142,9,2007,138.72613504159185
191,2007-10-31,390.03357915672234,5.0,1.0,4.0,1.0,1.0,3.0,1.0,,14.438579156722357,0.0,0.0,,,,0.0,0.0,,0.0,0.0,83.14462618,0.0,0.0,391.45701359899874,390.03357915672234,,,,,,,,,,,,,,,,,,0.9963628828654485,,,1e-07,1e-07,4.993666268894192,54.54884327764518,,,13817.0,142,10,2007,142.36490961386082
192,2007-11-30,374.81798286290325,5.0,1.0,4.0,1.0,1.0,3.0,1.0,,11.708364919354837,0.0,0.0,,,,0.0,0.0,,0.0,0.0,83.14462618,0.0,0.0,376.23469080371433,374.81798286290325,,,,,,,,,,,,,,,,,,0.9962334829625914,,,1e-07,1e-07,4.904203293010752,54.45421337365592,,,13847.0,142,11,2007,135.48052653643097
193,2007-12-31,362.8748519957612,5.0,1.0,4.0,1.0,1.0,3.0,1.0,,8.94211409395973,0.0,0.0,,,,0.0,0.0,,0.0,0.0,83.14462618,0.0,0.0,364.2966558332987,362.8748519957612,,,,,,,,,,,,,,,,,,0.9960965633218473,,,1e-07,1e-07,4.986580713528788,54.595932885906045,,,13878.0,142,12,2007,147.3264536877458
194,2008-01-31,365.38087086092713,5.0,1.0,4.0,1.0,1.0,3.0,1.0,,7.331177861873226,0.0,0.0,,,,0.0,0.0,,0.0,0.0,83.14462618,0.0,0.0,366.8432460587771,365.38087086092713,,,,,,,,,,,,,,,,,,0.996013907773656,,,1e-07,1e-07,4.773437559129612,54.567868495742665,,,13909.0,142,1,2008,150.45938143970426
195,2008-02-29,348.9619515151515,5.0,1.0,4.0,1.0,1.0,3.0,1.0,,6.669566666666666,0.0,0.0,,,,0.0,0.0,,0.0,0.0,83.14462618,0.0,0.0,350.37078652775193,348.9619515151515,,,,,,,,,,,,,,,,,,0.995979285108863,,,9.999999999999998e-08,9.999999999999998e-08,4.994800000000001,54.55010606060606,,,13938.0,142,2,2008,142.4618146652128
196,2008-03-31,322.3744421186172,5.0,1.0,4.0,1.0,1.0,3.0,1.0,,6.589531874405329,0.0,0.0,,,,0.0,0.0,,0.0,0.0,83.14462618,0.0,0.0,323.67769336521525,322.37444211861714,,,,,,,,,,,,,,,,,,0.9959750320168017,,,1e-07,1e-07,4.9048604503647315,54.47971360608944,,,13969.0,142,3,2008,138.05494331315705
197,2008-04-30,284.22249849754405,5.0,1.0,4.0,1.0,1.0,3.0,1.0,34.80762304250559,7.54495405952037,0.0,0.0,413.41511139341645,10228.040722901476,67.95028776958159,0.0,0.0,28080.238506802598,0.0,0.0,83.14462618,0.0,0.0,285.35834953342686,284.22249849754405,13.447769679008054,292.2261225236284,0.04669014879450591,9.702166313727442e-07,5.690275749509714e-10,1.1895936815472354e-14,1.572256294518722e-09,0.1951482208344654,0.003242445957866259,0.024893927714160623,7.783941138904159e-07,6.532424242058851e-10,2.013623455057544e-10,1.4308354139491022e-10,1.610714364036265e-07,4.2870345980321426e-07,6.762037231413583e-07,0.9960249064940407,0.9894924989902352,0.7774181413453283,1.0000000000000001e-07,1.0000000000000001e-07,4.989621207743427,54.85562785322161,386.49684997799517,-98.48100624197727,13999.0,142,4,2008,173.8655331046662
198,2008-05-31,284.7264550580431,5.0,1.0,4.0,1.0,1.0,3.0,1.0,34.82913368983957,11.584121393034824,0.0,0.0,413.67059642475175,10234.361515810526,67.99228014219115,0.0,0.0,28097.591720115564,0.0,0.0,83.14462618,0.0,0.0,285.8041324457356,284.7264550580431,14.105796233249707,321.69965319911796,0.044541254620229696,1.0063300657034966e-06,6.021319482347091e-10,1.3744962939648915e-14,1.6392452405411325e-09,0.1836847674246939,0.003154416012326865,0.024898781825762134,8.042829565396368e-07,7.06913407810509e-10,2.1486861791313742e-10,1.6119288694023703e-10,1.7130437999572705e-07,4.2916424105054393e-07,6.754024489914463e-07,0.9962268578036558,0.9884515144420005,0.7721436826284434,1.0000000000000001e-07,1.0000000000000001e-07,4.8726527363184085,54.74053897180763,385.98353657636085,-69.23133871539831,14030.0,142,5,2008,165.02219610311613
199,2008-06-30,311.81104123314066,5.0,1.0,4.0,1.0,1.0,3.0,1.0,,14.663798073217725,0.0,0.0,,,,0.0,0.0,,0.0,0.0,83.14462618,0.0,0.0,312.9468269468391,311.81104123314066,,,,,,,,,,,,,,,,,,0.9963732315001018,,,9.999999999999998e-08,9.999999999999998e-08,5.021788439306358,54.62045664739884,,,14060.0,142,6,2008,148.92416603182488
200,2008-07-31,373.2002048646797,5.0,1.0,4.0,1.0,1.0,3.0,1.0,,16.460047619047618,0.0,0.0,,,,0.0,0.0,,0.0,0.0,83.14462618,0.0,0.0,374.5281615243574,373.2002048646797,,,,,,,,,,,,,,,,,,0.9964546407004077,,,1e-07,1e-07,5.003541966426859,54.59046248715313,,,14091.0,142,7,2008,146.32486727469094
201,2008-08-31,409.39675055778673,5.0,1.0,4.0,1.0,1.0,3.0,1.0,,17.21243953592146,0.0,0.0,,,,0.0,0.0,,0.0,0.0,83.14462618,0.0,0.0,410.8393326026432,409.39675055778673,,,,,,,,,,,,,,,,,,0.9964880056184651,,,1e-07,1e-07,4.970358322177599,54.43405131637662,,,14122.0,142,8,2008,131.5713361993508
202,2008-09-30,398.16843212890626,5.0,1.0,4.0,1.0,1.0,3.0,1.0,,16.574615234375,0.0,0.0,,,,0.0,0.0,,0.0,0.0,83.14462618,0.0,0.0,399.58269951082923,398.1684321289062,,,,,,,,,,,,,,,,,,0.9964597739540152,,,1e-07,1e-07,4.99244189453125,54.5340712890625,,,14152.0,142,9,2008,140.9074076720694
203,2008-10-31,390.20777748614756,5.0,1.0,4.0,1.0,1.0,3.0,1.0,,14.138980460775736,0.0,0.0,,,,0.0,0.0,,0.0,0.0,83.14462618,0.0,0.0,391.63718211913175,390.20777748614756,,,,,,,,,,,,,,,,,,0.9963485943130435,,,1e-07,1e-07,4.971268883056284,54.534589676290466,,,14183.0,142,10,2008,141.54653502192616
204,2008-11-30,367.72336967418545,5.0,1.0,4.0,1.0,1.0,3.0,1.0,,11.114376879699249,0.0,0.0,,,,0.0,0.0,,0.0,0.0,83.14462618000002,0.0,0.0,369.1237648320107,367.72336967418545,,,,,,,,,,,,,,,,,,0.9962045972205319,,,1.0000000000000001e-07,1.0000000000000001e-07,5.017328320802005,54.54352631578947,,,14213.0,142,11,2008,141.1903068581043
205,2008-12-31,358.6874,5.0,1.0,4.0,1.0,1.0,3.0,1.0,,8.902535460992908,0.0,0.0,,,,0.0,0.0,,0.0,0.0,83.14462618,0.0,0.0,360.09351402276826,358.6874,,,,,,,,,,,,,,,,,,0.9960947038956534,,,1e-07,1e-07,5.123846808510638,54.368600709219855,,,14244.0,142,12,2008,120.61194682930258
207,2009-02-28,337.9157529880478,5.0,1.0,4.0,1.0,1.0,3.0,1.0,,4.335936254980079,0.0,0.0,,,,0.0,0.0,,0.0,0.0,83.14462618,0.0,0.0,339.32271525460135,337.91575298804776,,,,,,,,,,,,,,,,,,0.9958535699791586,,,1e-07,1e-07,5.455167330677291,53.918601593625496,,,14303.0,142,2,2009,66.07940123375732
208,2009-03-31,318.6553057228915,5.0,1.0,4.0,1.0,1.0,3.0,1.0,,5.20516967871486,0.0,0.0,,,,0.0,0.0,,0.0,0.0,83.14462618,0.0,0.0,319.9677381316816,318.6553057228915,,,,,,,,,,,,,,,,,,0.9959008307711086,,,1e-07,1e-07,5.487416666666666,53.97725451807229,,,14334.0,142,3,2009,71.17799749967531
209,2009-04-30,248.31227399165508,5.0,1.0,4.0,1.0,1.0,3.0,1.0,,9.16017802503477,0.0,0.0,,,,0.0,0.0,,0.0,0.0,83.14462618,0.0,0.0,249.2834496898554,248.31227399165508,,,,,,,,,,,,,,,,,,0.996107625136147,,,1e-07,1e-07,5.723659248956884,54.22802225312934,,,14364.0,142,4,2009,93.03854277162804
210,2009-05-31,255.22259738163558,5.0,1.0,4.0,1.0,1.0,3.0,1.0,34.15148161764706,11.241208751793401,0.0,0.0,405.6220259558824,10035.236945256549,66.66939023221641,0.0,0.0,27550.91170727591,0.0,0.0,83.14462618,0.0,0.0,256.19401853923,255.22259738163558,10.911343046793322,270.38034021396777,0.041060754590071,1.0681645106903918e-06,6.57162858554512e-10,1.7724523474707e-14,1.7541390747856291e-09,0.1620435373843231,0.0029593294325544204,0.024763266641789364,8.45664185075238e-07,8.241630563660984e-10,2.410483410245195e-10,2.0187292580182657e-10,1.9121139771435682e-07,4.1917254684727047e-07,6.574353321108619e-07,0.9962106646060828,0.9862462900471546,0.7603422428449886,1e-07,1e-07,5.204193041606887,53.82740236728838,384.975602245611,-119.30558110590515,14395.0,142,5,2009,63.77845014957058
211,2009-06-30,299.9004016438356,5.0,1.0,4.0,1.0,1.0,3.0,1.0,,14.192816438356164,0.0,0.0,,,,0.0,0.0,,0.0,0.0,83.14462618,0.0,0.0,300.99830222745686,299.9004016438356,,,,,,,,,,,,,,,,,,0.9963508800060402,,,1e-07,1e-07,5.320532602739726,53.85929698630137,,,14425.0,142,6,2009,63.89710361922138
212,2009-07-31,369.77453089887644,5.0,1.0,4.0,1.0,1.0,3.0,1.0,,17.4540702247191,0.0,0.0,,,,0.0,0.0,,0.0,0.0,83.14462618,0.0,0.0,371.0736458134824,369.7745308988764,,,,,,,,,,,,,,,,,,0.9964988059488257,,,1e-07,1e-07,5.43347191011236,53.94714606741573,,,14456.0,142,7,2009,69.5596752254043
213,2009-08-31,395.8591006509764,5.0,1.0,4.0,1.0,1.0,3.0,1.0,,18.439188282423636,0.0,0.0,,,,0.0,0.0,,0.0,0.0,83.14462618,0.0,0.0,397.2326091412688,395.8591006509764,,,,,,,,,,,,,,,,,,0.9965416553500356,,,1e-07,1e-07,5.486235853780672,54.031126189283924,,,14487.0,142,8,2009,76.79190269146413
214,2009-09-30,408.12618991735536,5.0,1.0,4.0,1.0,1.0,3.0,1.0,34.48708312342569,17.7885608815427,0.0,0.0,409.60801298308746,10133.851718910564,67.32454036601658,0.0,0.0,27821.650399027374,0.0,0.0,83.14462618000002,0.0,0.0,409.5537855351362,408.12618991735536,14.429411829068064,424.40870256362354,0.034828377043794496,1.2148943873586868e-06,8.152142773838841e-10,3.023035862315465e-14,2.05181570175637e-09,0.1313163287913756,0.0026861087597241104,0.024641629732188714,9.46893997087837e-07,1.1016663963646244e-09,3.046478098726805e-10,3.1501791666674994e-10,2.3708708100503893e-07,4.230373190235389e-07,6.554054153484461e-07,0.9965134086464175,0.9805188133541595,0.7408104211596677,1e-07,1e-07,5.235687988980716,53.738576033057846,370.16042376435684,44.51072157569353,14517.0,142,9,2009,53.938646336151294
227,2010-10-31,373.45725,5.0,1.0,4.0,1.0,1.0,3.0,1.0,33.490125,13.571125,0.0,0.0,397.7669989285714,9840.900710076281,65.3783117683823,0.0,0.0,27017.377672535775,0.0,0.0,83.14462618,0.0,0.0,374.8356169051279,373.45725,14.741087740483852,380.5631127308515,0.03947182780085209,1.0981280516721926e-06,6.826288353464101e-10,2.0104987937902298e-14,1.809718255668757e-09,0.1508251768772236,0.0028459322411377155,0.024631200672925666,8.643145940928534e-07,8.962704035834805e-10,2.5527924781013227e-10,2.2706844823581752e-10,2.0206961742787824e-07,4.0905299715466313e-07,6.405555201260083e-07,0.996322747246396,0.9849498585643657,0.7534164139178544,1e-07,1e-07,3.5241875,51.93425,383.2023203211595,-9.745070321159538,14913.0,142,10,2010,26.742695779079394
230,2011-01-31,347.886895323741,5.0,1.0,4.0,1.0,1.0,3.0,1.0,33.0971464028777,4.948283237410072,0.0,0.0,393.09953599075027,9725.425973703525,64.61115197901266,0.0,0.0,26700.351349830904,0.0,0.0,83.14462618,0.0,0.0,349.32424068218944,347.886895323741,18.42918131387644,352.30008826518497,0.0529438254031367,8.756717782730197e-07,4.804588213982621e-10,8.372545724099807e-15,1.3973151645657243e-09,0.2162546327259339,0.003355219474356628,0.02460730983264133,7.06658763577478e-07,5.561181471345164e-10,1.7145931104334893e-10,1.1004481753076624e-10,1.3854626820180737e-07,4.0353418463061513e-07,6.413797392822466e-07,0.9958861073113486,0.9915457455472589,0.7838228823741461,1e-07,1e-07,4.54903309352518,53.10582050359712,390.1982171507924,-42.31132182705139,15005.0,142,1,2011,20.25402773800957
235,2011-06-30,381.4977106100796,5.0,1.0,4.0,1.0,1.0,3.0,1.0,34.36607161803713,15.060794429708222,0.0,0.0,408.17074204622963,10098.293111431325,67.08830571694153,0.0,0.0,27724.02718789261,0.0,0.0,83.14462618,0.0,0.0,382.8793203398697,381.49771061007954,14.319072463326355,389.33524158318454,0.03753638460296418,1.146222929081165e-06,7.384042141298112e-10,2.3639457928251527e-14,1.909152559995769e-09,0.14467730540958512,0.0028109650485960646,0.024725152489385258,9.002523932224992e-07,9.635401651750982e-10,2.73633441795096e-10,2.5611127101065416e-10,2.1497490528691984e-07,4.2185270153080096e-07,6.57462001651131e-07,0.9963915155514135,0.9834182585448098,0.7500481249639986,1.0000000000000001e-07,1.0000000000000001e-07,4.551449602122016,54.254604244031825,383.68744611795967,-2.189735507880097,15155.0,142,6,2011,126.18728837561818
236,2011-07-31,378.8490565217391,5.0,1.0,4.0,1.0,1.0,3.0,1.0,34.95155652173913,13.845917391304347,0.0,0.0,415.12462988819874,10270.33483431471,68.231269936093,0.0,0.0,28196.353486014366,0.0,0.0,83.14462618,0.0,0.0,380.242416439641,378.8490565217391,14.705339590548691,386.15421829439,0.038815832433785856,1.1194977060319465e-06,7.141347521380226e-10,2.1138667086541483e-14,1.8577954152380412e-09,0.15380023839153542,0.0029078055435702434,0.024855409606172867,8.840137750672218e-07,8.948149817519086e-10,2.602848326120117e-10,2.3051693173726788e-10,2.0495674456131613e-07,4.3091128145420085e-07,6.726633279710111e-07,0.9963356008350537,0.9846905729738364,0.7561413967035383,1e-07,1e-07,3.6243000000000003,56.49539565217391,382.19586617637617,-3.3468096546370876,15186.0,142,7,2011,251.14007676700916
239,2011-10-31,417.9878124260355,5.0,1.0,4.0,1.0,1.0,3.0,1.0,34.505136094674555,15.48973372781065,0.0,0.0,409.8224307016061,10139.15649151389,67.35978277800082,0.0,0.0,27836.214212758794,0.0,0.0,83.14462618,0.0,0.0,419.4933776491258,417.9878124260355,15.474592526589655,426.7622844011181,0.037018787987969835,1.1590576316452271e-06,7.529968374247667e-10,2.467492462233182e-14,1.9356351445981353e-09,0.1425664564170583,0.0027949374232014218,0.024733565457445157,9.095252377781993e-07,9.844380993291946e-10,2.7886568892820587e-10,2.649306295113448e-10,2.1868617116597895e-07,4.2385834474434573e-07,6.59813292354784e-07,0.9964111459326661,0.9829635939087104,0.7487594474850289,1e-07,1e-07,6.237299999999999,55.77112662721894,379.66061604936664,38.32719637666889,15278.0,142,10,2011,119.08959399012328
240,2011-11-30,385.9272713804714,5.0,1.0,4.0,1.0,1.0,3.0,1.0,33.63672777777778,12.151646144781145,0.0,0.0,399.5082210634921,9883.979181116103,65.66450485101986,0.0,0.0,27135.646046125454,0.0,0.0,83.14462618,0.0,0.0,387.3779369322246,385.9272713804713,15.934460735147988,392.78382351376246,0.041299531741178785,1.0626295290324215e-06,6.49299155576191e-10,1.7653986625935472e-14,1.742178710866282e-09,0.16051160258685368,0.002933823963797575,0.02468559150476902,8.404235001454656e-07,8.292423396785283e-10,2.4026113645136484e-10,2.0253052409102855e-10,1.9081224487867695e-07,4.1149345352372234e-07,6.45941248314663e-07,0.9962547539132801,0.9862471365200378,0.7589824925198267,1e-07,1e-07,4.5761190235690234,53.10691750841751,387.78065285009666,-1.8533814696253226,15308.0,142,11,2011,19.220174305818617
246,2012-05-31,312.2261311935808,5.0,1.0,4.0,1.0,1.0,3.0,1.0,34.61192076228686,9.450268806419258,0.0,0.0,411.09072745378995,10170.534616000768,67.56824426601379,0.0,0.0,27922.360254152125,0.0,0.0,83.14462618,0.0,0.0,313.4416901007426,312.2261311935807,13.990988257452493,317.0700208144111,0.04479498263336473,1.0011546237971671e-06,5.961369710741106e-10,1.353238874267926e-14,1.6288127827707534e-09,0.1837948200161013,0.003150015009875753,0.024867323263583617,8.000809437165936e-07,7.040035559136976e-10,2.1339788726371077e-10,1.5970140124027645e-10,1.7028373264489737e-07,4.2595021947565805e-07,6.707274044777523e-07,0.9961225235849802,0.9885467872652033,0.7719715064815058,1e-07,1e-07,4.158799699097292,53.29182136409228,392.95389278274394,-80.72776158916317,15491.0,142,5,2012,53.32825831923253
251,2012-10-31,423.55482758620684,5.0,1.0,4.0,1.0,1.0,3.0,1.0,35.08562045977012,15.076355287356321,0.0,0.0,416.7169264321839,10309.728831887567,68.49298511146146,0.0,0.0,28304.506442924816,0.0,0.0,83.14462618,0.0,0.0,425.0883584278573,423.55482758620684,15.821645206477823,432.2537941272302,0.03735497580569957,1.1536367753171162e-06,7.511767914822991e-10,2.389816081152928e-14,1.926979815156975e-09,0.14668113674600014,0.002846749878984926,0.024840228833683083,9.079357693120088e-07,9.552950097129014e-10,2.7471018656369253e-10,2.550631736361357e-10,2.1535466151267977e-07,4.327779439833491e-07,6.736859409333066e-07,0.9963924231568279,0.9834235241296035,0.751753432058959,1e-07,1e-07,2.8818098965517245,52.7927456321839,385.32872360127857,38.22610398492829,15644.0,142,10,2012,78.91624827612453
252,2012-11-30,414.7754857142857,5.0,1.0,4.0,1.0,1.0,3.0,1.0,34.41283571428572,9.507419285714287,0.0,0.0,408.7261658979592,10112.034500213205,67.17959703532587,0.0,0.0,27761.753032447163,0.0,0.0,83.14462618,0.0,0.0,416.38881712722815,414.7754857142857,18.563291997414886,421.23047100705156,0.044753537566974456,1.000928407137807e-06,5.945836651281109e-10,1.3558225165098705e-14,1.6274614716950838e-09,0.1824590126103975,0.003134980556778351,0.024839553986396912,7.994821399154051e-07,7.084554031522379e-10,2.1372565374396308e-10,1.6058138924503835e-10,1.7063170826380938e-07,4.229714122766333e-07,6.661908457976616e-07,0.9961254687684821,0.9885051962646055,0.7711558858491193,1e-07,1e-07,2.508544142857143,53.49260142857143,391.5649419496553,23.210543764630433,15674.0,142,11,2012,98.53559009974668
253,2012-12-31,391.9181376923077,5.0,1.0,4.0,1.0,1.0,3.0,1.0,35.09729673076923,10.852530307692309,0.0,0.0,416.8556071708791,10313.159843971465,68.515779140617,0.0,0.0,28313.92600237376,0.0,0.0,83.14462618,0.0,0.0,393.4161559095426,391.91813769230765,16.714289637723684,398.42568074017703,0.04264732110825278,1.0417534182801648e-06,6.3733433852593e-10,1.571079530169293e-14,1.7071949437064107e-09,0.1749713585710336,0.0030908624149987634,0.024929456567295324,8.300502208557187e-07,7.562261555427552e-10,2.280155109243699e-10,1.7927730826119256e-10,1.8104799152326714e-07,4.332470662167729e-07,6.800576657095789e-07,0.9961922825014201,0.987426703230259,0.7680557527818077,1e-07,1e-07,2.810890684615385,52.711824038461536,391.13043160423763,0.7877060880700567,15705.0,142,12,2012,72.59830824689311
263,2013-10-31,385.0263092165899,5.0,1.0,4.0,1.0,1.0,3.0,1.0,33.73423963133641,15.093838709677419,0.0,0.0,400.66638327847267,9912.632536961324,65.85486425884734,0.0,0.0,27214.31146093482,0.0,0.0,83.14462617999999,0.0,0.0,386.42002591968225,385.0263092165898,14.482147325161222,392.9460763588163,0.03761870949879863,1.1406112045077644e-06,7.282112626928725e-10,2.3426586188491125e-14,1.895293984595365e-09,0.14258921694730967,0.0027763393469734114,0.0246198530798231,8.939510351051177e-07,9.698479322698955e-10,2.7302221800332266e-10,2.5721672087758175e-10,2.1489305897293523e-07,4.1243812464541997e-07,6.435227755772562e-07,0.9963932223869191,0.9833926800270851,0.748402360369437,1e-07,1e-07,2.802892165898618,51.64105069124424,389.3072399236265,-4.280930707036659,16009.0,142,10,2013,41.23596158311558
267,2014-02-28,384.7691451923077,5.0,1.0,4.0,1.0,1.0,3.0,1.0,34.627370192307694,8.827685096153846,0.0,0.0,411.2742225412088,10175.07435142613,67.59840413112464,0.0,0.0,27934.823721687655,0.0,0.0,83.14462618,0.0,0.0,386.2791088011076,384.7691451923077,17.59960020557335,390.5692930923277,0.04574071984926986,9.8529245072477e-07,5.817672427101673e-10,1.2704287517100797e-14,1.5994836581820486e-09,0.18889950480148446,0.003190252578294752,0.024869953368672447,7.888138123427863e-07,6.795421670563198e-10,2.07378837763443e-10,1.5147966375731507e-10,1.6571182342533764e-07,4.26135974535379e-07,6.716741578128299e-07,0.9960909923682932,0.9890158882753711,0.7743767362230533,9.999999999999998e-08,9.999999999999998e-08,3.1673528846153847,51.94326923076923,397.52332705900204,-12.754181866694331,16129.0,142,2,2014,47.33748159001288
268,2014-03-31,267.0214,5.0,1.0,4.0,1.0,1.0,3.0,1.0,34.07961764705882,8.893326470588235,0.0,0.0,404.76848731092434,10014.120087699564,66.52909977125124,0.0,0.0,27492.9371241882,0.0,0.0,83.14462618,0.0,0.0,268.0684017642027,267.0214,12.224332243341523,271.05764294763867,0.04577183127392465,9.822841125015528e-07,5.756144932997941e-10,1.2666405497126916e-14,1.5915963299503923e-09,0.18592829927506144,0.0031542707784815082,0.024792307793749566,7.854327025319832e-07,6.874825217398644e-10,2.0740423963556577e-10,1.5269401397403472e-10,1.6598459715427899e-07,4.180253711294486e-07,6.594479681100852e-07,0.9960944441576096,0.988969539770386,0.7724601994625371,1e-07,1e-07,2.81585,51.514529411764705,397.78700019357626,-130.7656001935763,16160.0,142,3,2014,29.74928094252296
269,2014-04-30,281.69103948220067,5.0,1.0,4.0,1.0,1.0,3.0,1.0,35.02209223300971,9.863565210355986,0.0,0.0,415.9623926074896,10291.061389713603,68.36896741325239,0.0,0.0,28253.256526859936,0.0,0.0,83.14462618,0.0,0.0,282.78201329818626,281.69103948220067,12.425992897947205,286.14458214212124,0.04407627411347577,1.0153323443654984e-06,6.117871294942164e-10,1.4196160267672137e-14,1.6569625610572322e-09,0.1822713919756517,0.0031476445642940965,0.024924790258351065,8.111160098411524e-07,7.161170559661675e-10,2.179034664305319e-10,1.6498039119166143e-10,1.734982189158815e-07,4.320786440923444e-07,6.794646555000492e-07,0.9961432731081067,0.9882286823960325,0.7716358020452754,1e-07,1e-07,2.976827508090615,52.41000145631068,397.99864027941135,-116.30760079721071,16190.0,142,4,2014,82.40620008350078
272,2014-07-31,381.28559364161845,5.0,1.0,4.0,1.0,1.0,3.0,1.0,33.092601156069364,17.82271098265896,0.0,0.0,393.04555144508674,9724.090376343302,64.60227889887636,0.0,0.0,26696.68457792021,0.0,0.0,83.14462618,0.0,0.0,382.61897890678154,381.28559364161845,13.278933559725797,390.3354624563599,0.034826898308849025,1.2063271916440646e-06,7.955255723304883e-10,3.011937670864406e-14,2.028177884319156e-09,0.1265022133734218,0.0026051571739274864,0.024390942983817377,9.347443421282792e-07,1.1266212113145877e-09,3.053141589632619e-10,3.2261351793134164e-10,2.384444572123199e-07,4.0196422127505933e-07,6.240929982359178e-07,0.9965150639943036,0.9802325639890649,0.7369067981957472,1.0000000000000001e-07,1.0000000000000001e-07,5.038497109826589,56.368421965317914,385.75438066175064,-4.4687870201320985,16282.0,142,7,2014,191.19700383811124
273,2014-08-31,410.8192703200036,5.0,1.0,4.0,1.0,1.0,3.0,1.0,34.13875822000808,18.20739652753467,0.0,0.0,405.47090834449597,10031.498240403702,66.64455203714863,0.0,0.0,27540.647402819293,0.0,0.0,83.14462618,0.0,0.0,412.24896210329763,410.8192703200036,14.068248002778674,420.76858203713863,0.034248728672425004,1.2279241437333778e-06,8.276351830653441e-10,3.1799659089880974e-14,2.077938394391801e-09,0.12718841907739198,0.002637085802583091,0.02455110770354767,9.538704675940102e-07,1.1397854283567937e-09,3.119464569081775e-10,3.3123367249148513e-10,2.424777234004521e-07,4.1764364037845146e-07,6.465188390743915e-07,0.9965317752415735,0.9797577875404956,0.7377002253002589,1e-07,1e-07,2.7673376044163187,51.74441688882904,380.2205256231525,30.5987446968511,16313.0,142,8,2014,51.97135880273021
274,2014-09-30,452.09075014880955,5.0,1.0,4.0,1.0,1.0,3.0,1.0,33.73632362847222,18.123005531994046,0.0,0.0,400.6911352101686,9913.244908784172,65.85893256896772,0.0,0.0,27215.992677045142,0.0,0.0,83.14462618,0.0,0.0,453.66581022882207,452.09075014880955,15.554241118719853,462.98874906302535,0.03440460836753329,1.2215821270955978e-06,8.170945649868313e-10,3.132607638404076e-14,2.062551693116759e-09,0.12653509684259429,0.0026215846335939288,0.024491118319377423,9.480465017890083e-07,1.1406768484408122e-09,3.102373642740491e-10,3.295278480681352e-10,2.41548914646465e-07,4.1145395753621527e-07,6.375018502803312e-07,0.996528147940757,0.9798636485839972,0.7371347407083121,1e-07,1e-07,2.98556649578373,51.58594440848214,380.7104060640599,71.38034408474962,16343.0,142,9,2014,30.112265350921227
275,2014-10-31,429.88359610829104,5.0,1.0,4.0,1.0,1.0,3.0,1.0,34.72193467889908,15.903120727580374,0.0,0.0,412.3973784576671,10202.861638671107,67.7830097868691,0.0,0.0,28011.111416900767,0.0,0.0,83.14462618,0.0,0.0,431.42380786863185,429.88359610829104,15.928823400976336,444.56843168339736,0.03659958557173189,1.170246597530883e-06,7.666553405572032e-10,2.5569591564859187e-14,1.959378162510189e-09,0.14123319103846155,0.002787796587391019,0.02475696314538635,9.179717064372107e-07,9.997406487436288e-10,2.831860654948108e-10,2.7191040221048697e-10,2.2167041551501723e-07,4.270852672679663e-07,6.64097974261576e-07,0.9964299112984926,0.9825995148522434,0.7479843997343498,1e-07,1e-07,2.793852439932318,52.00567027072758,390.21446346258364,45.055399840168654,16374.0,142,10,2014,67.9061165731479
276,2014-11-30,440.7332960292581,5.0,1.0,4.0,1.0,1.0,3.0,1.0,33.84654170323929,14.812571285266458,0.0,0.0,402.0002110296164,9945.63192227661,66.07409664060471,0.0,0.0,27304.90853962618,0.0,0.0,83.14462618,0.0,0.0,442.3343284966543,440.7332960292581,16.71267924774041,449.67706877799856,0.03792751699638979,1.1342889418942534e-06,7.223493264545689e-10,2.2869126783137275e-14,1.883108972460746e-09,0.14463406643502544,0.0027976477400017178,0.024646912559715576,8.900616483883338e-07,9.549376483145447e-10,2.699629284603335e-10,2.515390683978941e-10,2.1260164028866216e-07,4.1415185732569836e-07,6.464462535171966e-07,0.99638017342476,0.9836789242211662,0.7497395470226208,1e-07,1e-07,2.603297661442006,51.58002637408568,392.5481777997424,48.18511822951567,16404.0,142,11,2014,43.28495696488637
281,2015-04-30,299.53762550831794,5.0,1.0,4.0,1.0,1.0,3.0,1.0,33.75580979667283,7.012691016635859,0.0,0.0,400.9225752136256,9918.97081892879,65.89697282052815,0.0,0.0,27231.71268900886,0.0,0.0,83.14462618,0.0,0.0,300.742159753311,299.53762550831794,14.671143482614115,303.68103858914606,0.04891175683071089,9.313413199351415e-07,5.29341866521813e-10,1.0368161794638342e-14,1.497904387991574e-09,0.20079792005551297,0.0032573359898338972,0.024725360528265312,7.47769979383922e-07,6.179681655179028e-10,1.8951611006381065e-10,1.3029871957463914e-10,1.5239981357830213e-07,4.1334404128143714e-07,6.544377749392756e-07,0.9959972855512355,0.9902905882564081,0.7786174233651656,1e-07,1e-07,4.172115896487985,53.635353789279115,400.6277013614874,-101.09007585316951,16555.0,142,4,2015,83.56910689511756
282,2015-05-31,290.69188147321427,5.0,1.0,4.0,1.0,1.0,3.0,1.0,34.164289732142855,9.708564285714287,0.0,0.0,405.77414976147963,10039.000543721366,66.69439380872356,0.0,0.0,27561.24435508197,0.0,0.0,83.14462618,0.0,0.0,291.8218647551453,290.69188147321427,13.010084887000804,295.23364477717956,0.04454634905117145,1.0038453061060052e-06,5.960087425580466e-10,1.3833490404763719e-14,1.6321881025692157e-09,0.1801695105478275,0.003109397944113041,0.024796873567979685,8.007280736685591e-07,7.191628152245414e-10,2.1554655761027611e-10,1.6405676835678484e-10,1.7210099284250467e-07,4.193204153426814e-07,6.605194090379836e-07,0.996135205786273,0.988327890316995,0.7697081587710078,1e-07,1e-07,4.013388839285715,53.711625000000005,399.89375311468353,-109.20187164146925,16586.0,142,5,2015,96.09458505590713
283,2015-06-30,386.6249211382114,5.0,1.0,4.0,1.0,1.0,3.0,1.0,34.1704306504065,14.378940065040652,0.0,0.0,405.847086324971,10040.805020918784,66.7063819057756,0.0,0.0,27566.198397743356,0.0,0.0,83.14462618,0.0,0.0,388.03701567179445,386.6249211382114,14.830417028711684,394.3093885848026,0.038379779121255835,1.1261764958307975e-06,7.161538617519915e-10,2.2092226816621533e-14,1.8682950929292505e-09,0.14820739980673908,0.0028381651734518437,0.02471417330703668,8.858257709338145e-07,9.31043939056766e-10,2.655167841160493e-10,2.427020816153391e-10,2.0917131675645762e-07,4.190370549767732e-07,6.542418445618163e-07,0.996359974295671,0.9841164861499753,0.7521382678385397,9.999999999999998e-08,9.999999999999998e-08,2.962800382113821,52.09076276422764,393.6032590705381,-6.97833793232678,16616.0,142,6,2015,68.67255018205086
284,2015-07-31,451.4026117801047,5.0,1.0,4.0,1.0,1.0,3.0,1.0,33.75294782722513,17.257923246073297,0.0,0.0,400.88858319364255,9918.129843949744,65.89138577865167,0.0,0.0,27229.403861870836,0.0,0.0,83.14462618,0.0,0.0,452.99251014018324,451.4026117801047,15.930504106864415,461.8192754521856,0.03529612448656336,1.198444632874173e-06,7.91399651323473e-10,2.897035135870361e-14,2.0143885696343735e-09,0.1311292394419905,0.0026664864196708797,0.024530900989684898,9.325972777971816e-07,1.0902359338031573e-09,2.9945144402941916e-10,3.081677200505965e-10,2.3385214406794164e-07,4.1202431883519857e-07,6.397050341435388e-07,0.9964899167208155,0.9808970333923067,0.7404358777121955,1e-07,1e-07,2.947426222513089,52.448994345549735,387.1216020858243,64.28100969428034,16647.0,142,7,2015,80.04341949345776
285,2015-08-31,412.19958337662337,5.0,1.0,4.0,1.0,1.0,3.0,1.0,34.488520740259744,17.202322831168832,0.0,0.0,409.62508776359925,10134.274155211504,67.32734683394048,0.0,0.0,27822.81016289669,0.0,0.0,83.14462618,0.0,0.0,413.65163698195124,412.19958337662337,14.492264808002322,421.6974452633774,0.03520493817715487,1.2048253349342637e-06,8.03644925864116e-10,2.915181236658821e-14,2.0304732775982646e-09,0.13322385642435836,0.0027051292490985115,0.024660268272092424,9.402283905603234e-07,1.079988014694942e-09,2.998831680092816e-10,3.0539861869544493e-10,2.3371708875978077e-07,4.231539653274395e-07,6.56163170127157e-07,0.9964875707464191,0.9809808209195962,0.7422342190181744,1e-07,1e-07,4.203647823376624,54.54980476623377,382.1216468582854,30.07793651833797,16678.0,142,8,2015,166.05605987161906
286,2015-09-30,417.09414501607716,5.0,1.0,4.0,1.0,1.0,3.0,1.0,34.431403054662375,16.605784501607715,0.0,0.0,408.94669285209005,10117.49041753501,67.21584358166918,0.0,0.0,27776.73180148224,0.0,0.0,83.14462618,0.0,0.0,418.5752442428672,417.09414501607716,14.938916821472949,426.37567637973234,0.03581960704742001,1.1881093804857692e-06,7.842703617414617e-10,2.742316719872745e-14,1.995055879295089e-09,0.13616428495444619,0.0027325184360531287,0.02467735117918673,9.28791004872601e-07,1.0453745315202339e-09,2.922353711140469e-10,2.9028616992094256e-10,2.2833026169117987e-07,4.2250406750231903e-07,6.561633705027917e-07,0.9964613968092026,0.9817100387918859,0.7443733019289231,1e-07,1e-07,2.733051073954984,51.68577475884244,387.11278279763445,29.981362218442676,16708.0,142,9,2015,48.05984325759485
287,2015-10-31,420.56754109720885,5.0,1.0,4.0,1.0,1.0,3.0,1.0,34.408909788257944,15.586743522617901,0.0,0.0,408.67953711368074,10110.880887073974,67.17193297268581,0.0,0.0,27758.585883139516,0.0,0.0,83.14462618,0.0,0.0,422.08072116437245,420.56754109720885,15.540294692877858,429.4399347621831,0.036934888124646986,1.1606077021862521e-06,7.541044964732888e-10,2.4882962312960988e-14,1.938525874880629e-09,0.14180335071171143,0.0027851178439235037,0.024712600618758022,9.101207647675306e-07,9.90443938014411e-10,2.7990088252481546e-10,2.673392687417375e-10,2.194810903698612e-07,4.2240547414301757e-07,6.575373276585442e-07,0.9964154789467974,0.982850957309654,0.7481811167765132,1e-07,1e-07,2.8294923724735326,51.89656586140519,390.3044914043704,30.263049692838432,16739.0,142,10,2015,57.67746804117872
288,2015-11-30,509.118738576779,5.0,1.0,4.0,1.0,1.0,3.0,1.0,34.51780468164794,14.119013258426966,0.0,0.0,409.9728973188871,10142.879090535005,67.3845139735043,0.0,0.0,27846.434299988607,0.0,0.0,83.14462618,0.0,0.0,510.9845586434387,509.118738576779,19.641129762108882,519.0798866761473,0.03858750188230661,1.1226515824131636e-06,7.145526281191322e-10,2.1578138612665372e-14,1.8623380369270895e-09,0.15069038129977155,0.002869745940377237,0.024780262835493963,8.847524465437429e-07,9.133230775602961e-10,2.6285385250361046e-10,2.363969069280081e-10,2.0706465537515987e-07,4.243315466402831e-07,6.624815985571866e-07,0.9963482837245868,0.9844108006698605,0.7539754005158237,1e-07,1e-07,2.633537872659176,51.66507677902622,393.77579434505924,115.34294423171981,16769.0,142,11,2015,50.56385276021991
289,2015-12-31,413.0374804651163,5.0,1.0,4.0,1.0,1.0,3.0,1.0,33.989927906976746,10.706505279069768,0.0,0.0,403.70322945514954,9987.765219604558,66.35401043403583,0.0,0.0,27420.582017088742,0.0,0.0,83.14462618,0.0,0.0,414.61937818735225,413.03748046511623,17.82400345365272,419.85541424742433,0.04314527049849188,1.0281634665181813e-06,6.177376156282334e-10,1.526709036640376e-14,1.6771974377839986e-09,0.17182210569810297,0.0030381120516856062,0.024764671531804235,8.174882943110462e-07,7.619423246979311e-10,2.2537950156519213e-10,1.7852820136606528e-10,1.795811705797888e-07,4.167635786938694e-07,6.555561606220996e-07,0.9961848556891444,0.9875266956653255,0.7654111707507655,9.999999999999998e-08,9.999999999999998e-08,4.468305813953489,53.844006744186046,398.9302432549082,14.107237210208105,16800.0,142,12,2015,94.64009505945944
290,2016-01-31,411.83206977186313,5.0,1.0,4.0,1.0,1.0,3.0,1.0,33.83803669201521,9.19785669201521,0.0,0.0,401.89919579630634,9943.132768541167,66.05749343964916,0.0,0.0,27298.04732007713,0.0,0.0,83.14462618,0.0,0.0,413.44071521369614,411.8320697718631,18.70962887073465,418.16333770304107,0.045426741444968624,9.88095417247538e-07,5.799413306332156e-10,1.3115657668089861e-14,1.6018994016931595e-09,0.18280777440408763,0.0031224524123623252,0.02475132666970665,7.888367919353724e-07,7.028007798920908e-10,2.103338725760211e-10,1.577133588431591e-10,1.6827377335521635e-07,4.1447718659131285e-07,6.537837834953147e-07,0.9961092248969574,0.9887053270738918,0.7705946207234852,1e-07,1e-07,3.982801711026616,53.81665019011407,401.39273088082473,10.439338891038371,16831.0,142,1,2016,107.25249890067543
291,2016-02-29,388.74088683544306,5.0,1.0,4.0,1.0,1.0,3.0,1.0,32.135254430379746,7.49953253164557,0.0,0.0,381.6750076202532,9442.77897267944,62.73337835871487,0.0,0.0,25924.36742319111,0.0,0.0,83.14462618,0.0,0.0,390.29356857339366,388.740886835443,18.896984833105982,394.25388881367087,0.04858561955454054,9.270575600810305e-07,5.20251736965605e-10,1.0651992731732151e-14,1.4860823300313803e-09,0.1899296052402593,0.0031299416060172965,0.024395108907836065,7.36999140277022e-07,6.254360224274258e-10,1.9173779710805777e-10,1.3729209968021864e-10,1.5447058899494139e-07,3.912267112116003e-07,6.210570377537033e-07,0.9960225498174771,0.9899447673680579,0.7724969804322154,1e-07,1e-07,3.593308101265823,53.49383316455696,402.30954009967,-13.568653264226963,16860.0,142,2,2016,96.67753264132062
292,2016-03-31,307.90815,5.0,1.0,4.0,1.0,1.0,3.0,1.0,33.42362105263158,7.646347807017545,0.0,0.0,396.9771220451128,9821.35886773079,65.24848496705265,0.0,0.0,26963.727163235882,0.0,0.0,83.14462618,0.0,0.0,309.13523115951443,307.90815,14.757510795769644,312.3028084958928,0.04795208404102229,9.443513428387554e-07,5.392814274440082e-10,1.1034174239060728e-14,1.5206090787539895e-09,0.19366412573211153,0.0031952402035326415,0.024677626289844573,7.561977184776323e-07,6.41504142682695e-10,1.9493960641062276e-10,1.3778691003745643e-10,1.566690708867542e-07,4.087751819528849e-07,6.47079853514976e-07,0.9960303790883164,0.9898600208625774,0.7752046832292386,1e-07,1e-07,3.2727351754385965,52.388570175438595,402.99582166837905,-95.08767166837906,16891.0,143,3,2016,67.47244360776332
295,2016-06-30,368.5436650602409,5.0,1.0,4.0,1.0,1.0,3.0,1.0,34.47080722891567,13.00190361445783,0.0,0.0,409.4147018588641,10129.069131152504,67.29276710432866,0.0,0.0,27808.520200530478,0.0,0.0,83.14462618,0.0,0.0,369.913846040626,368.5436650602409,14.726039976977392,375.3541122256738,0.03995781155414591,1.0926327339634834e-06,6.833923494246607e-10,1.9301695582114735e-14,1.8027672159502397e-09,0.15760357290439145,0.0029299335782994014,0.024802168122703732,8.639264843753928e-07,8.597567623249044e-10,2.5023490618702135e-10,2.1543547188309987e-10,1.978478903726844e-07,4.2374880205398635e-07,6.631240216971934e-07,0.9962959313351815,0.9855065980561573,0.7580914877427282,1e-07,1e-07,5.995455421686747,56.363210843373494,398.01851350352564,-29.474848443284703,16982.0,143,6,2016,132.79733970215068
305,2017-04-30,193.65819635036496,5.0,1.0,4.0,1.0,1.0,3.0,1.0,33.67595700729927,9.770063781021898,0.0,0.0,399.97415222669446,9895.506488125371,65.74108685237367,0.0,0.0,27167.293312589365,0.0,0.0,83.14462618,0.0,0.0,194.40913703343185,193.65819635036496,8.634140932158681,196.70780799895374,0.04455549974959411,1.001110748204378e-06,5.904199226467462e-10,1.3775667706511267e-14,1.625003621726911e-09,0.1774893253278855,0.0030769088990886323,0.024727044377713694,7.976335749816763e-07,7.255883778988369e-10,2.155198296480326e-10,1.6495398497697378e-10,1.7231483534858998e-07,4.121428625762301e-07,6.497412920927344e-07,0.9961385999131225,0.9882936679067228,0.7680088412093191,1e-07,1e-07,2.9708596788321167,51.561151751824816,406.0314705402453,-212.3732741898804,17286.0,143,4,2017,27.891755914670888
306,2017-05-31,332.08048418277684,5.0,1.0,4.0,1.0,1.0,3.0,1.0,34.512970281195074,9.77209072056239,0.0,0.0,409.9154784540799,10141.458526865881,67.37507641720912,0.0,0.0,27842.534260115503,0.0,0.0,83.14462618,0.0,0.0,333.37287712813713,332.08048418277684,14.91814116414277,337.3007118114772,0.04455758868870559,1.0090157812970705e-06,6.043775715735043e-10,1.435781876744896e-14,1.6448553478885495e-09,0.18235640140516018,0.0031302683922417363,0.024832218168799537,8.048831580602532e-07,7.241970076570266e-10,2.1744706455666688e-10,1.677165953155007e-10,1.7324036966274631e-07,4.243161706549092e-07,6.677487720239079e-07,0.9961360592506731,0.9881517258207128,0.7705353678901395,1e-07,1e-07,4.206086824253076,54.27792666080843,405.76950924334244,-73.68902506056563,17317.0,143,5,2017,141.82782870484564
307,2017-06-30,409.7609649122807,5.0,1.0,4.0,1.0,1.0,3.0,1.0,33.91518105263158,16.703674912280704,0.0,0.0,402.8154503879699,9965.801241506497,66.20809210297304,0.0,0.0,27360.28173473156,0.0,0.0,83.14462618,0.0,0.0,411.21372610131704,409.7609649122807,14.668357423165968,418.9554614220337,0.03584044331340531,1.1855464378685384e-06,7.782420464633628e-10,2.755284948874212e-14,1.9881433976598068e-09,0.13429452115048018,0.0027019063507388204,0.024586694241112095,9.249419124954647e-07,1.057433349495119e-09,2.928350449310998e-10,2.940524841284551e-10,2.290301948494014e-07,4.146470071657846e-07,6.443670614360565e-07,0.9964654635499742,0.9815657849594789,0.7427939924221271,1e-07,1e-07,2.8983234795321637,51.57139988304094,399.4550736782725,10.30589123400811,17347.0,143,6,2017,31.166247108041855
309,2017-08-31,403.4359476309227,5.0,1.0,4.0,1.0,1.0,3.0,1.0,34.61844139650873,17.420972568578556,0.0,0.0,411.16817395796227,10172.450670776441,67.5809736319712,0.0,0.0,27927.62062381144,0.0,0.0,83.14462618,0.0,0.0,404.853233708713,403.4359476309227,14.083644570828339,412.83804259179504,0.03495635134801876,1.212092911310114e-06,8.128305609275165e-10,2.9830572808915727e-14,2.046284093067664e-09,0.1324053034880595,0.0027002960528153953,0.024672553925548527,9.456712815740836e-07,1.091262082170272e-09,3.028386186269807e-10,3.1065868247350377e-10,2.357321479708472e-07,4.2506249760400154e-07,6.586285400678407e-07,0.9964972080858236,0.9807184694810119,0.7416827180599233,1e-07,1e-07,4.44357867830424,54.9058144638404,388.02118852836696,15.414759102555665,17409.0,143,8,2017,193.52349503326587
317,2018-04-30,279.7397217391304,5.0,1.0,4.0,1.0,1.0,3.0,1.0,32.786521739130436,7.104153623188406,0.0,0.0,389.41020248447205,9634.150516414618,64.00476080819983,0.0,0.0,26449.762143165826,0.0,0.0,83.14462618,0.0,0.0,280.8626462670457,279.7397217391304,13.720715142098848,283.6336187328157,0.04903038223892498,9.258459306374009e-07,5.191829594724085e-10,1.0320763655158565e-14,1.484288779118231e-09,0.19505471387769635,0.0031923389675994796,0.02459459982318398,7.420423615093723e-07,6.305874028915888e-10,1.8944669588336488e-10,1.320095781269668e-10,1.5273303782211972e-07,3.9917211378088945e-07,6.330854239294901e-07,0.9960021415574613,0.990227221596178,0.7750841756870701,1e-07,1e-07,3.0192010579710145,51.56816101449275,409.4280003765687,-129.68827863743826,17651.0,143,4,2018,27.532794522959758
318,2018-05-31,252.79917398373985,5.0,1.0,4.0,1.0,1.0,3.0,1.0,34.43382113821138,10.224839837398374,0.0,0.0,408.9754127758421,10118.200958929358,67.2205640842098,0.0,0.0,27778.682534018688,0.0,0.0,83.14462618,0.0,0.0,253.77386611482947,252.79917398373985,11.064917096605555,256.87229273573666,0.04373025595390068,1.0195238626319877e-06,6.122186835656512e-10,1.4658100884185597e-14,1.6626631751546998e-09,0.17740748440318443,0.0030934197207495447,0.024832249193101882,8.124468679920699e-07,7.380956510733002e-10,2.2103220087432137e-10,1.7136048433244943e-10,1.7611116954341884e-07,4.2329619876673556e-07,6.658862691499126e-07,0.9961608362515466,0.9879106001812868,0.7685794968948004,1e-07,1e-07,2.6283181300813006,51.653918373983736,408.4594774708537,-155.6603034871139,17682.0,143,5,2018,49.76038961908985
319,2018-06-30,380.8526,5.0,1.0,4.0,1.0,1.0,3.0,1.0,32.62814,16.08129,0.0,0.0,387.5290799428572,9587.610858259512,63.695573227702965,0.0,0.0,26321.991367078248,0.0,0.0,83.14462618,0.0,0.0,382.21406031192856,380.8526,13.99438992581758,389.10246397541704,0.036744897962670026,1.1551209710794332e-06,7.363151870599566e-10,2.5304378425194227e-14,1.9205926352171148e-09,0.1341584265880173,0.0026689324704772623,0.024392275674912436,8.98859164164901e-07,1.0309315335300911e-09,2.830790907987624e-10,2.805054818146449e-10,2.227903654392689e-07,3.9568292064802294e-07,6.174464994941336e-07,0.9964379638184491,0.9822966845465062,0.7422106046419288,1e-07,1e-07,6.179926,53.61317,400.9964878553883,-20.1438878553883,17712.0,143,6,2018,22.504706518513625
320,2018-07-31,421.8481066455696,5.0,1.0,4.0,1.0,1.0,3.0,1.0,32.41335443037975,18.237420253164558,0.0,0.0,384.97804104882465,9524.497225073907,63.27627595921015,0.0,0.0,26148.71811554392,0.0,0.0,83.14462618,0.0,0.0,423.31555284752733,421.8481066455696,14.572115899186866,432.10569079541074,0.0345563820369702,1.2095718444432824e-06,7.949678215833757e-10,3.1037000880299676e-14,2.0331136090950458e-09,0.1230632891564882,0.0025528429846753196,0.02424313050671559,9.331288610456757e-07,1.1552213142634919e-09,3.0951922561138785e-10,3.3548372940926233e-10,2.418031138703171e-07,3.91679223432541e-07,6.084437345321742e-07,0.9965328528607196,0.9796775203086031,0.7340306794969026,9.999999999999998e-08,9.999999999999998e-08,2.8644571962025314,51.61723212025316,396.6068295618536,25.24127708371598,17743.0,143,7,2018,36.75581425593686
321,2018-08-31,424.7646345513748,5.0,1.0,4.0,1.0,1.0,3.0,1.0,33.81011551155115,18.570177604920406,0.0,0.0,401.5675719471947,9934.928273495094,66.00298663678355,0.0,0.0,27275.522558594144,0.0,0.0,83.14462618,0.0,0.0,426.234872500097,424.7646345513748,14.710800488222759,458.6944370076256,0.033013214974850914,1.2619775961594321e-06,8.654190427653586e-10,3.6226994297315483e-14,2.150543944251144e-09,0.12003977823363406,0.002555414067515826,0.024416801549627477,9.744791117965833e-07,1.2336879147438516e-09,3.3000453346714e-10,3.7314437322067227e-10,2.5531340243439066e-07,4.119077853938444e-07,6.357837387275477e-07,0.9965470425031581,0.9778535452491395,0.7318607622319713,1e-07,1e-07,3.9897810408827783,53.77054696454414,390.0498738427312,56.892617741427216,17774.0,143,8,2018,102.54527418349218
322,2018-09-30,404.60465848134993,5.0,1.0,4.0,1.0,1.0,3.0,1.0,34.54153465346535,16.832838632326823,0.0,0.0,410.2547415841584,10149.85202051087,67.43083883779589,0.0,0.0,27865.577901595032,0.0,0.0,83.14462618,0.0,0.0,406.0368405650785,404.6046584813499,14.61485647924397,434.13142643383827,0.034461442253112116,1.224563231630258e-06,8.264432762596306e-10,3.117759238872694e-14,2.072236430804658e-09,0.12966324593376127,0.0026713453284356557,0.024635171804517225,9.535517493856966e-07,1.1201759712138968e-09,3.0896060798448744e-10,3.2328663328271823e-10,2.401250911745746e-07,4.2378019933940974e-07,6.559905685940037e-07,0.9964707346013855,0.9801146104336969,0.7396533357295283,1e-07,1e-07,4.284711813499112,53.97816305062167,393.58558139450554,30.436178258959803,17804.0,143,9,2018,113.72437973256578
323,2018-10-31,413.70312222525973,5.0,1.0,4.0,1.0,1.0,3.0,1.0,34.62070684931507,15.344075259704757,0.0,0.0,411.1950810645793,10173.11636241332,67.585396173836,0.0,0.0,27929.44822505414,0.0,0.0,83.14462618,0.0,0.0,415.1954858937347,413.70312222525973,15.199232817870666,434.95377925400334,0.03572466150973228,1.1916146054851774e-06,7.894862528279136e-10,2.7656424702068862e-14,2.0030634405405567e-09,0.13633678478550768,0.0027389448255711124,0.024707802813887864,9.32008475988943e-07,1.0467553342340423e-09,2.932072139860991e-10,2.9126523903402966e-10,2.289099320659421e-07,4.253399511905666e-07,6.602470172639652e-07,0.9964034122771712,0.9816495373710874,0.744575389630228,1e-07,1e-07,3.528509028157463,53.034537020229635,397.62242361527274,27.839889316234107,17835.0,143,10,2018,81.15777071949704
324,2018-11-30,391.2223249499666,5.0,1.0,4.0,1.0,1.0,3.0,1.0,34.799387351778655,12.666441894596398,0.0,0.0,413.31729491812536,10225.620707606739,67.93421032717211,0.0,0.0,28073.594555286625,0.0,0.0,83.14462618,0.0,0.0,392.68312969684933,391.2223249499666,16.101717897925063,402.3381143019216,0.04074089567856899,1.0779664171565107e-06,6.709360176701369e-10,1.8156264341020615e-14,1.775617551936473e-09,0.1632487130231321,0.0029863048205045145,0.024865476061363915,8.547140544903678e-07,8.248614110715754e-10,2.433212952900875e-10,2.033830564031533e-10,1.9256859374183732e-07,4.2875315900282787e-07,6.714715553046361e-07,0.9962797950402205,0.9861307278934149,0.7615299430680542,1e-07,1e-07,3.9330332728485655,53.276494029352904,404.3426957309924,-9.06825877447069,17865.0,143,11,2018,64.22234134381925
325,2018-12-31,394.34080508474574,5.0,1.0,4.0,1.0,1.0,3.0,1.0,34.29915254237288,9.322501694915255,0.0,0.0,407.3759346246974,10078.629285774596,66.95766851591497,0.0,0.0,27670.041783516896,0.0,0.0,83.14462618,0.0,0.0,395.87832891969646,394.34080508474574,17.770131210376988,400.42584014337865,0.04506452429179796,9.952043885887447e-07,5.886914103559504e-10,1.3288790908273246e-14,1.6164069369361232e-09,0.18345314978974506,0.0031400560912925556,0.02482337792645792,7.951420466506059e-07,7.023305098126028e-10,2.1181313229286365e-10,1.5823560254348e-10,1.6923122658713422e-07,4.212808483561096e-07,6.638567777882461e-07,0.9961161143216641,0.9886442527591834,0.7715084559187007,1e-07,1e-07,2.9626882627118643,51.56688076271186,406.82773943547016,-12.486934350724427,17896.0,143,12,2018,28.699480131992566
326,2019-01-31,394.5199020618557,5.0,1.0,4.0,1.0,1.0,3.0,1.0,33.47477663230241,6.468240549828179,0.0,0.0,397.58470417280313,9836.39067129399,65.3483491937885,0.0,0.0,27004.995734673706,0.0,0.0,83.14462618,0.0,0.0,396.11670069205803,394.51990206185565,19.707434489926772,399.86548839545287,0.04997673169067259,9.160577796871686e-07,5.150946222006206e-10,9.810261582658808e-15,1.469637498322448e-09,0.20388596317423738,0.003275417944508926,0.024688564793765827,7.366442850400146e-07,6.036910863589732e-10,1.8462248476034312e-10,1.2477990166101483e-10,1.4870231965140706e-07,4.0909214900233864e-07,6.484345358120685e-07,0.995968265444646,0.9906324970251215,0.7795370738862205,1e-07,1e-07,2.899132817869416,51.62660240549828,409.77916724944447,-15.259265187588829,17927.0,143,1,2019,36.57000222145333
327,2019-02-28,398.64298787878784,5.0,1.0,4.0,1.0,1.0,3.0,1.0,34.45649632996633,7.430624158249159,0.0,0.0,409.24472926762866,10124.86394721747,67.26482984183127,0.0,0.0,27796.975216397168,0.0,0.0,83.14462618,0.0,0.0,400.23651817202744,398.64298787878784,19.150723453038967,404.2718205414384,0.04801895580023482,9.482544446008365e-07,5.476507019717758e-10,1.0958975266683444e-14,1.5308715153910115e-09,0.20004175166853413,0.003270921986109604,0.02483962705644416,7.618932980524433e-07,6.293763004822529e-10,1.940842454820563e-10,1.3451163213931368e-10,1.5564518066616312e-07,4.234292010289613e-07,6.690149831684034e-07,0.9960191028199494,0.990011256274036,0.7791419430113403,1e-07,1e-07,2.8098581144781147,51.60809464646465,410.2095266232009,-11.56653874441302,17955.0,143,2,2019,37.93050345603305
328,2019-03-31,279.3220748892171,5.0,1.0,4.0,1.0,1.0,3.0,1.0,34.461890694239294,9.052528803545052,0.0,0.0,409.3087989027221,10126.449053370527,67.27536054093227,0.0,0.0,27801.32699402911,0.0,0.0,83.14462618,0.0,0.0,280.4148952024683,279.3220748892171,12.685691145773013,283.5775628434031,0.045427494486460496,9.896247633616002e-07,5.845421822201115e-10,1.2949858058835461e-14,1.6066810831402968e-09,0.18632052088208154,0.003166404886095575,0.024847089919806373,7.915389656387476e-07,6.899236227777348e-10,2.093346917293517e-10,1.5444659285384705e-10,1.6728279133402272e-07,4.236804142219641e-07,6.677538001710512e-07,0.9961025112263139,0.988852180125505,0.7730310246190367,9.999999999999998e-08,9.999999999999998e-08,2.6617951344165434,51.64556169867061,410.31199250526885,-130.98991761605168,17986.0,143,3,2019,47.64196574020515
329,2019-04-30,162.78858461538462,5.0,1.0,4.0,1.0,1.0,3.0,1.0,33.60694871794872,10.355871794871796,0.0,0.0,399.1545309157509,9875.22875778931,65.60637115764983,0.0,0.0,27111.622483772826,0.0,0.0,83.14462618,0.0,0.0,163.415020458019,162.7885846153846,7.118535347540984,165.4256293930473,0.04371917553719938,1.0155109830780808e-06,6.03405546646509e-10,1.4606801953453195e-14,1.6517361716780192e-09,0.17285115415472527,0.003037359839827234,0.0247106810548277,8.075215623005434e-07,7.498592543990103e-10,2.212806764453329e-10,1.7337752019183742e-10,1.766907614454997e-07,4.11158267852656e-07,6.476387674924082e-07,0.9961677760436458,0.9878257619756654,0.765636176332122,1e-07,1e-07,2.7896373666666663,51.61510330769231,410.18136374618337,-247.39277913079874,18016.0,143,4,2019,39.383282128375775
330,2019-05-31,174.25838585507248,5.0,1.0,4.0,1.0,1.0,3.0,1.0,33.19004057971014,11.430310724637682,0.0,0.0,394.20285339958593,9752.722449030278,64.79249691141942,0.0,0.0,26775.291561581726,0.0,0.0,83.14462618,0.0,0.0,174.9190903912436,174.25838585507248,7.362146714224861,177.245960872276,0.042323143603791614,1.0392064524210135e-06,6.234181728514304e-10,1.6188044071296432e-14,1.6951295993450382e-09,0.16383231505450432,0.0029509732635309522,0.02462660926429516,8.22563289372579e-07,7.982945434945816e-10,2.3179818564139776e-10,1.9035467009103786e-10,1.8476775787031428e-07,4.0504080590046425e-07,6.373381131303548e-07,0.9962204290524448,0.9869160023944272,0.7605382975366594,1e-07,1e-07,3.183929180289855,51.75587954782608,409.22092717962374,-234.96254132455127,18047.0,143,5,2019,29.285276819079197
331,2019-06-30,419.11653333333334,5.0,1.0,4.0,1.0,1.0,3.0,1.0,33.97031777777778,13.532376388888888,0.0,0.0,403.4703171492063,9982.002884159145,66.31572818992392,0.0,0.0,27404.76200247919,0.0,0.0,83.14462618,0.0,0.0,420.66460762786664,419.11653333333334,16.527776485719,427.06680080609163,0.039415158227685924,1.101809336285872e-06,6.894579026414882e-10,2.0189572470349588e-14,1.8188313137452367e-09,0.15261100235998104,0.002873603765419928,0.02470932131472649,8.68536041351486e-07,8.901882593223495e-10,2.554979043413906e-10,2.2584835734126564e-10,2.019780315386385e-07,4.162003897550571e-07,6.512029898484103e-07,0.9963208877329498,0.9849886918894692,0.7547959188720953,1e-07,1e-07,4.240841333333333,54.77108472222223,404.33798780306387,14.778545530269481,18077.0,143,6,2019,185.84199035494206
332,2019-07-31,422.31536155447606,5.0,1.0,4.0,1.0,1.0,3.0,1.0,34.239386503067486,18.154285218598197,0.0,0.0,406.66608483786155,10061.067343003739,66.84099523533243,0.0,0.0,27621.82692448291,0.0,0.0,83.14462618,0.0,0.0,423.7858025426886,422.31536155447606,14.537852396386484,437.7157210339099,0.03405296824557173,1.234371298794797e-06,8.355795579519e-10,3.2473682430399246e-14,2.0919231874426436e-09,0.12649302281899966,0.0026328704791403566,0.024562594676325322,9.588058764206643e-07,1.1531392097194489e-09,3.146691413653083e-10,3.366018225496288e-10,2.443390423692014e-07,4.189525736276584e-07,6.480695757181087e-07,0.9965293651364489,0.9795042395678989,0.7371793374453378,1.0000000000000001e-07,1.0000000000000001e-07,3.281701238723109,52.86651096460792,395.8203979163165,31.42467693030928,18108.0,143,7,2019,93.4418202309682
333,2019-08-31,438.59623762376236,5.0,1.0,4.0,1.0,1.0,3.0,1.0,,18.133320792079207,0.0,0.0,,,,0.0,0.0,,0.0,0.0,83.14462618,0.0,0.0,440.1234238608795,438.59623762376236,,,,,,,,,,,,,,,,,,0.9965283381958006,,,1e-07,1e-07,4.266179779977998,54.23841251925192,,,18139.0,143,8,2019,135.93976712844406
334,2019-09-30,428.895397721519,5.0,1.0,4.0,1.0,1.0,3.0,1.0,35.024706577181206,16.746754797468355,0.0,0.0,415.9934435466923,10291.829601280853,68.37407104927388,0.0,0.0,28255.36558807865,0.0,0.0,83.14462618,0.0,0.0,430.41482595811704,428.895397721519,15.119064866667904,449.5559363832953,0.03442780233604692,1.227938255606993e-06,8.337388534204361e-10,3.1201262400661995e-14,2.0812066220596275e-09,0.13115485641281982,0.0026977962004240447,0.024720825254626173,9.580056562733155e-07,1.1106445210365693e-09,3.0884773941811865e-10,3.204752353589629e-10,2.39747857378933e-07,4.3117714785010095e-07,6.669937922093201e-07,0.9964672570695908,0.980212392148469,0.7409246478878546,1e-07,1e-07,3.8095985746835446,53.943325367088605,394.67864145345584,44.44863505661129,18169.0,143,9,2019,125.12671640701629
341,2020-04-30,244.47064968984654,5.0,1.0,4.0,1.0,1.0,3.0,1.0,,8.470826967025792,0.0,0.0,,,,0.0,0.0,,0.0,0.0,83.14462618,0.0,0.0,245.43646539578526,244.47064968984654,,,,,,,,,,,,,,,,,,0.9960726704636972,,,9.999999999999998e-08,9.999999999999998e-08,4.60762425726412,53.837446359778,,,18382.0,143,4,2020,87.77262686338368
342,2020-05-31,276.199881305638,5.0,1.0,4.0,1.0,1.0,3.0,1.0,,10.361215430267062,0.0,0.0,,,,0.0,0.0,,0.0,0.0,83.14462618,0.0,0.0,277.2637726933588,276.199881305638,,,,,,,,,,,,,,,,,,0.9961676402214631,,,1e-07,1e-07,4.36580940652819,54.049597299703265,,,18413.0,143,5,2020,115.95952588374446
343,2020-06-30,326.94416107382546,5.0,1.0,4.0,1.0,1.0,3.0,1.0,,13.370753020134229,0.0,0.0,,,,0.0,0.0,,0.0,0.0,83.14462618,0.0,0.0,328.1544933466083,326.94416107382546,,,,,,,,,,,,,,,,,,0.9963131381402939,,,1e-07,1e-07,4.4980173154362415,53.9238467114094,,,18443.0,143,6,2020,99.7350635945496
344,2020-07-31,385.02457921259844,5.0,1.0,4.0,1.0,1.0,3.0,1.0,34.12318181102362,17.35192614173228,0.0,0.0,405.28590510978626,10026.921192863998,66.61414428791457,0.0,0.0,27528.081497964802,0.0,0.0,83.14462618,0.0,0.0,386.3790138153022,385.02457921259844,13.517977498792286,393.942248356948,0.03511493485893847,1.2050737685651222e-06,8.012122458932603e-10,2.9355209600967237e-14,2.0293798889062745e-09,0.13141375397077465,0.002679129441617249,0.024594021144529115,9.38893281607837e-07,1.0921754724088773e-09,3.0114429662512257e-10,3.0932258984300436e-10,2.348504736156845e-07,4.175653291102227e-07,6.476820472132807e-07,0.9964942945784051,0.9808089531814228,0.7408425072924775,1e-07,1e-07,2.8146957763779525,51.6249237007874,,,18474.0,143,7,2020,39.28692121729871
347,2020-10-31,413.8640493731919,5.0,1.0,4.0,1.0,1.0,3.0,1.0,34.65108968177435,15.47695274831244,0.0,0.0,411.5559423061028,10182.044201217228,67.6447085321186,0.0,0.0,27953.95886690196,0.0,0.0,83.14462618,0.0,0.0,415.35492710667137,413.8640493731919,15.312733294530114,422.54352786354474,0.03699759660866039,1.1601740348712453e-06,7.551757142068772e-10,2.468273487652296e-14,1.938442748530386e-09,0.14301433148643128,0.002802804045601669,0.024758375654825165,9.108684725677308e-07,9.818095851809446e-10,2.788835473346836e-10,2.642531113458669e-10,2.1861893509146046e-07,4.2608346088568054e-07,6.631337104851132e-07,0.9964106540675441,0.9829859987301598,0.7491487023471443,1e-07,1e-07,2.7921518264223724,51.63404194792671,,,18566.0,143,10,2020,40.999858077610604
348,2020-11-30,428.5078977443609,5.0,1.0,4.0,1.0,1.0,3.0,1.0,34.57000751879699,12.4146992481203,0.0,0.0,410.5929178732546,10158.218625313335,67.4864226215707,0.0,0.0,27888.547721984905,0.0,0.0,83.14462618,0.0,0.0,430.11316643235415,428.5078977443609,17.439856783622467,436.2018208988964,0.04069854399401693,1.0781369565621174e-06,6.697770003336369e-10,1.8278992750568742e-14,1.77516793305597e-09,0.1618988834604762,0.002969145816774687,0.02482858637693289,8.54158414291942e-07,8.316878173314863e-10,2.4402760549625467e-10,2.053143089963425e-10,1.9319422766487367e-07,4.252989850946671e-07,6.661863991555971e-07,0.9962678010207334,0.9860424810826951,0.7605696162577954,1e-07,1e-07,3.0932814586466164,51.79843676691729,,,18596.0,143,11,2020,36.98553761576639
