,Unnamed: 0,Unnamed: 0.1,Unnamed: 0.1.1,datetime,par1,par1_type,opt_k_bisulfate,opt_k_carbonic,opt_k_fluoride,opt_total_borate,opt_gas_constant,opt_pH_scale,salinity,temperature,pressure,total_ammonia,total_borate,total_calcium,total_fluoride,total_phosphate,total_silicate,total_sulfate,total_sulfide,peng_correction,gas_constant,total_alpha,total_beta,pressure_atmosphere,pressure_atmosphere_out,pCO2,fCO2,aqueous_CO2,xCO2,k_CO2,k_carbonic_1,k_carbonic_2,k_water,k_borate,k_bisulfate,k_fluoride,k_phosphoric_1,k_phosphoric_2,k_phosphoric_3,k_silicate,k_ammonia,k_sulfide,k_calcite,k_aragonite,fugacity_factor,vp_factor,fH,k_alpha,k_beta,longitude,latitude,fco2_air,fco2_sea,deltafco2,distance_to_shore,datenum,dayofyear,month,year,sc_fco2_air,ms_fco2_air
1,1,1,35,1994-10-31,356.01811330561327,9.0,1.0,4.0,1.0,1.0,3.0,1.0,34.11918918918919,14.794220374220377,0.0,0.0,405.2384841698842,10025.74798150556,66.60635002393182,0.0,0.0,27524.860543369843,0.0,0.0,83.14462618,0.0,0.0,1.0,1.0,350.2173441131005,348.9493590499133,13.22080996145758,356.01811330561327,0.0378881369124359,1.1366786509717754e-06,7.26715676105759e-10,2.2926243828921204e-14,1.888959338972106e-09,0.1454208211703103,0.0028121050876691,0.0246948296281501,8.928793475461304e-07,9.51548189366516e-10,2.7013183442818114e-10,2.506013476451581e-10,2.1257133683078297e-07,4.182418732450387e-07,6.524990704375276e-07,0.996379414013198,0.9837072312268232,0.7504231370351029,1e-07,1e-07,4.489376299376299,53.09110187110187,348.9493590499133,344.39161954261954,-4.55773950729373,22.001919290319293,9069.0,304,10,1994,346.1610952705903,2.7882637793230174
2,2,2,117,2001-08-31,362.0475858649789,9.0,1.0,4.0,1.0,1.0,3.0,1.0,34.69100562587904,17.016317862165966,0.0,0.0,412.030029676512,10193.773295769226,67.72263111491596,0.0,0.0,27986.160124348226,0.0,0.0,83.14462618,0.0,0.0,1.0,1.0,355.2518049747852,354.00118146181217,12.510568972881536,362.0475858649789,0.0353404074847448,1.2018383260060355e-06,8.014842098177296e-10,2.864798564364092e-14,2.0247304977996752e-09,0.1346603751889527,0.002724202618355,0.0247031153482106,9.3910394811543e-07,1.065807082815709e-09,2.977250052456299e-10,2.99803634526283e-10,2.3208351326863685e-07,4.263306699723751e-07,6.611774109453845e-07,0.9964796178452072,0.981229609241089,0.7433967101513544,1e-07,1e-07,4.960775668073136,55.55609676511955,354.00118146181217,344.62924725738395,-9.37193420442822,197.6911628141016,11565.0,243,8,2001,354.3527560699643,-0.35157460815213426
3,3,3,118,2001-09-30,362.86799379044953,9.0,1.0,4.0,1.0,1.0,3.0,1.0,34.32710862340388,17.11356043379395,0.0,0.0,407.7079729928284,10086.844036172482,67.01224345051038,0.0,0.0,27692.59470021872,0.0,0.0,83.14462618,0.0,0.0,1.0,1.0,356.0009272775209,354.74903607960846,12.53520624280869,362.86799379044953,0.0353338919370813,1.20064365632813e-06,7.97859996800953e-10,2.8849648513579024e-14,2.0211912779759366e-09,0.1333701851699611,0.0027021895439972,0.024634689834882,9.366051988742704e-07,1.076535581031493e-09,2.985495981389855e-10,3.0374759845389446e-10,2.328618991164173e-07,4.207393490498989e-07,6.527617182205071e-07,0.9964835326743968,0.9810752766012774,0.7422469144771543,1e-07,1e-07,4.0583334266223545,53.54322252929858,354.74903607960846,397.0753882106,42.32635213099152,78.78341070203868,11595.0,273,9,2001,355.5470015964754,-0.7979655168669524
4,4,4,120,2001-11-30,373.730091630117,9.0,1.0,4.0,1.0,1.0,3.0,1.0,34.528437499999995,11.507762792397662,0.0,0.0,410.0991848214286,10146.003489433811,67.40527100899453,0.0,0.0,27855.012078337928,0.0,0.0,83.14462618,0.0,0.0,1.0,1.0,368.8093816934779,367.41663461293166,15.406422339473606,373.730091630117,0.0419288767045379,1.0538750486200236e-06,6.45886773149382e-10,1.6732960082347923e-14,1.728483123837655e-09,0.168291839951818,0.0030209764851257,0.0248329129792963,8.369250673584974e-07,7.917575716597401e-10,2.344004055724886e-10,1.9083330454079874e-10,1.860512407535909e-07,4.247357638654477e-07,6.665009104953075e-07,0.9962237707310164,0.9868326005296488,0.7639421846703482,1e-07,1e-07,4.252277649853801,54.17846222587719,367.41663461293166,367.4696530884503,0.0530184755186508,131.55473492258406,11656.0,334,11,2001,366.0296790961421,1.3869555167895555
5,5,5,123,2002-02-28,377.61963870835046,9.0,1.0,4.0,1.0,1.0,3.0,1.0,33.484627725215965,6.531308103661045,0.0,0.0,397.7017070106364,9839.285364199675,65.36758017079325,0.0,0.0,27012.94287424792,0.0,0.0,83.14462618,0.0,0.0,1.0,1.0,374.0726037861558,372.5658190236383,18.56094395791944,377.61963870835046,0.0498189651780314,9.175943230437006e-07,5.158351291085583e-10,9.824088331533322e-15,1.4719049491573352e-09,0.2033361855565366,0.0032720469306249,0.0246937695113877,7.378208051256538e-07,6.060536311853503e-10,1.8504792672236432e-10,1.251581934143975e-10,1.490723343887951e-07,4.091305608831514e-07,6.484249724846218e-07,0.9959719543938312,0.9906067914401864,0.7793821350361881,1e-07,1e-07,4.551234512546277,55.03772764294529,372.5658190236383,365.910549074455,-6.655269949183343,203.7333509131664,11746.0,59,2,2002,374.3632857162336,-1.7974666925952647
6,6,6,124,2002-03-31,377.7593093050648,9.0,1.0,4.0,1.0,1.0,3.0,1.0,34.03778955634079,6.576874754613271,0.0,0.0,404.2716891020248,10001.829118715475,66.44744435922637,0.0,0.0,27459.19328703471,0.0,0.0,83.14462618,0.0,0.0,1.0,1.0,374.19968911303465,372.6932665768772,18.48210896980736,377.7593093050648,0.0495903266299042,9.226956045720132e-07,5.238533354490905e-10,9.958606248758564e-15,1.4836835692888207e-09,0.2060933692890285,0.0033029418195153,0.0247570526509875,7.420109204894414e-07,5.992924532449021e-10,1.85900874236251e-10,1.252889438977777e-10,1.4947610870174557e-07,4.174994718434661e-07,6.610857975007906e-07,0.9959742926956348,0.9905769887279714,0.7811558974552266,1.0000000000000001e-07,1.0000000000000001e-07,4.230767726737338,53.56001931684334,372.6932665768772,360.1406087946604,-12.552657782216786,74.33951151142762,11777.0,90,3,2002,374.4630761389983,-1.769809562121111
7,7,7,126,2002-05-31,377.2271603833866,9.0,1.0,4.0,1.0,1.0,3.0,1.0,34.24627137756061,10.90426649126104,0.0,0.0,406.7478574757699,10063.09042790677,66.8544356590722,0.0,0.0,27627.38113649044,0.0,0.0,83.14462618,0.0,0.0,1.0,1.0,372.4569028848382,371.0394644012319,15.886804042457218,377.2271603833866,0.042815214473441,1.0354849426171697e-06,6.263382530412272e-10,1.5653447231878127e-14,1.692195148506988e-09,0.1715507005968908,0.0030412361530074,0.0247977035069188,8.231926720577741e-07,7.67811074309181e-10,2.2773060504269354e-10,1.815119713110076e-10,1.8121643825142826e-07,4.205782094127564e-07,6.61047212748618e-07,0.996194422291192,0.9873539855562672,0.7654457424724459,1e-07,1e-07,4.180293629017102,54.00353082127419,371.0394644012319,298.8832866942304,-72.15617770700152,120.58423915133064,11838.0,151,5,2002,370.4082057377293,0.6312586635025923
8,8,8,142,2003-09-30,367.5871890575585,9.0,1.0,4.0,1.0,1.0,3.0,1.0,34.3868247944339,18.92472827324478,0.0,0.0,408.4172304870336,10104.391325407512,67.12881937989896,0.0,0.0,27740.769329184,0.0,0.0,83.14462618,0.0,0.0,1.0,1.0,359.8039980254133,358.56722446092243,12.016363116549314,367.5871890575585,0.0335119646822531,1.250136951518236e-06,8.550628975638755e-10,3.4172061812235216e-14,2.126322928339989e-09,0.1242903392424134,0.0026139859968074,0.0245596756942241,9.698407603544266e-07,1.183296854977104e-09,3.2175745792265127e-10,3.507904242215414e-10,2.492258805867799e-07,4.210288722155289e-07,6.502836197249251e-07,0.9965626577264308,0.9788263036214984,0.7355065564935703,1e-07,1e-07,3.363251688804554,52.23641239721695,358.56722446092243,402.8085746363061,44.24135017538373,52.56667770711066,12325.0,273,9,2003,359.7291524841004,-1.1619280231779499
9,9,9,143,2003-10-31,376.6411245478036,9.0,1.0,4.0,1.0,1.0,3.0,1.0,34.46077519379845,13.341731266149871,0.0,0.0,409.295549944629,10126.12126931238,67.27318289795247,0.0,0.0,27800.42709005132,0.0,0.0,83.14462618,0.0,0.0,1.0,1.0,371.05716570123707,369.68865505673625,14.620013131155488,376.6411245478036,0.0395465202172883,1.1015378197883478e-06,6.925303291982638e-10,1.9985897024667323e-14,1.8203783236187647e-09,0.155399317495058,0.0029101926091054,0.0247917667426906,8.700339190952046e-07,8.761296800671796e-10,2.540396374822122e-10,2.2179849838139943e-10,2.006367982657874e-07,4.235780937738964e-07,6.624133757019622e-07,0.9963118713150252,0.9851743342731376,0.7567671763089496,1e-07,1e-07,2.987095426356589,52.02296408268734,369.68865505673625,374.15919483204135,4.470539775305064,61.34893362001078,12356.0,304,10,2003,365.35875408102777,4.329900975708483
10,10,10,145,2003-12-31,379.6254666988417,9.0,1.0,4.0,1.0,1.0,3.0,1.0,34.19515926640926,9.885767374517377,0.0,0.0,406.1407916298952,10048.071397344098,66.75465629013902,0.0,0.0,27586.14763226744,0.0,0.0,83.14462618,0.0,0.0,1.0,1.0,375.1418953247571,373.6953656076231,16.54992616280365,379.6254666988417,0.0442862752972236,1.008870182650452e-06,6.01201702996071e-10,1.4114002448551807e-14,1.6419577922338747e-09,0.178698417595159,0.0030991464929347,0.0248028174450759,8.045096010287575e-07,7.25825543210912e-10,2.1738524671092903e-10,1.6643609080223478e-10,1.734501943523085e-07,4.198477881410701e-07,6.610950996849304e-07,0.9961440765175172,0.9881895173125655,0.7690432510678133,1e-07,1e-07,3.3826891891891893,52.224939092664094,373.6953656076231,379.69484864864864,5.999483041025616,50.7686895721427,12417.0,365,12,2003,374.3366864119323,-0.6413208043092027
11,11,11,147,2004-02-29,382.26129014778326,9.0,1.0,4.0,1.0,1.0,3.0,1.0,34.026522167487684,6.207665024630542,0.0,0.0,404.1378647149895,9998.518254543867,66.4254485362411,0.0,0.0,27450.10358372581,0.0,0.0,83.14462618,0.0,0.0,1.0,1.0,378.7500309185564,377.21788003694513,18.95126122723293,382.26129014778326,0.0502392930473139,9.139407924185588e-07,5.158879702748429e-10,9.581147983737896e-15,1.467544304084206e-09,0.2090390652589858,0.0033265996034804,0.0247642089141662,7.362254323701334e-07,5.900642529580775e-10,1.8272345032124172e-10,1.2134106389445143e-10,1.4705305242170665e-07,4.17013638354608e-07,6.60539452315368e-07,0.9959547246890936,0.9908145094298916,0.7823504048591385,1e-07,1e-07,3.5523638325123152,52.25582167487685,377.21788003694513,353.5861975369458,-23.63168249999929,43.39224208766154,12477.0,60,2,2004,378.6526988319997,-1.434818795054582
12,12,12,148,2004-03-31,382.98232419798353,9.0,1.0,4.0,1.0,1.0,3.0,1.0,34.54757103574702,7.133098075160404,0.0,0.0,410.3264365588582,10151.625780348497,67.44262286316946,0.0,0.0,27870.44761228975,0.0,0.0,83.14462618,0.0,0.0,1.0,1.0,379.2352527932656,377.7196883597684,18.31261636182684,382.98232419798353,0.0484819310340009,9.413617281734264e-07,5.421099270653522e-10,1.0626887958527343e-14,1.5187026658486543e-09,0.2032037201173785,0.0032962103195721,0.0248482159438592,7.570389483501022e-07,6.175087256394674e-10,1.914182776095888e-10,1.3097963095605998e-10,1.5356595173613417e-07,4.247464014916927e-07,6.713046110879458e-07,0.9960036331581368,0.9902160689437868,0.7805910214586571,1e-07,1e-07,3.146756892758937,52.136687076077,377.7196883597684,316.6181923006416,-61.10149605912681,60.74699920159998,12508.0,91,3,2004,378.72809795064427,-1.0084095908758854
13,13,13,149,2004-04-30,382.95197,9.0,1.0,4.0,1.0,1.0,3.0,1.0,32.926769230769224,8.051538461538462,0.0,0.0,391.075941978022,9675.361519361148,64.27854731192579,0.0,0.0,26562.90353780772,0.0,0.0,83.14462618,0.0,0.0,1.0,1.0,378.9591813357127,377.4628016003119,17.898654073752063,382.95197,0.0474182379058019,9.506514237696714e-07,5.413352405713175e-10,1.1414756408317936e-14,1.5296667225281303e-09,0.1879095502030069,0.0031402658465819,0.0246159344396725,7.59888573096319e-07,6.635119439169116e-10,1.9822649602854806e-10,1.4308894704416668e-10,1.594348960766091e-07,4.013021793545254e-07,6.354082181456972e-07,0.99605134600079,0.9895736569086516,0.7721054805034896,1e-07,1e-07,3.070306,51.52986461538462,377.4628016003119,364.5415030769231,-12.921298523388812,22.59504031790457,12538.0,121,4,2004,377.3809274105343,0.08187418977757943
14,14,14,150,2004-05-31,382.3080376734258,9.0,1.0,4.0,1.0,1.0,3.0,1.0,34.029130202774816,12.027849519743862,0.0,0.0,404.1688407226712,9999.284612277945,66.43053985626769,0.0,0.0,27452.207555399124,0.0,0.0,83.14462618,0.0,0.0,1.0,1.0,377.1054273111934,375.6910050584617,15.523923692034131,382.3080376734258,0.0413206391035527,1.062650367691536e-06,6.509160381727451e-10,1.7410516278104522e-14,1.742987702294068e-09,0.1628102346244082,0.0029628653411075,0.0247481867596273,8.414941927764911e-07,8.18603735691896e-10,2.3913140766389963e-10,1.9934206363671027e-10,1.898505055746998e-07,4.173030044594649e-07,6.548337951097987e-07,0.9962492830279664,0.9863915633155116,0.7606474353058031,1e-07,1e-07,3.363080437566702,52.152923799359655,375.6910050584617,167.67461632870865,-208.01638872975303,48.351457590636194,12569.0,152,5,2004,374.6296195113923,1.061385547069392
15,15,15,155,2004-10-31,373.0220206555671,9.0,1.0,4.0,1.0,1.0,3.0,1.0,34.4509209157128,16.135853277835587,0.0,0.0,409.1785092760517,10123.225640460283,67.25394570296034,0.0,0.0,27792.47738091377,0.0,0.0,83.14462618,0.0,0.0,1.0,1.0,366.4006167399131,365.0963708733976,13.260241938593246,373.0220206555671,0.0363200732650295,1.175709033094038e-06,7.709627506376061e-10,2.6235238759220068e-14,1.969702744156538e-09,0.1387573511221295,0.002757692188677,0.0246990725952366,9.205237550909084e-07,1.0186046160756187e-09,2.8652683509306124e-10,2.7927357996953513e-10,2.24215849601154e-07,4.2297695401649243e-07,6.575780885417294e-07,0.9964403774233828,0.9822495523007784,0.7461740406722741,1e-07,1e-07,3.327077575442248,52.20537773152966,365.0963708733976,364.253748074922,-0.8426227984756544,53.04000600881688,12722.0,305,10,2004,367.6267967734878,-2.530425900090222
16,16,16,165,2005-08-31,371.1037717718447,9.0,1.0,4.0,1.0,1.0,3.0,1.0,34.381273543689325,16.57829126213592,0.0,0.0,408.3512974889043,10102.760118972956,67.11798241222911,0.0,0.0,27736.29098704817,0.0,0.0,83.14462618,0.0,0.0,1.0,1.0,364.318447704006,363.0287061285993,13.024276411449437,371.1037717718446,0.0358760933649588,1.1868241334737358e-06,7.827071723484232e-10,2.7404337184999264e-14,1.992489051477239e-09,0.1363269782497673,0.0027322016936284,0.0246673862383715,9.27598751752789e-07,1.045287222154873e-09,2.919434797650412e-10,2.904356977807512e-10,2.2812922927949853e-07,4.217261967259507e-07,6.550508488944514e-07,0.9964598821832356,0.9817162055039904,0.7443900898792022,1e-07,1e-07,4.269058713592233,54.03806288834952,363.0287061285993,382.2960848300971,19.267378701497734,119.25197566516148,13026.0,243,8,2005,362.9043474054969,0.12435872310243212
17,17,17,168,2005-11-30,383.138743902439,9.0,1.0,4.0,1.0,1.0,3.0,1.0,34.73265853658537,10.931869918699189,0.0,0.0,412.5247472473868,10206.012789009295,67.8039445463295,0.0,0.0,28019.7626391108,0.0,0.0,83.14462618,0.0,0.0,1.0,1.0,378.2945387001117,376.8555643509476,16.064667315801227,383.138743902439,0.0426280894539269,1.0406686360161184e-06,6.339775350559881e-10,1.5755312838717014e-14,1.703612089313929e-09,0.1729259200094935,0.0030656657602149,0.0248758953112471,8.28379979914541e-07,7.638930766928152e-10,2.2844666491405118e-10,1.808805937886688e-10,1.815469918294343e-07,4.277753255518127e-07,6.717495283505973e-07,0.9961961567927148,0.9873565247648508,0.7666871969953701,1e-07,1e-07,3.24579674796748,53.74913008130081,376.8555643509476,385.6485398373984,8.792975486450812,132.41401720263198,13117.0,334,11,2005,374.58127043167514,2.274293919272452
18,18,18,169,2005-12-31,383.1605876494024,9.0,1.0,4.0,1.0,1.0,3.0,1.0,34.5669641434263,11.14937583001328,0.0,0.0,410.55677126920887,10157.324345138311,67.48048144506528,0.0,0.0,27886.09254984717,0.0,0.0,83.14462618,0.0,0.0,1.0,1.0,378.24429639111423,376.8095246459618,15.966082150567887,383.1605876494024,0.0423715682122543,1.0448676670823488e-06,6.370110678799385e-10,1.6071302324943126e-14,1.710975240709852e-09,0.170723858921134,0.0030434446672827,0.0248483529585819,8.308754566119594e-07,7.750376838560426e-10,2.3052803059578166e-10,1.84452534544714e-10,1.8317934972130165e-07,4.253055595409702e-07,6.677937770177147e-07,0.9962067659919956,0.9871691112985296,0.7653869230684933,1e-07,1e-07,5.059524568393094,54.66676892430279,376.8095246459618,375.03281168658697,-1.77671295937479,152.75086322079824,13148.0,365,12,2005,378.6693614834556,-1.8598368374937877
21,21,21,173,2006-04-30,387.8336407709751,9.0,1.0,4.0,1.0,1.0,3.0,1.0,35.02970873786408,6.884136054421769,0.0,0.0,416.05285492371706,10293.299460429364,68.38383610152854,0.0,0.0,28259.40096460674,0.0,0.0,83.14462618,0.0,0.0,1.0,1.0,383.7074234398542,382.19964155208766,17.676484080228633,387.8336407709751,0.0462493155969368,9.78200528798177e-07,5.775532859792954e-10,1.2237339653835716e-14,1.5878609536972655e-09,0.1941470706259987,0.0032398645668563,0.0249252759085925,7.845564351174293e-07,6.598404276695868e-10,2.0386124082985727e-10,1.4589181504478123e-10,1.6287659651738056e-07,4.320394404923257e-07,6.809807780912796e-07,0.9959902811827296,0.9893196261598232,0.7772023387348748,1e-07,1e-07,4.894613605442177,54.36588843537415,382.19964155208766,310.4404718367347,-131.8634337850974,126.74053034328718,13268.0,120,4,2006,381.6901968022859,0.5094447498017303
22,22,22,174,2006-05-31,387.7636396756329,9.0,1.0,4.0,1.0,1.0,3.0,1.0,34.9318487394958,9.735149920886077,0.0,0.0,414.8905577430973,10264.54380402526,68.19279705694527,0.0,0.0,28180.454692087613,0.0,0.0,83.14462618,0.0,0.0,1.0,1.0,383.342631821516,381.8630369704141,16.8729027182998,387.7636396756329,0.0441856321486104,1.0130061545837973e-06,6.089970411293101e-10,1.4089089702938958e-14,1.6521842320903479e-09,0.18238357080362,0.0031463537107412,0.024912066369426,8.092448450885411e-07,7.148240525668281e-10,2.1721175290137207e-10,1.6424505823087315e-10,1.730228806833462e-07,4.30713148199817e-07,6.774800509169153e-07,0.9961361952012792,0.98827486606979,0.7716022798869083,9.999999999999998e-08,9.999999999999998e-08,4.903737856012658,54.38126910601266,381.8630369704141,297.41143833069617,-93.32631344100228,128.05072595437386,13299.0,151,5,2006,378.95979707326234,2.9032398971517637
25,25,25,177,2006-08-31,373.72728443017655,9.0,1.0,4.0,1.0,1.0,3.0,1.0,34.5,18.912006420545747,0.0,0.0,409.7614285714286,10137.64727655187,67.34975626424773,0.0,0.0,27832.07078810498,0.0,0.0,83.14462618,0.0,0.0,1.0,1.0,366.9204599790503,365.66668480815406,12.083270214583836,373.72728443017655,0.0330443995042673,1.2642955037026655e-06,8.727032409791361e-10,3.5787544442680914e-14,2.157458269698293e-09,0.1222714614094621,0.0025961565330905,0.0245546086528883,9.79759989446418e-07,1.212252970139298e-09,3.2825172037892326e-10,3.6418819147606127e-10,2.536877075041304e-07,4.225505153133149e-07,6.517076320285001e-07,0.996562128793527,0.97819539894171,0.7339218964249998,1e-07,1e-07,4.885844831460674,54.581983146067415,365.66668480815406,401.5476011235955,4.436065191845984,148.7188957900791,13391.0,243,8,2006,365.0864050797056,0.5802797284484313
41,41,41,197,2008-04-30,392.0218280265819,9.0,1.0,4.0,1.0,1.0,3.0,1.0,34.80762304250559,7.54495405952037,0.0,0.0,413.41511139341645,10228.040722901476,67.95028776958159,0.0,0.0,28080.2385068026,0.0,0.0,83.14462618,0.0,0.0,1.0,1.0,388.0264075983566,386.4968499779952,18.045602061331824,392.0218280265819,0.0466901487945059,9.702166313727442e-07,5.690275749509714e-10,1.1895936815472354e-14,1.572256294518722e-09,0.1951482208344654,0.0032424459578662,0.0248939277141606,7.783941138904159e-07,6.532424242058851e-10,2.0136234550575438e-10,1.4308354139491022e-10,1.610714364036265e-07,4.287034598032144e-07,6.762037231413583e-07,0.9960249064940409,0.9894924989902352,0.7774181413453283,1.0000000000000001e-07,1.0000000000000001e-07,4.989621207743427,54.85562785322161,386.4968499779952,284.22249849754405,-98.48100624197724,173.8655331046662,13999.0,121,4,2008,385.9325187460672,0.5643312319280085
42,42,42,198,2008-05-31,391.3888449751244,9.0,1.0,4.0,1.0,1.0,3.0,1.0,34.82913368983957,11.584121393034824,0.0,0.0,413.67059642475175,10234.361515810526,67.99228014219115,0.0,0.0,28097.591720115564,0.0,0.0,83.14462618,0.0,0.0,1.0,1.0,387.4834672255837,385.9835365763609,17.19223145696387,391.3888449751244,0.0445412546202296,1.0063300657034966e-06,6.021319482347091e-10,1.3744962939648915e-14,1.639245240541132e-09,0.1836847674246939,0.0031544160123268,0.0248987818257621,8.042829565396368e-07,7.06913407810509e-10,2.1486861791313742e-10,1.6119288694023703e-10,1.7130437999572705e-07,4.2916424105054393e-07,6.754024489914463e-07,0.9962268578036558,0.9884515144420004,0.7721436826284434,1.0000000000000001e-07,1.0000000000000001e-07,4.8726527363184085,54.74053897180763,385.9835365763609,284.7264550580431,-69.23133871539831,165.02219610311613,14030.0,152,5,2008,383.1812108469251,2.802325729435779
53,53,53,210,2009-05-31,392.1869461979914,9.0,1.0,4.0,1.0,1.0,3.0,1.0,34.15148161764706,11.2412087517934,0.0,0.0,405.6220259558824,10035.236945256547,66.66939023221641,0.0,0.0,27550.91170727591,0.0,0.0,83.14462618,0.0,0.0,1.0,1.0,386.4217520306379,384.975602245611,15.807404367599071,392.1869461979914,0.041060754590071,1.0681645106903918e-06,6.57162858554512e-10,1.7724523474707e-14,1.7541390747856291e-09,0.1620435373843231,0.0029593294325544,0.0247632666417893,8.45664185075238e-07,8.241630563660981e-10,2.410483410245195e-10,2.0187292580182647e-10,1.9121139771435682e-07,4.191725468472705e-07,6.574353321108619e-07,0.9962106646060828,0.9862462900471546,0.7603422428449886,1e-07,1e-07,5.204193041606887,53.82740236728838,384.975602245611,255.2225973816356,-119.30558110590512,63.77845014957058,14395.0,151,5,2009,385.3463381533579,-0.370735907746905
57,57,57,214,2009-09-30,378.2641964187328,9.0,1.0,4.0,1.0,1.0,3.0,1.0,34.48708312342569,17.7885608815427,0.0,0.0,409.60801298308746,10133.851718910564,67.32454036601658,0.0,0.0,27821.65039902737,0.0,0.0,83.14462618000002,0.0,0.0,1.0,1.0,371.459099784014,370.1604237643568,12.893520209112074,378.2641964187328,0.0348283770437944,1.2148943873586868e-06,8.15214277383884e-10,3.023035862315465e-14,2.0518157017563703e-09,0.1313163287913756,0.0026861087597241,0.0246416297321887,9.46893997087837e-07,1.101666396364624e-09,3.0464780987268046e-10,3.1501791666674994e-10,2.3708708100503893e-07,4.230373190235389e-07,6.554054153484461e-07,0.9965134086464176,0.9805188133541596,0.7408104211596677,1e-07,1e-07,5.235687988980716,53.738576033057846,370.1604237643568,408.12618991735536,44.510721575693545,53.938646336151294,14517.0,273,9,2009,372.6501842675413,-2.4897605031845274
58,58,58,227,2010-10-31,390.4936375,9.0,1.0,4.0,1.0,1.0,3.0,1.0,33.490125,13.571125,0.0,0.0,397.7669989285714,9840.90071007628,65.3783117683823,0.0,0.0,27017.37767253577,0.0,0.0,83.14462618,0.0,0.0,1.0,1.0,384.6166530167261,383.2023203211595,15.125697468944242,390.4936375,0.039471827800852,1.0981280516721926e-06,6.8262883534641e-10,2.010498793790229e-14,1.809718255668757e-09,0.1508251768772236,0.0028459322411377,0.0246312006729256,8.643145940928534e-07,8.962704035834802e-10,2.5527924781013227e-10,2.2706844823581752e-10,2.020696174278783e-07,4.090529971546632e-07,6.405555201260083e-07,0.996322747246396,0.9849498585643656,0.7534164139178544,1e-07,1e-07,3.5241875,51.93425,383.2023203211595,373.45725,-9.745070321159524,26.7426957790794,14913.0,304,10,2010,380.36746061272146,2.834859708438046
59,59,59,230,2011-01-31,395.1507718411552,9.0,1.0,4.0,1.0,1.0,3.0,1.0,33.10159711191336,4.952590108303249,0.0,0.0,393.1523976977824,9726.733791626251,64.61984050564323,0.0,0.0,26703.94185559721,0.0,0.0,83.14462618,0.0,0.0,1.0,1.0,391.8090966818321,390.19729748033535,20.65593473573808,395.1507718411552,0.0529343688079579,8.758137082500958e-07,4.805969722896973e-10,8.377013064224993e-15,1.3975804886674054e-09,0.2162369586559098,0.0033552015387091,0.0246080199075161,7.067703903061236e-07,5.562270216931743e-10,1.714995465881831e-10,1.1008377844680779e-10,1.3857613885875488e-07,4.035986323812286e-07,6.414725814723611e-07,0.9958863404372406,0.9915431908869324,0.7838219289933118,1e-07,1e-07,4.54183321299639,53.10585270758123,390.19729748033535,347.8943249097473,-42.302972570588025,20.574161572003067,15005.0,31,1,2011,392.2075845383853,-2.0102870580499257
60,60,60,235,2011-06-30,391.569899469496,9.0,1.0,4.0,1.0,1.0,3.0,1.0,34.36607161803713,15.060794429708222,0.0,0.0,408.1707420462296,10098.293111431323,67.08830571694153,0.0,0.0,27724.02718789261,0.0,0.0,83.14462618,0.0,0.0,1.0,1.0,385.0770007502384,383.68744611795967,14.402473144665857,391.569899469496,0.0375363846029641,1.146222929081165e-06,7.384042141298112e-10,2.3639457928251527e-14,1.909152559995769e-09,0.1446773054095851,0.002810965048596,0.0247251524893852,9.002523932224992e-07,9.635401651750982e-10,2.73633441795096e-10,2.5611127101065416e-10,2.149749052869199e-07,4.21852701530801e-07,6.57462001651131e-07,0.9963915155514136,0.9834182585448098,0.7500481249639986,1.0000000000000001e-07,1.0000000000000001e-07,4.551449602122016,54.25460424403183,383.68744611795967,381.4977106100796,-2.189735507880081,126.18728837561818,15155.0,181,6,2011,385.9162068312674,-2.228760713307736
61,61,61,236,2011-07-31,389.5655608695652,9.0,1.0,4.0,1.0,1.0,3.0,1.0,34.95155652173913,13.845917391304347,0.0,0.0,415.12462988819874,10270.33483431471,68.231269936093,0.0,0.0,28196.353486014366,0.0,0.0,83.14462618,0.0,0.0,1.0,1.0,383.6015353400037,382.19586617637617,14.835251129703613,389.5655608695652,0.0388158324337858,1.1194977060319465e-06,7.141347521380226e-10,2.1138667086541483e-14,1.8577954152380403e-09,0.1538002383915354,0.0029078055435702,0.0248554096061728,8.840137750672218e-07,8.948149817519086e-10,2.6028483261201155e-10,2.3051693173726788e-10,2.0495674456131613e-07,4.309112814542009e-07,6.726633279710111e-07,0.9963356008350536,0.9846905729738364,0.7561413967035383,1e-07,1e-07,3.6243,56.49539565217391,382.19586617637617,378.8490565217391,-3.3468096546370654,251.1400767670092,15186.0,212,7,2011,381.14491299990675,1.0509531764694202
62,62,62,239,2011-10-31,387.63195128205126,9.0,1.0,4.0,1.0,1.0,3.0,1.0,34.505136094674555,15.48973372781065,0.0,0.0,409.8224307016061,10139.15649151389,67.35978277800082,0.0,0.0,27836.2142127588,0.0,0.0,83.14462618,0.0,0.0,1.0,1.0,381.0280744993385,379.6606160493666,14.05467020140536,387.63195128205126,0.0370187879879698,1.1590576316452271e-06,7.529968374247664e-10,2.4674924622331823e-14,1.9356351445981353e-09,0.1425664564170583,0.0027949374232014,0.0247335654574451,9.095252377781992e-07,9.844380993291946e-10,2.7886568892820587e-10,2.6493062951134476e-10,2.1868617116597893e-07,4.2385834474434573e-07,6.59813292354784e-07,0.996411145932666,0.9829635939087104,0.7487594474850289,1e-07,1e-07,6.237299999999999,55.77112662721894,379.6606160493666,417.9878124260355,38.32719637666891,119.08959399012328,15278.0,304,10,2011,382.46193675209366,-2.8013207027270823
63,63,63,240,2011-11-30,394.66624932659937,9.0,1.0,4.0,1.0,1.0,3.0,1.0,33.63672777777778,12.151646144781145,0.0,0.0,399.5082210634921,9883.979181116105,65.66450485101986,0.0,0.0,27135.646046125454,0.0,0.0,83.14462618,0.0,0.0,1.0,1.0,389.2384739754245,387.7806528500967,16.015935935392736,394.6662493265993,0.0412995317411787,1.0626295290324215e-06,6.49299155576191e-10,1.7653986625935472e-14,1.742178710866282e-09,0.1605116025868536,0.0029338239637975,0.024685591504769,8.404235001454656e-07,8.292423396785283e-10,2.4026113645136484e-10,2.0253052409102848e-10,1.9081224487867695e-07,4.114934535237225e-07,6.45941248314663e-07,0.99625475391328,0.9862471365200378,0.7589824925198267,1e-07,1e-07,4.576119023569024,53.10691750841751,387.7806528500967,385.9272713804714,-1.853381469625304,19.220174305818617,15308.0,334,11,2011,387.33412725133644,0.44652559876027453
64,64,64,246,2012-05-31,399.05392868605816,9.0,1.0,4.0,1.0,1.0,3.0,1.0,34.61192076228686,9.450268806419258,0.0,0.0,411.09072745379,10170.534616000768,67.56824426601379,0.0,0.0,27922.360254152125,0.0,0.0,83.14462618,0.0,0.0,1.0,1.0,394.4834970471088,392.953892782744,17.602485821067027,399.05392868605816,0.0447949826333647,1.0011546237971671e-06,5.961369710741106e-10,1.3532388742679261e-14,1.628812782770753e-09,0.1837948200161013,0.0031500150098757,0.0248673232635836,8.000809437165936e-07,7.040035559136976e-10,2.133978872637108e-10,1.5970140124027643e-10,1.7028373264489737e-07,4.259502194756581e-07,6.707274044777523e-07,0.9961225235849802,0.9885467872652032,0.7719715064815058,1e-07,1e-07,4.158799699097292,53.29182136409228,392.953892782744,312.2261311935808,-80.72776158916315,53.32825831923253,15491.0,152,5,2012,391.73280218245793,1.221090600286061
65,65,65,251,2012-10-31,393.2424333333333,9.0,1.0,4.0,1.0,1.0,3.0,1.0,35.08562045977012,15.07635528735632,0.0,0.0,416.7169264321839,10309.728831887567,68.49298511146146,0.0,0.0,28304.506442924816,0.0,0.0,83.14462618,0.0,0.0,1.0,1.0,386.72385967840086,385.32872360127857,14.39394631265492,393.2424333333333,0.0373549758056995,1.1536367753171162e-06,7.51176791482299e-10,2.3898160811529282e-14,1.926979815156975e-09,0.1466811367460001,0.0028467498789849,0.024840228833683,9.079357693120088e-07,9.55295009712901e-10,2.747101865636925e-10,2.550631736361357e-10,2.1535466151267977e-07,4.327779439833491e-07,6.736859409333066e-07,0.996392423156828,0.9834235241296037,0.751753432058959,1e-07,1e-07,2.8818098965517245,52.7927456321839,385.32872360127857,423.5548275862069,38.22610398492831,78.91624827612453,15644.0,305,10,2012,384.72997944455284,0.5987441567257292
66,66,66,252,2012-11-30,397.6589857142857,9.0,1.0,4.0,1.0,1.0,3.0,1.0,34.41283571428572,9.507419285714288,0.0,0.0,408.7261658979592,10112.034500213204,67.17959703532587,0.0,0.0,27761.753032447163,0.0,0.0,83.14462618,0.0,0.0,1.0,1.0,393.087973672104,391.5649419496553,17.523918984623425,397.6589857142857,0.0447535375669744,1.000928407137807e-06,5.945836651281109e-10,1.3558225165098703e-14,1.6274614716950835e-09,0.1824590126103975,0.0031349805567783,0.0248395539863969,7.994821399154051e-07,7.084554031522376e-10,2.1372565374396308e-10,1.6058138924503835e-10,1.706317082638094e-07,4.229714122766333e-07,6.661908457976616e-07,0.996125468768482,0.9885051962646056,0.7711558858491193,1e-07,1e-07,2.508544142857143,53.49260142857143,391.5649419496553,414.7754857142857,23.210543764630447,98.53559009974668,15674.0,335,11,2012,389.58372764802897,1.9812143016263235
67,67,67,253,2012-12-31,397.6248938461538,9.0,1.0,4.0,1.0,1.0,3.0,1.0,35.09729673076923,10.852530307692309,0.0,0.0,416.8556071708791,10313.159843971463,68.515779140617,0.0,0.0,28313.92600237376,0.0,0.0,83.14462618,0.0,0.0,1.0,1.0,392.62543893762887,391.1304316042376,16.680681097956708,397.6248938461538,0.0426473211082527,1.0417534182801648e-06,6.3733433852593e-10,1.5710795301692932e-14,1.7071949437064107e-09,0.1749713585710336,0.0030908624149987,0.0249294565672953,8.300502208557187e-07,7.56226155542755e-10,2.2801551092436987e-10,1.7927730826119256e-10,1.8104799152326722e-07,4.332470662167729e-07,6.800576657095789e-07,0.99619228250142,0.987426703230259,0.7680557527818077,1e-07,1e-07,2.810890684615385,52.711824038461536,391.1304316042376,391.9181376923077,0.7877060880700775,72.59830824689311,15705.0,366,12,2012,393.6629661941515,-2.5325345899139506
68,68,68,263,2013-10-31,397.3148013824885,9.0,1.0,4.0,1.0,1.0,3.0,1.0,33.73423963133641,15.09383870967742,0.0,0.0,400.6663832784727,9912.632536961324,65.85486425884734,0.0,0.0,27214.31146093482,0.0,0.0,83.14462617999999,0.0,0.0,1.0,1.0,390.7164673488006,389.3072399236265,14.6452362177663,397.3148013824885,0.0376187094987986,1.1406112045077644e-06,7.282112626928725e-10,2.3426586188491122e-14,1.895293984595365e-09,0.1425892169473096,0.0027763393469734,0.0246198530798231,8.939510351051177e-07,9.698479322698955e-10,2.7302221800332256e-10,2.572167208775817e-10,2.1489305897293525e-07,4.1243812464542e-07,6.435227755772562e-07,0.9963932223869192,0.9833926800270852,0.748402360369437,1e-07,1e-07,2.802892165898618,51.64105069124424,389.3072399236265,385.0263092165899,-4.280930707036642,41.23596158311558,16009.0,304,10,2013,386.8245357985043,2.4827041251222113
69,69,69,267,2014-02-28,403.5156120192308,9.0,1.0,4.0,1.0,1.0,3.0,1.0,34.627370192307694,8.827685096153846,0.0,0.0,411.2742225412088,10175.07435142613,67.59840413112464,0.0,0.0,27934.82372168765,0.0,0.0,83.14462618,0.0,0.0,1.0,1.0,399.0833509425986,397.5233270590021,18.18313123426756,403.51561201923073,0.0457407198492698,9.8529245072477e-07,5.817672427101673e-10,1.2704287517100796e-14,1.599483658182048e-09,0.1888995048014844,0.0031902525782947,0.0248699533686724,7.888138123427863e-07,6.795421670563198e-10,2.07378837763443e-10,1.5147966375731507e-10,1.6571182342533766e-07,4.26135974535379e-07,6.716741578128299e-07,0.9960909923682932,0.9890158882753712,0.7743767362230533,9.999999999999998e-08,9.999999999999998e-08,3.1673528846153847,51.94326923076923,397.5233270590021,384.7691451923077,-12.754181866694315,47.33748159001288,16129.0,59,2,2014,400.018059722832,-2.4947326638298932
70,70,70,268,2014-03-31,403.8007794117647,9.0,1.0,4.0,1.0,1.0,3.0,1.0,34.07961764705882,8.893326470588235,0.0,0.0,404.76848731092434,10014.120087699564,66.52909977125124,0.0,0.0,27492.9371241882,0.0,0.0,83.14462618,0.0,0.0,1.0,1.0,399.34667097699406,397.78700019357626,18.207442070817017,403.8007794117647,0.0457718312739246,9.822841125015528e-07,5.756144932997941e-10,1.2666405497126916e-14,1.5915963299503923e-09,0.1859282992750614,0.0031542707784815,0.0247923077937495,7.854327025319832e-07,6.874825217398641e-10,2.0740423963556567e-10,1.5269401397403472e-10,1.65984597154279e-07,4.180253711294486e-07,6.594479681100852e-07,0.9960944441576096,0.988969539770386,0.7724601994625371,1e-07,1e-07,2.81585,51.51452941176471,397.78700019357626,267.0214,-130.76560019357626,29.74928094252296,16160.0,90,3,2014,400.1178501455967,-2.3308499520204577
71,71,71,269,2014-04-30,404.2986786407767,9.0,1.0,4.0,1.0,1.0,3.0,1.0,35.02209223300971,9.863565210355986,0.0,0.0,415.9623926074896,10291.061389713605,68.36896741325239,0.0,0.0,28253.256526859936,0.0,0.0,83.14462618,0.0,0.0,1.0,1.0,399.5395571964936,397.99864027941135,17.54235511030581,404.2986786407767,0.0440762741134757,1.0153323443654984e-06,6.117871294942161e-10,1.4196160267672135e-14,1.656962561057232e-09,0.1822713919756517,0.003147644564294,0.024924790258351,8.111160098411524e-07,7.161170559661672e-10,2.1790346643053183e-10,1.6498039119166143e-10,1.734982189158815e-07,4.320786440923444e-07,6.794646555000492e-07,0.9961432731081068,0.9882286823960325,0.7716358020452754,1e-07,1e-07,2.976827508090615,52.41000145631068,397.99864027941135,281.69103948220067,-116.30760079721072,82.40620008350078,16190.0,120,4,2014,398.79337947335154,-0.7947391939401882
72,72,72,272,2014-07-31,394.9097653179191,9.0,1.0,4.0,1.0,1.0,3.0,1.0,33.092601156069364,17.82271098265896,0.0,0.0,393.04555144508674,9724.090376343302,64.60227889887636,0.0,0.0,26696.68457792021,0.0,0.0,83.14462618,0.0,0.0,1.0,1.0,387.1034121923394,385.7543806617506,13.434647668136806,394.9097653179191,0.034826898308849,1.2063271916440646e-06,7.955255723304883e-10,3.0119376708644064e-14,2.0281778843191562e-09,0.1265022133734218,0.0026051571739274,0.0243909429838173,9.347443421282792e-07,1.1266212113145875e-09,3.053141589632619e-10,3.2261351793134164e-10,2.384444572123199e-07,4.0196422127505933e-07,6.240929982359178e-07,0.9965150639943036,0.9802325639890648,0.7369067981957472,1.0000000000000001e-07,1.0000000000000001e-07,5.038497109826589,56.36842196531792,385.7543806617506,381.2855936416185,-4.468787020132084,191.19700383811124,16282.0,212,7,2014,387.5173741872735,-1.7629935255229157
73,73,73,273,2014-08-31,389.42668658049456,9.0,1.0,4.0,1.0,1.0,3.0,1.0,34.13875822000808,18.20739652753467,0.0,0.0,405.470908344496,10031.498240403702,66.64455203714863,0.0,0.0,27540.647402819293,0.0,0.0,83.14462618,0.0,0.0,1.0,1.0,381.5438066891759,380.2205256231525,13.022101385456828,389.42668658049456,0.034248728672425,1.2279241437333778e-06,8.27635183065344e-10,3.1799659089880974e-14,2.077938394391801e-09,0.1271884190773919,0.002637085802583,0.0245511077035476,9.538704675940102e-07,1.1397854283567935e-09,3.119464569081775e-10,3.3123367249148513e-10,2.424777234004521e-07,4.1764364037845146e-07,6.465188390743915e-07,0.9965317752415735,0.9797577875404956,0.7377002253002589,1e-07,1e-07,2.7673376044163187,51.74441688882904,380.2205256231525,410.8192703200036,30.59874469685112,51.97135880273021,16313.0,243,8,2014,382.18958775077095,-1.9690621276184288
74,74,74,274,2014-09-30,389.8876922867064,9.0,1.0,4.0,1.0,1.0,3.0,1.0,33.73632362847222,18.12300553199405,0.0,0.0,400.6911352101686,9913.244908784172,65.85893256896772,0.0,0.0,27215.992677045146,0.0,0.0,83.14462618,0.0,0.0,1.0,1.0,382.036781622582,380.7104060640599,13.098200971347948,389.8876922867064,0.0344046083675332,1.2215821270955978e-06,8.170945649868313e-10,3.132607638404076e-14,2.062551693116759e-09,0.1265350968425942,0.0026215846335939,0.0244911183193774,9.480465017890084e-07,1.1406768484408122e-09,3.102373642740491e-10,3.2952784806813517e-10,2.41548914646465e-07,4.114539575362153e-07,6.375018502803312e-07,0.996528147940757,0.9798636485839972,0.7371347407083121,1e-07,1e-07,2.98556649578373,51.58594440848214,380.7104060640599,452.0907501488096,71.38034408474964,30.112265350921227,16343.0,273,9,2014,383.2928584643715,-2.582452400311581
75,75,75,275,2014-10-31,398.32252199661593,9.0,1.0,4.0,1.0,1.0,3.0,1.0,34.72193467889908,15.903120727580374,0.0,0.0,412.3973784576671,10202.861638671107,67.7830097868691,0.0,0.0,28011.111416900767,0.0,0.0,83.14462618,0.0,0.0,1.0,1.0,391.6139243986031,390.2144634625837,14.281951614549802,398.3225219966159,0.0365995855717318,1.170246597530883e-06,7.666553405572032e-10,2.5569591564859187e-14,1.959378162510189e-09,0.1412331910384615,0.002787796587391,0.0247569631453863,9.179717064372108e-07,9.997406487436288e-10,2.831860654948108e-10,2.7191040221048697e-10,2.216704155150173e-07,4.270852672679663e-07,6.64097974261576e-07,0.9964299112984926,0.9825995148522434,0.7479843997343498,1e-07,1e-07,2.793852439932318,52.00567027072758,390.2144634625837,429.88359610829104,45.05539984016867,67.9061165731479,16374.0,304,10,2014,388.91905194825455,1.295411514329146
76,76,76,276,2014-11-30,400.5106707419018,9.0,1.0,4.0,1.0,1.0,3.0,1.0,33.84654170323929,14.812571285266458,0.0,0.0,402.0002110296164,9945.63192227661,66.07409664060471,0.0,0.0,27304.90853962618,0.0,0.0,83.14462618,0.0,0.0,1.0,1.0,393.9743227175172,392.5481777997424,14.888965566835944,400.5106707419018,0.0379275169963897,1.1342889418942534e-06,7.223493264545689e-10,2.2869126783137275e-14,1.883108972460746e-09,0.1446340664350254,0.0027976477400017,0.0246469125597155,8.900616483883338e-07,9.549376483145447e-10,2.6996292846033335e-10,2.515390683978941e-10,2.126016402886622e-07,4.141518573256985e-07,6.464462535171966e-07,0.99638017342476,0.9836789242211662,0.7497395470226208,1e-07,1e-07,2.603297661442006,51.58002637408568,392.5481777997424,440.7332960292581,48.185118229515695,43.28495696488637,16404.0,334,11,2014,393.78511669388814,-1.2369388941457373
77,77,77,281,2015-04-30,406.1815077634012,9.0,1.0,4.0,1.0,1.0,3.0,1.0,33.75580979667283,7.012691016635859,0.0,0.0,400.9225752136256,9918.97081892879,65.89697282052815,0.0,0.0,27231.71268900886,0.0,0.0,83.14462618,0.0,0.0,1.0,1.0,402.2377484602218,400.6277013614874,19.59547808485277,406.1815077634011,0.0489117568307108,9.313413199351416e-07,5.29341866521813e-10,1.0368161794638342e-14,1.4979043879915741e-09,0.2007979200555129,0.0032573359898338,0.0247253605282653,7.47769979383922e-07,6.179681655179025e-10,1.8951611006381062e-10,1.3029871957463914e-10,1.5239981357830213e-07,4.1334404128143714e-07,6.544377749392756e-07,0.9959972855512356,0.990290588256408,0.7786174233651656,1e-07,1e-07,4.172115896487985,53.63535378927912,400.6277013614874,299.53762550831794,-101.0900758531695,83.56910689511756,16555.0,120,4,2015,400.9478782405111,-0.320176879023677
78,78,78,282,2015-05-31,406.1862660714286,9.0,1.0,4.0,1.0,1.0,3.0,1.0,34.164289732142855,9.708564285714289,0.0,0.0,405.7741497614796,10039.000543721366,66.69439380872356,0.0,0.0,27561.24435508197,0.0,0.0,83.14462618,0.0,0.0,1.0,1.0,401.4452734604793,399.89375311468353,17.814248021542088,406.1862660714286,0.0445463490511714,1.0038453061060052e-06,5.960087425580465e-10,1.3833490404763722e-14,1.6321881025692155e-09,0.1801695105478275,0.003109397944113,0.0247968735679796,8.007280736685591e-07,7.191628152245411e-10,2.1554655761027606e-10,1.6405676835678484e-10,1.721009928425047e-07,4.193204153426814e-07,6.605194090379836e-07,0.996135205786273,0.988327890316995,0.7697081587710078,1e-07,1e-07,4.013388839285715,53.711625000000005,399.89375311468353,290.69188147321427,-109.20187164146924,96.09458505590712,16586.0,151,5,2015,398.2279528164562,1.6658002982273388
79,79,79,283,2015-06-30,401.4165378861789,9.0,1.0,4.0,1.0,1.0,3.0,1.0,34.1704306504065,14.378940065040652,0.0,0.0,405.847086324971,10040.805020918784,66.7063819057756,0.0,0.0,27566.19839774336,0.0,0.0,83.14462618,0.0,0.0,1.0,1.0,395.04126662273376,393.6032590705381,15.107583733856142,401.4165378861789,0.0383797791212558,1.1261764958307975e-06,7.161538617519915e-10,2.2092226816621533e-14,1.86829509292925e-09,0.148207399806739,0.0028381651734518,0.0247141733070366,8.858257709338145e-07,9.31043939056766e-10,2.655167841160493e-10,2.427020816153391e-10,2.0917131675645762e-07,4.190370549767732e-07,6.542418445618163e-07,0.996359974295671,0.9841164861499752,0.7521382678385397,9.999999999999998e-08,9.999999999999998e-08,2.962800382113821,52.09076276422764,393.6032590705381,386.6249211382114,-6.978337932326762,68.67255018205086,16616.0,181,6,2015,394.4677981668005,-0.8645390962623765
80,80,80,284,2015-07-31,396.05094738219896,9.0,1.0,4.0,1.0,1.0,3.0,1.0,33.75294782722513,17.257923246073297,0.0,0.0,400.88858319364255,9918.129843949744,65.89138577865167,0.0,0.0,27229.40386187084,0.0,0.0,83.14462618,0.0,0.0,1.0,1.0,388.48524156736937,387.1216020858243,13.6644479695912,396.05094738219896,0.0352961244865633,1.198444632874173e-06,7.91399651323473e-10,2.897035135870361e-14,2.014388569634373e-09,0.1311292394419905,0.0026664864196708,0.0245309009896848,9.325972777971816e-07,1.090235933803157e-09,2.9945144402941916e-10,3.081677200505965e-10,2.338521440679417e-07,4.1202431883519857e-07,6.397050341435388e-07,0.9964899167208155,0.9808970333923068,0.7404358777121955,1e-07,1e-07,2.947426222513089,52.448994345549735,387.1216020858243,451.4026117801047,64.28100969428036,80.04341949345776,16647.0,212,7,2015,389.69650433543956,-2.5749022496152634
81,81,81,285,2015-08-31,390.9034941558442,9.0,1.0,4.0,1.0,1.0,3.0,1.0,34.488520740259744,17.202322831168832,0.0,0.0,409.62508776359925,10134.274155211504,67.32734683394048,0.0,0.0,27822.81016289669,0.0,0.0,83.14462618,0.0,0.0,1.0,1.0,383.4685604897932,382.1216468582854,13.45272619848878,390.9034941558441,0.0352049381771548,1.2048253349342637e-06,8.03644925864116e-10,2.9151812366588215e-14,2.0304732775982646e-09,0.1332238564243583,0.0027051292490985,0.0246602682720924,9.402283905603234e-07,1.079988014694942e-09,2.9988316800928156e-10,3.0539861869544493e-10,2.3371708875978085e-07,4.231539653274395e-07,6.56163170127157e-07,0.9964875707464192,0.9809808209195962,0.7422342190181744,1e-07,1e-07,4.203647823376624,54.54980476623377,382.1216468582854,412.19958337662337,30.07793651833799,166.05605987161906,16678.0,243,8,2015,384.3716348793873,-2.249988021101899
82,82,82,286,2015-09-30,395.7249440514469,9.0,1.0,4.0,1.0,1.0,3.0,1.0,34.431403054662375,16.605784501607715,0.0,0.0,408.94669285209005,10117.49041753501,67.21584358166918,0.0,0.0,27776.73180148224,0.0,0.0,83.14462618,0.0,0.0,1.0,1.0,388.48750037221697,387.11278279763445,13.866453587041436,395.7249440514469,0.03581960704742,1.1881093804857692e-06,7.842703617414617e-10,2.7423167198727453e-14,1.995055879295089e-09,0.1361642849544461,0.0027325184360531,0.0246773511791867,9.28791004872601e-07,1.0453745315202339e-09,2.9223537111404687e-10,2.9028616992094256e-10,2.283302616911799e-07,4.225040675023191e-07,6.561633705027917e-07,0.9964613968092026,0.981710038791886,0.7443733019289231,1e-07,1e-07,2.733051073954984,51.68577475884244,387.11278279763445,417.0941450160772,29.98136221844269,48.05984325759485,16708.0,273,9,2015,385.38392649069874,1.728856306935711
83,83,83,287,2015-10-31,398.5418796920116,9.0,1.0,4.0,1.0,1.0,3.0,1.0,34.408909788257944,15.5867435226179,0.0,0.0,408.6795371136808,10110.880887073974,67.17193297268581,0.0,0.0,27758.58588313952,0.0,0.0,83.14462618,0.0,0.0,1.0,1.0,391.7086443170769,390.3044914043704,14.41725285190671,398.5418796920116,0.0369348881246469,1.160607702186252e-06,7.541044964732888e-10,2.4882962312960988e-14,1.938525874880629e-09,0.1418033507117114,0.0027851178439235,0.024712600618758,9.101207647675306e-07,9.90443938014411e-10,2.799008825248153e-10,2.6733926874173745e-10,2.194810903698612e-07,4.224054741430176e-07,6.575373276585442e-07,0.9964154789467974,0.982850957309654,0.7481811167765132,1e-07,1e-07,2.8294923724735326,51.89656586140519,390.3044914043704,420.5675410972089,30.26304969283845,57.67746804117872,16739.0,304,10,2015,391.0135280876259,-0.7090366832554764
84,84,84,288,2015-11-30,401.4777292134832,9.0,1.0,4.0,1.0,1.0,3.0,1.0,34.51780468164794,14.119013258426966,0.0,0.0,409.9728973188871,10142.879090535003,67.3845139735043,0.0,0.0,27846.434299988607,0.0,0.0,83.14462618,0.0,0.0,1.0,1.0,395.2190240522475,393.7757943450592,15.194876933663291,401.4777292134831,0.0385875018823066,1.1226515824131636e-06,7.14552628119132e-10,2.157813861266537e-14,1.8623380369270887e-09,0.1506903812997715,0.0028697459403772,0.0247802628354939,8.847524465437429e-07,9.133230775602959e-10,2.6285385250361046e-10,2.363969069280081e-10,2.070646553751599e-07,4.243315466402831e-07,6.624815985571866e-07,0.9963482837245868,0.9844108006698604,0.7539754005158237,1e-07,1e-07,2.633537872659176,51.66507677902622,393.7757943450592,509.118738576779,115.34294423171984,50.56385276021991,16769.0,334,11,2015,395.885718586869,-2.1099242418098356
85,85,85,289,2015-12-31,405.5161546511628,9.0,1.0,4.0,1.0,1.0,3.0,1.0,33.989927906976746,10.706505279069768,0.0,0.0,403.7032294551496,9987.765219604558,66.35401043403583,0.0,0.0,27420.582017088745,0.0,0.0,83.14462618,0.0,0.0,1.0,1.0,400.4580606593922,398.9302432549082,17.212287290043427,405.5161546511628,0.0431452704984918,1.0281634665181813e-06,6.177376156282331e-10,1.5267090366403762e-14,1.677197437783998e-09,0.1718221056981029,0.0030381120516856,0.0247646715318042,8.174882943110462e-07,7.61942324697931e-10,2.2537950156519206e-10,1.7852820136606528e-10,1.795811705797888e-07,4.167635786938694e-07,6.555561606220996e-07,0.9961848556891444,0.9875266956653256,0.7654111707507655,9.999999999999998e-08,9.999999999999998e-08,4.468305813953489,53.844006744186046,398.9302432549082,413.0374804651163,14.107237210208126,94.64009505945944,16800.0,365,12,2015,399.9914604185307,-1.0612171636225298
86,86,86,290,2016-01-31,407.5637596958175,9.0,1.0,4.0,1.0,1.0,3.0,1.0,33.83803669201521,9.19785669201521,0.0,0.0,401.8991957963064,9943.132768541169,66.05749343964916,0.0,0.0,27298.04732007713,0.0,0.0,83.14462618,0.0,0.0,1.0,1.0,402.96059208716287,401.39273088082473,18.234887289048885,407.5637596958175,0.0454267414449686,9.88095417247538e-07,5.799413306332153e-10,1.311565766808986e-14,1.6018994016931595e-09,0.1828077744040876,0.0031224524123623,0.0247513266697066,7.888367919353724e-07,7.028007798920905e-10,2.1033387257602107e-10,1.5771335884315908e-10,1.6827377335521638e-07,4.144771865913129e-07,6.537837834953147e-07,0.9961092248969574,0.9887053270738918,0.7705946207234852,1e-07,1e-07,3.982801711026616,53.81665019011407,401.39273088082473,411.83206977186313,10.43933889103839,107.25249890067543,16831.0,31,1,2016,402.879319828963,-1.4865889481382624
87,87,87,291,2016-02-29,408.0187837974684,9.0,1.0,4.0,1.0,1.0,3.0,1.0,32.135254430379746,7.49953253164557,0.0,0.0,381.6750076202532,9442.77897267944,62.73337835871487,0.0,0.0,25924.36742319111,0.0,0.0,83.14462618,0.0,0.0,1.0,1.0,403.9161078758462,402.30954009967,19.54676570980553,408.0187837974684,0.0485856195545405,9.270575600810304e-07,5.20251736965605e-10,1.0651992731732152e-14,1.4860823300313803e-09,0.1899296052402593,0.0031299416060172,0.024395108907836,7.36999140277022e-07,6.254360224274255e-10,1.9173779710805767e-10,1.3729209968021864e-10,1.544705889949414e-07,3.912267112116003e-07,6.210570377537033e-07,0.9960225498174772,0.989944767368058,0.7724969804322154,1e-07,1e-07,3.593308101265823,53.49383316455696,402.30954009967,388.7408868354431,-13.568653264226946,96.67753264132062,16860.0,60,2,2016,404.3074728385981,-1.997932738928057
88,88,88,292,2016-03-31,408.7466236842105,9.0,1.0,4.0,1.0,1.0,3.0,1.0,33.42362105263158,7.646347807017545,0.0,0.0,396.9771220451128,9821.35886773079,65.24848496705265,0.0,0.0,26963.72716323588,0.0,0.0,83.14462618,0.0,0.0,1.0,1.0,404.601939269492,402.9958216683791,19.324553305467163,408.7466236842105,0.0479520840410222,9.443513428387554e-07,5.392814274440082e-10,1.1034174239060728e-14,1.5206090787539895e-09,0.1936641257321115,0.0031952402035326,0.0246776262898445,7.561977184776323e-07,6.41504142682695e-10,1.949396064106228e-10,1.3778691003745643e-10,1.566690708867542e-07,4.087751819528849e-07,6.47079853514976e-07,0.9960303790883164,0.9898600208625774,0.7752046832292386,1e-07,1e-07,3.2727351754385965,52.3885701754386,402.9958216683791,307.90815,-95.08767166837904,67.47244360776332,16891.0,91,3,2016,404.3828719572428,-1.3870502888636906
89,89,89,295,2016-06-30,405.3735240963856,9.0,1.0,4.0,1.0,1.0,3.0,1.0,34.47080722891567,13.00190361445783,0.0,0.0,409.4147018588641,10129.069131152504,67.29276710432866,0.0,0.0,27808.52020053048,0.0,0.0,83.14462618,0.0,0.0,1.0,1.0,399.4982826208403,398.0185135035256,15.903949928148378,405.3735240963856,0.0399578115541459,1.0926327339634834e-06,6.833923494246604e-10,1.9301695582114732e-14,1.80276721595024e-09,0.1576035729043914,0.0029299335782994,0.0248021681227037,8.639264843753928e-07,8.597567623249041e-10,2.502349061870213e-10,2.1543547188309987e-10,1.978478903726844e-07,4.237488020539865e-07,6.631240216971934e-07,0.9962959313351816,0.9855065980561571,0.7580914877427282,1e-07,1e-07,5.995455421686747,56.36321084337349,398.0185135035256,368.5436650602409,-29.47484844328469,132.79733970215068,16982.0,182,6,2016,396.4996259160363,1.5188875874893029
90,90,90,305,2017-04-30,412.4334897810219,9.0,1.0,4.0,1.0,1.0,3.0,1.0,33.67595700729927,9.770063781021898,0.0,0.0,399.97415222669446,9895.506488125371,65.74108685237367,0.0,0.0,27167.293312589365,0.0,0.0,83.14462618,0.0,0.0,1.0,1.0,407.6053992100586,406.0314705402453,18.090959009537595,412.4334897810219,0.0445554997495941,1.001110748204378e-06,5.90419922646746e-10,1.3775667706511267e-14,1.625003621726911e-09,0.1774893253278855,0.0030769088990886,0.0247270443777136,7.976335749816763e-07,7.255883778988369e-10,2.1551982964803252e-10,1.6495398497697378e-10,1.7231483534859e-07,4.121428625762301e-07,6.497412920927344e-07,0.9961385999131224,0.9882936679067228,0.7680088412093191,1e-07,1e-07,2.9708596788321167,51.561151751824816,406.0314705402453,193.65819635036496,-212.3732741898804,27.891755914670888,17286.0,120,4,2017,405.190381394599,0.8410891456463219
91,91,91,306,2017-05-31,412.2268623901582,9.0,1.0,4.0,1.0,1.0,3.0,1.0,34.512970281195074,9.77209072056239,0.0,0.0,409.9154784540799,10141.45852686588,67.37507641720912,0.0,0.0,27842.534260115503,0.0,0.0,83.14462618,0.0,0.0,1.0,1.0,407.34362156318286,405.7695092433424,18.08450249582996,412.22686239015815,0.0445575886887055,1.0090157812970703e-06,6.043775715735043e-10,1.435781876744896e-14,1.6448553478885495e-09,0.1823564014051601,0.0031302683922417,0.0248322181687995,8.048831580602532e-07,7.241970076570264e-10,2.1744706455666688e-10,1.677165953155007e-10,1.7324036966274634e-07,4.243161706549092e-07,6.677487720239079e-07,0.9961360592506732,0.9881517258207128,0.7705353678901395,1e-07,1e-07,4.206086824253076,54.27792666080843,405.7695092433424,332.08048418277684,-73.68902506056561,141.82782870484564,17317.0,151,5,2017,402.44952082442353,3.3199884189188538
92,92,92,307,2017-06-30,408.3992146198831,9.0,1.0,4.0,1.0,1.0,3.0,1.0,33.91518105263158,16.703674912280704,0.0,0.0,402.8154503879699,9965.801241506497,66.20809210297304,0.0,0.0,27360.28173473156,0.0,0.0,83.14462618,0.0,0.0,1.0,1.0,400.8720399581742,399.4550736782725,14.318398756894466,408.3992146198831,0.0358404433134053,1.1855464378685384e-06,7.782420464633625e-10,2.7552849488742123e-14,1.9881433976598068e-09,0.1342945211504801,0.0027019063507388,0.024586694241112,9.249419124954649e-07,1.0574333494951191e-09,2.928350449310998e-10,2.940524841284551e-10,2.290301948494014e-07,4.146470071657846e-07,6.443670614360565e-07,0.9964654635499742,0.9815657849594788,0.7427939924221271,1e-07,1e-07,2.898323479532164,51.57139988304094,399.4550736782725,409.7609649122807,10.305891234008122,31.16624710804185,17347.0,181,6,2017,398.67293927845753,0.7821343998149928
93,93,93,309,2017-08-31,397.0408074812967,9.0,1.0,4.0,1.0,1.0,3.0,1.0,34.61844139650873,17.420972568578556,0.0,0.0,411.1681739579623,10172.45067077644,67.5809736319712,0.0,0.0,27927.62062381144,0.0,0.0,83.14462618,0.0,0.0,1.0,1.0,389.38513629414985,388.02118852836696,13.564074679716049,397.0408074812967,0.0349563513480187,1.212092911310114e-06,8.128305609275165e-10,2.9830572808915727e-14,2.046284093067664e-09,0.1324053034880595,0.0027002960528153,0.0246725539255485,9.456712815740836e-07,1.091262082170272e-09,3.0283861862698065e-10,3.1065868247350377e-10,2.357321479708472e-07,4.250624976040017e-07,6.586285400678407e-07,0.9964972080858236,0.980718469481012,0.7416827180599233,1e-07,1e-07,4.44357867830424,54.9058144638404,388.02118852836696,403.4359476309227,15.414759102555683,193.52349503326587,17409.0,243,8,2017,388.55912141209535,-0.5379328837283879
94,94,94,317,2018-04-30,415.1283637681159,9.0,1.0,4.0,1.0,1.0,3.0,1.0,32.78652173913044,7.104153623188406,0.0,0.0,389.41020248447205,9634.150516414618,64.00476080819983,0.0,0.0,26449.762143165823,0.0,0.0,83.14462618,0.0,0.0,1.0,1.0,411.07140611182,409.4280003765687,20.074429925958984,415.1283637681159,0.0490303822389249,9.258459306374008e-07,5.191829594724085e-10,1.0320763655158564e-14,1.484288779118231e-09,0.1950547138776963,0.0031923389675994,0.0245945998231839,7.420423615093723e-07,6.305874028915885e-10,1.8944669588336488e-10,1.320095781269668e-10,1.5273303782211972e-07,3.991721137808896e-07,6.330854239294901e-07,0.9960021415574613,0.990227221596178,0.7750841756870701,1e-07,1e-07,3.0192010579710145,51.56816101449275,409.4280003765687,279.7397217391304,-129.68827863743826,27.53279452295976,17651.0,120,4,2018,407.34497080888445,2.083029567684264
95,95,95,318,2018-05-31,415.0511682926829,9.0,1.0,4.0,1.0,1.0,3.0,1.0,34.43382113821138,10.224839837398374,0.0,0.0,408.9754127758421,10118.200958929358,67.2205640842098,0.0,0.0,27778.682534018688,0.0,0.0,83.14462618,0.0,0.0,1.0,1.0,410.033697124629,408.4594774708537,17.862844403271872,415.05116829268286,0.0437302559539006,1.0195238626319877e-06,6.122186835656512e-10,1.4658100884185597e-14,1.6626631751546992e-09,0.1774074844031844,0.0030934197207495,0.0248322491931018,8.124468679920699e-07,7.380956510733002e-10,2.2103220087432126e-10,1.7136048433244943e-10,1.7611116954341884e-07,4.232961987667356e-07,6.658862691499126e-07,0.9961608362515466,0.9879106001812868,0.7685794968948004,1e-07,1e-07,2.628318130081301,51.653918373983736,408.4594774708537,252.79917398373985,-155.6603034871139,49.76038961908985,17682.0,151,5,2018,404.6145710798608,3.8449063909928896
96,96,96,319,2018-06-30,409.6827,9.0,1.0,4.0,1.0,1.0,3.0,1.0,32.62814,16.08129,0.0,0.0,387.5290799428572,9587.610858259512,63.695573227702965,0.0,0.0,26321.991367078248,0.0,0.0,83.14462618,0.0,0.0,1.0,1.0,402.4299579260609,400.9964878553883,14.734575029635293,409.6827,0.03674489796267,1.1551209710794332e-06,7.363151870599566e-10,2.5304378425194227e-14,1.9205926352171148e-09,0.1341584265880173,0.0026689324704772,0.0243922756749124,8.98859164164901e-07,1.0309315335300911e-09,2.8307909079876236e-10,2.8050548181464486e-10,2.227903654392689e-07,3.9568292064802294e-07,6.174464994941336e-07,0.9964379638184492,0.9822966845465062,0.7422106046419288,1e-07,1e-07,6.179926,53.61317,400.9964878553883,380.8526,-20.1438878553883,22.504706518513625,17712.0,181,6,2018,400.84619386397264,0.15029399141565136
97,97,97,320,2018-07-31,406.2415835443038,9.0,1.0,4.0,1.0,1.0,3.0,1.0,32.41335443037975,18.23742025316456,0.0,0.0,384.9780410488247,9524.497225073908,63.27627595921015,0.0,0.0,26148.71811554392,0.0,0.0,83.14462618,0.0,0.0,1.0,1.0,397.9867563862066,396.6068295618536,13.706330544657254,406.2415835443038,0.0345563820369702,1.2095718444432824e-06,7.949678215833754e-10,3.103700088029968e-14,2.033113609095045e-09,0.1230632891564882,0.0025528429846753,0.0242431305067155,9.331288610456756e-07,1.1552213142634919e-09,3.0951922561138785e-10,3.3548372940926233e-10,2.418031138703171e-07,3.91679223432541e-07,6.084437345321742e-07,0.9965328528607196,0.9796775203086032,0.7340306794969026,9.999999999999998e-08,9.999999999999998e-08,2.864457196202532,51.61723212025316,396.6068295618536,421.8481066455696,25.241277083716,36.75581425593686,17743.0,212,7,2018,396.06896552280654,0.537864039047065
98,98,98,321,2018-08-31,400.0459956946455,9.0,1.0,4.0,1.0,1.0,3.0,1.0,33.81011551155115,18.570177604920406,0.0,0.0,401.5675719471947,9934.928273495094,66.00298663678355,0.0,0.0,27275.522558594144,0.0,0.0,83.14462618,0.0,0.0,1.0,1.0,391.3841355137809,390.0498738427312,12.877271685950353,400.0459956946455,0.0330132149748509,1.261977596159432e-06,8.654190427653583e-10,3.622699429731548e-14,2.150543944251144e-09,0.120039778233634,0.0025554140675158,0.0244168015496274,9.744791117965831e-07,1.2336879147438516e-09,3.3000453346714e-10,3.731443732206721e-10,2.5531340243439066e-07,4.119077853938444e-07,6.357837387275477e-07,0.996547042503158,0.9778535452491396,0.7318607622319713,1e-07,1e-07,3.9897810408827774,53.77054696454414,390.0498738427312,424.7646345513748,56.892617741427244,102.54527418349218,17774.0,243,8,2018,390.7411790863041,-0.6913052435729128
99,99,99,322,2018-09-30,402.3542619005329,9.0,1.0,4.0,1.0,1.0,3.0,1.0,34.54153465346535,16.832838632326823,0.0,0.0,410.2547415841584,10149.85202051087,67.43083883779589,0.0,0.0,27865.577901595032,0.0,0.0,83.14462618,0.0,0.0,1.0,1.0,394.9604165508394,393.5855813945056,13.5642609480349,402.3542619005328,0.0344614422531121,1.224563231630258e-06,8.264432762596303e-10,3.117759238872694e-14,2.072236430804658e-09,0.1296632459337612,0.0026713453284356,0.0246351718045172,9.535517493856966e-07,1.1201759712138962e-09,3.0896060798448744e-10,3.2328663328271823e-10,2.401250911745746e-07,4.237801993394098e-07,6.559905685940037e-07,0.9964707346013856,0.9801146104336969,0.7396533357295283,1e-07,1e-07,4.284711813499112,53.97816305062167,393.5855813945056,404.60465848134993,30.43617825895982,113.72437973256578,17804.0,273,9,2018,391.84444979990394,1.7411315946016543
100,100,100,323,2018-10-31,406.453425041006,9.0,1.0,4.0,1.0,1.0,3.0,1.0,34.62070684931507,15.344075259704756,0.0,0.0,411.1950810645793,10173.11636241332,67.585396173836,0.0,0.0,27929.44822505414,0.0,0.0,83.14462618,0.0,0.0,1.0,1.0,399.0334770182943,397.6224236152728,14.205135487741885,406.453425041006,0.0357246615097322,1.1916146054851774e-06,7.894862528279136e-10,2.7656424702068862e-14,2.0030634405405567e-09,0.1363367847855076,0.0027389448255711,0.0247078028138878,9.32008475988943e-07,1.0467553342340423e-09,2.932072139860991e-10,2.9126523903402966e-10,2.289099320659421e-07,4.253399511905666e-07,6.602470172639652e-07,0.9964034122771712,0.9816495373710874,0.744575389630228,1e-07,1e-07,3.528509028157463,53.03453702022964,397.6224236152728,413.7031222252597,27.839889316234125,81.15777071949704,17835.0,304,10,2018,397.47064328378707,0.15178033148572467
101,101,101,324,2018-11-30,410.55356604402937,9.0,1.0,4.0,1.0,1.0,3.0,1.0,34.799387351778655,12.666441894596398,0.0,0.0,413.31729491812536,10225.62070760674,67.93421032717211,0.0,0.0,28073.594555286625,0.0,0.0,83.14462618,0.0,0.0,1.0,1.0,405.8590107554659,404.3426957309924,16.473335545503456,410.55356604402937,0.0407408956785689,1.0779664171565109e-06,6.709360176701366e-10,1.815626434102061e-14,1.775617551936473e-09,0.1632487130231321,0.0029863048205045,0.0248654760613639,8.547140544903678e-07,8.248614110715751e-10,2.4332129529008735e-10,2.0338305640315326e-10,1.925685937418373e-07,4.28753159002828e-07,6.714715553046361e-07,0.9962797950402204,0.9861307278934148,0.7615299430680542,1e-07,1e-07,3.9330332728485655,53.2764940293529,404.3426957309924,391.2223249499666,-9.068258774470673,64.22234134381925,17865.0,334,11,2018,402.3367080294207,2.005987701571655
102,102,102,325,2018-12-31,413.105043220339,9.0,1.0,4.0,1.0,1.0,3.0,1.0,34.29915254237288,9.322501694915257,0.0,0.0,407.3759346246974,10078.629285774596,66.95766851591497,0.0,0.0,27670.041783516896,0.0,0.0,83.14462618,0.0,0.0,1.0,1.0,408.41397772120297,406.82773943547016,18.333652046241976,413.105043220339,0.0450645242917979,9.952043885887447e-07,5.886914103559501e-10,1.3288790908273246e-14,1.616406936936123e-09,0.183453149789745,0.0031400560912925,0.0248233779264579,7.951420466506059e-07,7.023305098126025e-10,2.1181313229286357e-10,1.5823560254348002e-10,1.6923122658713424e-07,4.212808483561096e-07,6.638567777882461e-07,0.996116114321664,0.9886442527591834,0.7715084559187007,1e-07,1e-07,2.9626882627118643,51.56688076271186,406.82773943547016,394.34080508474574,-12.486934350724406,28.69948013199257,17896.0,365,12,2018,406.43363352333057,0.3941059121395938
103,103,103,326,2019-01-31,415.3285824742268,9.0,1.0,4.0,1.0,1.0,3.0,1.0,33.47477663230241,6.468240549828179,0.0,0.0,397.58470417280313,9836.39067129399,65.3483491937885,0.0,0.0,27004.995734673703,0.0,0.0,83.14462618,0.0,0.0,1.0,1.0,411.4379881710632,409.77916724944447,20.47984660171899,415.3285824742268,0.0499767316906725,9.160577796871686e-07,5.150946222006206e-10,9.810261582658808e-15,1.469637498322448e-09,0.2038859631742373,0.0032754179445089,0.0246885647937658,7.366442850400146e-07,6.036910863589732e-10,1.8462248476034312e-10,1.2477990166101483e-10,1.4870231965140708e-07,4.090921490023386e-07,6.484345358120685e-07,0.995968265444646,0.9906324970251216,0.7795370738862205,1e-07,1e-07,2.899132817869416,51.62660240549828,409.77916724944447,394.5199020618557,-15.259265187588817,36.57000222145333,17927.0,31,1,2019,409.310767209451,0.4684000399934689
104,104,104,327,2019-02-28,416.0044377104377,9.0,1.0,4.0,1.0,1.0,3.0,1.0,34.45649632996633,7.430624158249159,0.0,0.0,409.2447292676287,10124.86394721747,67.26482984183127,0.0,0.0,27796.975216397168,0.0,0.0,83.14462618,0.0,0.0,1.0,1.0,411.8490572617886,410.2095266232009,19.697891501130847,416.0044377104377,0.0480189558002348,9.482544446008364e-07,5.476507019717755e-10,1.0958975266683444e-14,1.5308715153910115e-09,0.2000417516685341,0.0032709219861096,0.0248396270564441,7.618932980524433e-07,6.293763004822526e-10,1.9408424548205628e-10,1.3451163213931368e-10,1.5564518066616312e-07,4.234292010289613e-07,6.690149831684034e-07,0.9960191028199494,0.990011256274036,0.7791419430113403,1e-07,1e-07,2.8098581144781147,51.60809464646465,410.2095266232009,398.64298787878784,-11.566538744413002,37.93050345603305,17955.0,59,2,2019,410.70059321469347,-0.4910665914925971
105,105,105,328,2019-03-31,416.5611859675037,9.0,1.0,4.0,1.0,1.0,3.0,1.0,34.461890694239294,9.052528803545052,0.0,0.0,409.3087989027221,10126.449053370528,67.27536054093227,0.0,0.0,27801.32699402911,0.0,0.0,83.14462618,0.0,0.0,1.0,1.0,411.91743640050623,410.3119925052689,18.63945425804817,416.5611859675037,0.0454274944864604,9.896247633616002e-07,5.845421822201112e-10,1.294985805883546e-14,1.6066810831402962e-09,0.1863205208820815,0.0031664048860955,0.0248470899198063,7.915389656387476e-07,6.899236227777348e-10,2.0933469172935166e-10,1.5444659285384705e-10,1.6728279133402274e-07,4.236804142219641e-07,6.677538001710512e-07,0.996102511226314,0.988852180125505,0.7730310246190367,9.999999999999998e-08,9.999999999999998e-08,2.661795134416544,51.64556169867061,410.3119925052689,279.3220748892171,-130.98991761605168,47.64196574020515,17986.0,90,3,2019,410.81257988408447,-0.5005873788155668
106,106,106,329,2019-04-30,416.83395256410256,9.0,1.0,4.0,1.0,1.0,3.0,1.0,33.60694871794872,10.355871794871796,0.0,0.0,399.1545309157509,9875.22875778931,65.60637115764983,0.0,0.0,27111.622483772822,0.0,0.0,83.14462618,0.0,0.0,1.0,1.0,411.7593188033407,410.18136374618337,17.932822124658426,416.83395256410256,0.0437191755371993,1.0155109830780808e-06,6.03405546646509e-10,1.4606801953453195e-14,1.651736171678019e-09,0.1728511541547252,0.0030373598398272,0.0247106810548277,8.075215623005434e-07,7.4985925439901e-10,2.2128067644533286e-10,1.7337752019183742e-10,1.766907614454997e-07,4.11158267852656e-07,6.476387674924082e-07,0.9961677760436458,0.9878257619756654,0.765636176332122,1e-07,1e-07,2.7896373666666663,51.61510330769231,410.18136374618337,162.78858461538462,-247.3927791307988,39.383282128375775,18016.0,120,4,2019,409.49946957604374,0.6818941701396284
107,107,107,330,2019-05-31,416.2191415652174,9.0,1.0,4.0,1.0,1.0,3.0,1.0,33.19004057971014,11.430310724637682,0.0,0.0,394.20285339958593,9752.722449030278,64.79249691141942,0.0,0.0,26775.29156158173,0.0,0.0,83.14462618,0.0,0.0,1.0,1.0,410.7734875368191,409.2209271796237,17.31990142744228,416.2191415652174,0.0423231436037916,1.0392064524210135e-06,6.234181728514304e-10,1.6188044071296432e-14,1.695129599345038e-09,0.1638323150545043,0.0029509732635309,0.0246266092642951,8.22563289372579e-07,7.982945434945816e-10,2.3179818564139776e-10,1.9035467009103783e-10,1.847677578703143e-07,4.0504080590046425e-07,6.373381131303548e-07,0.9962204290524448,0.9869160023944272,0.7605382975366594,1e-07,1e-07,3.183929180289855,51.75587954782608,409.2209271796237,174.25838585507248,-234.96254132455127,29.2852768190792,18047.0,151,5,2019,406.7795441519889,2.4413830276347994
108,108,108,331,2019-06-30,412.0159861111112,9.0,1.0,4.0,1.0,1.0,3.0,1.0,33.97031777777778,13.532376388888888,0.0,0.0,403.4703171492063,9982.002884159145,66.31572818992392,0.0,0.0,27404.76200247919,0.0,0.0,83.14462618,0.0,0.0,1.0,1.0,405.8310880648724,404.3379878030639,15.937092625412951,412.0159861111111,0.0394151582276859,1.101809336285872e-06,6.89457902641488e-10,2.0189572470349588e-14,1.8188313137452367e-09,0.152611002359981,0.0028736037654199,0.0247093213147264,8.68536041351486e-07,8.901882593223495e-10,2.554979043413906e-10,2.258483573412656e-10,2.019780315386385e-07,4.162003897550571e-07,6.512029898484103e-07,0.9963208877329498,0.9849886918894692,0.7547959188720953,1e-07,1e-07,4.240841333333333,54.77108472222223,404.3379878030639,419.1165333333333,14.778545530269504,185.84199035494208,18077.0,181,6,2019,403.019389502333,1.3185983007309119
109,109,109,332,2019-07-31,403.988354961832,9.0,1.0,4.0,1.0,1.0,3.0,1.0,34.239386503067486,18.1542852185982,0.0,0.0,406.6660848378616,10061.06734300374,66.84099523533243,0.0,0.0,27621.82692448291,0.0,0.0,83.14462618,0.0,0.0,1.0,1.0,397.1948256788418,395.8203979163165,13.480054602351618,403.988354961832,0.0340529682455717,1.234371298794797e-06,8.355795579519e-10,3.2473682430399246e-14,2.0919231874426436e-09,0.1264930228189996,0.0026328704791403,0.0245625946763253,9.588058764206645e-07,1.1531392097194487e-09,3.146691413653083e-10,3.366018225496288e-10,2.443390423692014e-07,4.189525736276584e-07,6.480695757181087e-07,0.9965293651364489,0.9795042395678988,0.7371793374453378,1.0000000000000001e-07,1.0000000000000001e-07,3.281701238723109,52.86651096460792,395.8203979163165,422.31536155447606,31.424676930309296,93.4418202309682,18108.0,212,7,2019,398.24809567097265,-2.427697754656151
111,111,111,334,2019-09-30,403.95355886075953,9.0,1.0,4.0,1.0,1.0,3.0,1.0,35.024706577181206,16.746754797468355,0.0,0.0,415.9934435466923,10291.829601280851,68.37407104927388,0.0,0.0,28255.36558807865,0.0,0.0,83.14462618,0.0,0.0,1.0,1.0,396.05833342195103,394.67864145345584,13.587960171041177,403.95355886075953,0.0344278023360469,1.227938255606993e-06,8.33738853420436e-10,3.1201262400661995e-14,2.0812066220596275e-09,0.1311548564128198,0.002697796200424,0.0247208252546261,9.580056562733157e-07,1.110644521036569e-09,3.0884773941811865e-10,3.2047523535896287e-10,2.39747857378933e-07,4.31177147850101e-07,6.669937922093201e-07,0.9964672570695908,0.980212392148469,0.7409246478878546,1e-07,1e-07,3.809598574683545,53.943325367088605,394.67864145345584,428.895397721519,44.4486350566113,125.12671640701627,18169.0,273,9,2019,393.93551782623126,0.7431236272245769
